Product,Price_Per_Unit,Region,Units_Sold,Total_Sales,Year,Month,Day,Retailer,Operating_Profit,City
Men's Street Footwear,50,Northeast,1200,60000,2020,1,1,Foot Locker,30000,New York
Men's Athletic Footwear,50,Northeast,1000,50000,2020,1,2,Foot Locker,15000,New York
Women's Street Footwear,40,Northeast,1000,40000,2020,1,3,Foot Locker,14000,New York
Women's Athletic Footwear,45,Northeast,850,38250,2020,1,4,Foot Locker,13388,New York
Men's Apparel,60,Northeast,900,54000,2020,1,5,Foot Locker,16200,New York
Women's Apparel,50,Northeast,1000,50000,2020,1,6,Foot Locker,12500,New York
Men's Street Footwear,50,Northeast,1250,62500,2020,1,7,Foot Locker,31250,New York
Men's Athletic Footwear,50,Northeast,900,45000,2020,1,8,Foot Locker,13500,New York
Women's Street Footwear,40,Northeast,950,38000,2020,1,21,Foot Locker,13300,New York
Women's Athletic Footwear,45,Northeast,825,37125,2020,1,22,Foot Locker,12994,New York
Men's Apparel,60,Northeast,900,54000,2020,1,23,Foot Locker,16200,New York
Women's Apparel,50,Northeast,1000,50000,2020,1,24,Foot Locker,12500,New York
Men's Street Footwear,50,Northeast,1220,61000,2020,1,25,Foot Locker,30500,New York
Men's Athletic Footwear,50,Northeast,925,46250,2020,1,26,Foot Locker,13875,New York
Women's Street Footwear,40,Northeast,950,38000,2020,1,27,Foot Locker,13300,New York
Women's Athletic Footwear,45,Northeast,800,36000,2020,1,28,Foot Locker,12600,New York
Men's Apparel,60,Northeast,850,51000,2020,1,29,Foot Locker,15300,New York
Women's Apparel,50,Northeast,950,47500,2020,1,30,Foot Locker,11875,New York
Men's Street Footwear,50,Northeast,1200,60000,2020,1,31,Foot Locker,30000,New York
Men's Athletic Footwear,50,Northeast,900,45000,2020,2,1,Foot Locker,13500,New York
Women's Street Footwear,40,Northeast,900,36000,2020,2,2,Foot Locker,12600,New York
Women's Athletic Footwear,45,Northeast,825,37125,2020,2,3,Foot Locker,12994,New York
Men's Apparel,60,Northeast,825,49500,2020,2,4,Foot Locker,14850,New York
Women's Apparel,50,Northeast,950,47500,2020,2,5,Foot Locker,11875,New York
Men's Street Footwear,60,Northeast,1220,73200,2020,2,6,Foot Locker,36600,New York
Men's Athletic Footwear,55,Northeast,925,50875,2020,2,7,Foot Locker,15263,New York
Women's Street Footwear,50,Northeast,900,45000,2020,2,8,Foot Locker,15750,New York
Women's Athletic Footwear,50,Northeast,850,42500,2020,2,9,Foot Locker,14875,New York
Men's Apparel,60,Northeast,875,52500,2020,2,10,Foot Locker,15750,New York
Women's Apparel,65,Northeast,1000,65000,2020,3,3,Foot Locker,16250,New York
Men's Street Footwear,60,Northeast,1250,75000,2020,3,4,Foot Locker,37500,New York
Men's Athletic Footwear,55,Northeast,1000,55000,2020,3,5,Foot Locker,16500,New York
Women's Street Footwear,50,Northeast,925,46250,2020,3,6,Foot Locker,16188,New York
Women's Athletic Footwear,50,Northeast,900,45000,2020,3,7,Foot Locker,15750,New York
Men's Apparel,60,Northeast,900,54000,2020,3,8,Foot Locker,16200,New York
Women's Apparel,65,Northeast,1050,68250,2020,3,9,Foot Locker,17063,New York
Men's Street Footwear,60,Northeast,1275,76500,2020,3,10,Foot Locker,38250,New York
Men's Athletic Footwear,55,Northeast,1025,56375,2020,3,11,Foot Locker,16913,New York
Women's Street Footwear,50,Northeast,950,47500,2020,3,12,Foot Locker,16625,New York
Women's Athletic Footwear,50,Northeast,900,45000,2020,3,13,Foot Locker,15750,New York
Men's Apparel,60,Northeast,925,55500,2020,3,14,Foot Locker,16650,New York
Women's Apparel,65,Northeast,1100,71500,2020,3,15,Foot Locker,17875,New York
Men's Street Footwear,60,Northeast,1250,75000,2020,3,16,Foot Locker,37500,New York
Men's Athletic Footwear,55,Northeast,1025,56375,2020,3,17,Foot Locker,16913,New York
Women's Street Footwear,50,Northeast,950,47500,2020,3,18,Foot Locker,16625,New York
Women's Athletic Footwear,50,Northeast,925,46250,2020,3,31,Foot Locker,16188,New York
Men's Apparel,60,Northeast,900,54000,2020,4,17,Walmart,16200,New York
Women's Apparel,65,Northeast,1075,69875,2020,4,18,Walmart,17469,New York
Men's Street Footwear,60,Northeast,1200,72000,2020,4,19,Walmart,36000,New York
Men's Athletic Footwear,55,Northeast,1000,55000,2020,4,20,Walmart,16500,New York
Women's Street Footwear,50,Northeast,925,46250,2020,4,21,Walmart,16188,New York
Women's Athletic Footwear,50,Northeast,900,45000,2020,4,22,Walmart,15750,New York
Men's Apparel,60,Northeast,900,54000,2020,4,23,Walmart,16200,New York
Women's Apparel,65,Northeast,1000,65000,2020,4,24,Walmart,16250,New York
Men's Apparel,65,Northeast,875,56875,2020,4,25,Walmart,17063,New York
Women's Apparel,70,Northeast,1000,70000,2020,4,26,Walmart,17500,New York
Men's Street Footwear,65,Northeast,1150,74750,2020,4,27,Walmart,37375,New York
Men's Athletic Footwear,55,Northeast,975,53625,2020,4,28,Walmart,16088,New York
Women's Street Footwear,55,Northeast,920,50600,2020,4,29,Walmart,17710,New York
Women's Athletic Footwear,55,Northeast,900,49500,2020,4,30,Walmart,17325,New York
Men's Apparel,65,Northeast,875,56875,2020,5,1,Walmart,17063,New York
Women's Apparel,70,Northeast,975,68250,2020,5,2,Walmart,17063,New York
Men's Street Footwear,65,Northeast,1200,78000,2020,5,3,Walmart,39000,New York
Men's Athletic Footwear,55,Northeast,1000,55000,2020,5,4,Walmart,16500,New York
Women's Street Footwear,55,Northeast,950,52250,2020,5,5,Walmart,18288,New York
Women's Athletic Footwear,55,Northeast,900,49500,2020,5,6,Walmart,17325,New York
Men's Apparel,65,Northeast,900,58500,2020,5,7,Walmart,17550,New York
Women's Apparel,70,Northeast,1000,70000,2020,7,18,Walmart,17500,New York
Men's Street Footwear,25,Northeast,900,22500,2020,7,19,Sports Direct,7875,New York
Men's Athletic Footwear,35,Northeast,900,31500,2020,7,20,Sports Direct,11025,New York
Women's Street Footwear,35,Northeast,700,24500,2020,7,21,Sports Direct,8575,New York
Women's Athletic Footwear,35,Northeast,700,24500,2020,7,22,Sports Direct,11025,New York
Men's Apparel,40,South,550,22000,2020,7,23,Sports Direct,6600,Houston
Women's Apparel,35,South,700,24500,2020,7,24,Sports Direct,12250,Houston
Men's Street Footwear,25,South,850,21250,2020,7,25,Sports Direct,7438,Houston
Men's Athletic Footwear,35,South,850,29750,2020,7,26,Sports Direct,10413,Houston
Women's Street Footwear,35,West,675,23625,2020,7,27,Sports Direct,8269,Houston
Women's Athletic Footwear,35,South,625,21875,2020,7,28,Sports Direct,9844,Houston
Men's Apparel,40,South,500,20000,2020,7,29,Sports Direct,6000,Houston
Women's Apparel,35,South,700,24500,2020,7,30,Sports Direct,12250,Houston
Men's Street Footwear,30,South,875,26250,2020,7,31,Sports Direct,9188,Houston
Men's Athletic Footwear,40,West,875,35000,2020,8,1,Sports Direct,12250,Houston
Women's Street Footwear,35,South,700,24500,2020,8,2,Sports Direct,8575,Houston
Women's Athletic Footwear,40,South,600,24000,2020,8,3,Sports Direct,10800,Houston
Men's Apparel,45,South,500,22500,2020,8,4,Sports Direct,6750,Houston
Women's Apparel,40,South,650,26000,2020,8,5,Sports Direct,13000,Houston
Men's Street Footwear,30,South,900,27000,2020,8,6,Sports Direct,9450,Houston
Men's Athletic Footwear,40,South,900,36000,2020,8,7,Sports Direct,12600,Houston
Women's Street Footwear,35,South,725,25375,2020,8,8,Sports Direct,8881,Houston
Women's Athletic Footwear,40,South,625,25000,2020,8,9,Sports Direct,11250,Houston
Men's Apparel,45,South,525,23625,2020,8,10,Walmart,7088,Houston
Women's Apparel,40,South,800,32000,2020,8,11,Walmart,16000,Houston
Men's Street Footwear,30,South,925,27750,2020,8,12,Walmart,9713,Houston
Men's Athletic Footwear,40,South,925,37000,2020,8,13,Walmart,12950,Houston
Women's Street Footwear,35,South,775,27125,2020,8,14,Walmart,9494,Houston
Women's Athletic Footwear,40,South,700,28000,2020,8,15,Walmart,12600,Houston
Men's Apparel,45,South,600,27000,2020,8,16,Walmart,8100,Houston
Women's Apparel,40,South,950,38000,2020,8,17,Walmart,19000,Houston
Men's Street Footwear,40,South,950,38000,2020,8,18,Walmart,13300,Houston
Men's Athletic Footwear,45,South,950,42750,2020,8,19,Walmart,14963,Houston
Women's Street Footwear,40,South,800,32000,2020,8,20,Walmart,11200,Houston
Women's Athletic Footwear,40,South,750,30000,2020,8,21,Walmart,13500,Houston
Men's Apparel,45,South,650,29250,2020,8,22,Walmart,8775,Houston
Women's Apparel,50,South,1000,50000,2020,8,23,Walmart,25000,Houston
Men's Street Footwear,40,South,950,38000,2020,8,24,Walmart,13300,Houston
Men's Athletic Footwear,45,South,950,42750,2020,8,25,Walmart,14963,Houston
Women's Street Footwear,40,South,1100,44000,2020,8,26,Walmart,15400,Houston
Women's Athletic Footwear,40,South,700,28000,2020,8,27,Walmart,12600,Houston
Men's Apparel,45,South,700,31500,2020,8,28,Walmart,9450,Houston
Women's Apparel,50,South,975,48750,2020,8,29,Walmart,24375,Houston
Men's Street Footwear,40,South,925,37000,2020,8,30,Walmart,12950,Houston
Men's Athletic Footwear,45,South,925,41625,2020,8,31,Walmart,14569,Houston
Women's Street Footwear,40,South,1100,44000,2020,9,1,Walmart,15400,Houston
Women's Athletic Footwear,40,South,650,26000,2020,9,2,Walmart,11700,Houston
Men's Apparel,45,South,650,29250,2020,9,3,Walmart,8775,Houston
Women's Apparel,50,South,900,45000,2020,9,4,Walmart,22500,Houston
Men's Street Footwear,45,South,850,38250,2020,9,5,Walmart,13388,Houston
Men's Athletic Footwear,45,South,850,38250,2020,9,6,Walmart,13388,Houston
Women's Street Footwear,50,South,900,45000,2020,9,7,Walmart,15750,Houston
Women's Athletic Footwear,50,South,625,31250,2020,9,8,Walmart,14063,Houston
Men's Apparel,45,South,625,28125,2020,9,9,Walmart,8438,Houston
Women's Apparel,55,South,850,46750,2020,9,10,Walmart,23375,Houston
Men's Street Footwear,45,South,800,36000,2020,9,11,Walmart,12600,Houston
Men's Athletic Footwear,45,South,800,36000,2020,9,12,Walmart,12600,Houston
Women's Street Footwear,50,South,750,37500,2020,9,13,Walmart,13125,Houston
Women's Athletic Footwear,50,South,600,30000,2020,9,14,Walmart,13500,Houston
Men's Apparel,45,South,575,25875,2020,9,15,Walmart,7763,Houston
Women's Apparel,55,South,750,41250,2020,9,16,Walmart,20625,Houston
Men's Street Footwear,45,South,900,40500,2020,10,20,Walmart,14175,Houston
Men's Athletic Footwear,45,South,900,40500,2020,10,21,Walmart,14175,Houston
Women's Street Footwear,50,South,825,41250,2020,10,22,Walmart,14438,Houston
Women's Athletic Footwear,50,South,675,33750,2020,10,23,Walmart,15188,Houston
Men's Apparel,45,South,650,29250,2020,10,24,Walmart,8775,Houston
Women's Apparel,55,South,850,46750,2020,10,25,Walmart,23375,Houston
Men's Street Footwear,45,South,950,42750,2020,10,26,Walmart,14963,Houston
Men's Athletic Footwear,45,South,950,42750,2020,10,27,Walmart,14963,Houston
Women's Street Footwear,50,South,850,42500,2020,10,28,Walmart,14875,Houston
Women's Athletic Footwear,50,South,700,35000,2020,10,29,Walmart,15750,Houston
Men's Apparel,45,South,650,29250,2020,10,30,Walmart,8775,Houston
Women's Apparel,55,South,900,49500,2020,10,31,Walmart,24750,Houston
Men's Street Footwear,40,South,775,31000,2020,11,1,West Gear,10850,Houston
Men's Athletic Footwear,50,South,775,38750,2020,11,2,West Gear,7750,Houston
Women's Street Footwear,50,South,775,38750,2020,11,3,West Gear,13563,Houston
Women's Athletic Footwear,50,South,625,31250,2020,11,4,West Gear,9375,Houston
Men's Apparel,55,West,575,31625,2020,11,5,West Gear,15813,San Francisco
Women's Apparel,50,West,775,38750,2020,11,6,West Gear,5813,San Francisco
Men's Street Footwear,40,West,825,33000,2020,11,7,West Gear,11550,San Francisco
Men's Athletic Footwear,50,West,725,36250,2020,11,8,West Gear,7250,San Francisco
Women's Street Footwear,50,West,725,36250,2020,11,9,West Gear,12688,San Francisco
Women's Athletic Footwear,50,West,575,28750,2020,11,10,West Gear,8625,San Francisco
Men's Apparel,55,West,500,27500,2020,11,11,West Gear,13750,San Francisco
Women's Apparel,50,West,700,35000,2020,11,12,West Gear,5250,San Francisco
Men's Street Footwear,50,West,850,42500,2020,11,13,West Gear,14875,San Francisco
Men's Athletic Footwear,60,West,700,42000,2020,11,14,West Gear,8400,San Francisco
Women's Street Footwear,60,West,700,42000,2020,11,15,West Gear,14700,San Francisco
Women's Athletic Footwear,60,West,600,36000,2020,12,22,West Gear,10800,San Francisco
Men's Apparel,65,West,500,32500,2020,12,23,West Gear,16250,San Francisco
Women's Apparel,60,West,700,42000,2020,12,24,West Gear,6300,San Francisco
Men's Street Footwear,60,West,875,52500,2020,12,25,West Gear,18375,San Francisco
Men's Athletic Footwear,65,West,675,43875,2020,12,26,West Gear,8775,San Francisco
Women's Street Footwear,65,West,725,47125,2020,12,27,West Gear,16494,San Francisco
Women's Athletic Footwear,60,West,625,37500,2020,12,28,West Gear,11250,San Francisco
Men's Apparel,65,West,525,34125,2020,12,29,West Gear,17063,San Francisco
Women's Apparel,80,West,700,56000,2020,12,30,West Gear,8400,San Francisco
Men's Street Footwear,60,West,900,54000,2020,12,31,West Gear,21600,San Francisco
Men's Athletic Footwear,65,West,750,48750,2021,1,1,West Gear,12188,San Francisco
Women's Street Footwear,65,West,750,48750,2021,1,2,West Gear,19500,San Francisco
Women's Athletic Footwear,60,West,650,39000,2021,1,3,West Gear,13650,San Francisco
Men's Apparel,65,West,550,35750,2021,1,4,West Gear,19663,San Francisco
Women's Apparel,80,West,725,58000,2021,1,5,West Gear,11600,San Francisco
Men's Street Footwear,60,West,975,58500,2021,1,6,West Gear,23400,San Francisco
Men's Athletic Footwear,65,West,825,53625,2021,1,7,West Gear,13406,San Francisco
Women's Street Footwear,65,West,825,53625,2021,1,8,West Gear,21450,San Francisco
Women's Athletic Footwear,60,West,700,42000,2021,1,9,West Gear,14700,San Francisco
Men's Apparel,65,West,575,37375,2021,1,10,West Gear,20556,San Francisco
Women's Apparel,80,West,875,70000,2021,1,11,West Gear,14000,San Francisco
Men's Street Footwear,60,West,1025,61500,2021,1,12,West Gear,21525,San Francisco
Men's Athletic Footwear,65,West,875,56875,2021,1,13,West Gear,11375,San Francisco
Women's Street Footwear,65,West,825,53625,2021,1,14,West Gear,18769,San Francisco
Women's Athletic Footwear,60,West,725,43500,2021,1,15,West Gear,13050,San Francisco
Men's Apparel,65,West,775,50375,2021,1,16,West Gear,25188,San Francisco
Women's Apparel,80,West,775,62000,2021,1,17,West Gear,9300,San Francisco
Men's Street Footwear,65,West,975,63375,2021,1,18,West Gear,22181,San Francisco
Men's Athletic Footwear,70,West,925,64750,2021,1,19,West Gear,12950,San Francisco
Women's Street Footwear,65,West,800,52000,2021,1,20,West Gear,18200,San Francisco
Women's Athletic Footwear,65,West,750,48750,2021,1,21,West Gear,14625,San Francisco
Men's Apparel,75,West,750,56250,2021,1,22,West Gear,28125,San Francisco
Women's Apparel,80,West,725,58000,2021,1,23,West Gear,8700,San Francisco
Men's Street Footwear,55,West,925,50875,2021,1,24,West Gear,15263,San Francisco
Men's Athletic Footwear,60,West,925,55500,2021,1,25,West Gear,8325,San Francisco
Women's Street Footwear,55,West,775,42625,2021,1,26,West Gear,12788,San Francisco
Women's Athletic Footwear,55,West,725,39875,2021,1,27,West Gear,9969,San Francisco
Men's Apparel,65,West,725,47125,2021,1,28,West Gear,21206,San Francisco
Women's Apparel,70,West,775,54250,2021,1,29,West Gear,5425,San Francisco
Men's Street Footwear,55,West,875,48125,2021,1,30,West Gear,14438,San Francisco
Men's Athletic Footwear,60,West,875,52500,2021,1,31,West Gear,7875,San Francisco
Women's Street Footwear,55,West,700,38500,2021,2,1,West Gear,11550,San Francisco
Women's Athletic Footwear,55,West,675,37125,2021,2,2,West Gear,9281,San Francisco
Men's Apparel,65,West,650,42250,2021,2,3,West Gear,19013,San Francisco
Women's Apparel,70,West,700,49000,2021,2,4,West Gear,4900,San Francisco
Men's Street Footwear,55,West,875,48125,2021,2,5,West Gear,14438,San Francisco
Men's Athletic Footwear,60,West,875,52500,2021,2,6,West Gear,7875,San Francisco
Women's Street Footwear,55,West,725,39875,2021,2,7,West Gear,11963,San Francisco
Women's Athletic Footwear,55,West,700,38500,2021,2,8,West Gear,9625,San Francisco
Men's Apparel,65,West,650,42250,2021,2,9,West Gear,19013,San Francisco
Women's Apparel,70,West,775,54250,2021,2,10,West Gear,5425,San Francisco
Men's Street Footwear,55,West,975,53625,2021,2,11,West Gear,16088,San Francisco
Men's Athletic Footwear,60,West,975,58500,2021,2,12,West Gear,8775,San Francisco
Women's Street Footwear,55,West,775,42625,2021,2,13,West Gear,12788,San Francisco
Women's Athletic Footwear,55,West,775,42625,2021,2,14,West Gear,10656,San Francisco
Men's Apparel,65,West,700,45500,2021,2,15,West Gear,20475,San Francisco
Women's Apparel,70,West,800,56000,2021,2,16,West Gear,5600,San Francisco
Men's Street Footwear,35,West,700,24500,2021,2,17,Kohl'S,9800,San Francisco
Men's Athletic Footwear,45,West,700,31500,2021,2,18,Kohl'S,7875,San Francisco
Women's Street Footwear,45,West,700,31500,2021,3,9,Kohl'S,12600,San Francisco
Women's Athletic Footwear,45,West,550,24750,2021,3,10,Kohl'S,8663,San Francisco
Men's Apparel,50,West,500,25000,2021,3,11,Kohl'S,13750,Los Angeles
Women's Apparel,45,West,700,31500,2021,3,12,Kohl'S,6300,Los Angeles
Men's Street Footwear,35,West,750,26250,2021,3,13,Kohl'S,10500,Los Angeles
Men's Athletic Footwear,45,West,650,29250,2021,3,14,Kohl'S,7313,Los Angeles
Women's Street Footwear,45,West,675,30375,2021,3,15,Kohl'S,12150,Los Angeles
Women's Athletic Footwear,45,West,525,23625,2021,3,16,Kohl'S,8269,Los Angeles
Men's Apparel,50,West,450,22500,2021,3,17,Kohl'S,12375,Los Angeles
Women's Apparel,45,West,650,29250,2021,3,18,Kohl'S,5850,Los Angeles
Men's Street Footwear,35,West,800,28000,2021,3,19,Kohl'S,11200,Los Angeles
Men's Athletic Footwear,45,West,650,29250,2021,3,20,Kohl'S,7313,Los Angeles
Women's Street Footwear,45,West,650,29250,2021,3,21,Kohl'S,11700,Los Angeles
Women's Athletic Footwear,45,West,550,24750,2021,3,22,Kohl'S,8663,Los Angeles
Men's Apparel,50,West,425,21250,2021,3,23,Kohl'S,11688,Los Angeles
Women's Apparel,45,West,625,28125,2021,4,6,Kohl'S,5625,Los Angeles
Men's Street Footwear,45,West,800,36000,2021,4,7,Kohl'S,14400,Los Angeles
Men's Athletic Footwear,50,West,600,30000,2021,4,8,Kohl'S,7500,Los Angeles
Women's Street Footwear,50,West,625,31250,2021,4,9,Kohl'S,12500,Los Angeles
Women's Athletic Footwear,45,West,525,23625,2021,4,10,Kohl'S,8269,Los Angeles
Men's Apparel,50,West,425,21250,2021,4,11,Kohl'S,11688,Los Angeles
Women's Apparel,65,West,600,39000,2021,4,12,Kohl'S,7800,Los Angeles
Men's Street Footwear,45,West,800,36000,2021,4,13,Kohl'S,14400,Los Angeles
Men's Athletic Footwear,50,West,650,32500,2021,4,14,Kohl'S,8125,Los Angeles
Women's Street Footwear,50,West,650,32500,2021,4,15,Kohl'S,13000,Los Angeles
Women's Athletic Footwear,45,West,550,24750,2021,4,16,Kohl'S,8663,Los Angeles
Men's Apparel,50,West,450,22500,2021,4,17,Kohl'S,12375,Los Angeles
Women's Apparel,65,West,625,40625,2021,4,18,Kohl'S,8125,Los Angeles
Men's Street Footwear,45,West,900,40500,2021,4,19,Kohl'S,16200,Los Angeles
Men's Athletic Footwear,50,West,750,37500,2021,4,20,Kohl'S,9375,Los Angeles
Women's Street Footwear,50,West,750,37500,2021,4,21,Kohl'S,15000,Los Angeles
Women's Athletic Footwear,45,West,625,28125,2021,4,22,Kohl'S,9844,Los Angeles
Men's Apparel,50,West,500,25000,2021,4,23,Kohl'S,13750,Los Angeles
Women's Apparel,65,West,800,52000,2021,4,24,Kohl'S,10400,Los Angeles
Men's Street Footwear,45,West,950,42750,2021,4,25,Kohl'S,17100,Los Angeles
Men's Athletic Footwear,50,West,800,40000,2021,4,26,Kohl'S,10000,Los Angeles
Women's Street Footwear,50,West,750,37500,2021,4,27,Kohl'S,15000,Los Angeles
Women's Athletic Footwear,45,West,650,29250,2021,4,28,Kohl'S,10238,Los Angeles
Men's Apparel,50,West,700,35000,2021,4,29,Kohl'S,19250,Los Angeles
Women's Apparel,65,West,700,45500,2021,4,30,Kohl'S,9100,Los Angeles
Men's Street Footwear,50,West,900,45000,2021,5,1,Kohl'S,18000,Los Angeles
Men's Athletic Footwear,55,West,850,46750,2021,5,2,Kohl'S,11688,Los Angeles
Women's Street Footwear,50,West,725,36250,2021,5,3,Kohl'S,14500,Los Angeles
Women's Athletic Footwear,50,West,675,33750,2021,5,4,Kohl'S,11813,Los Angeles
Men's Apparel,60,West,675,40500,2021,5,5,Kohl'S,22275,Los Angeles
Women's Apparel,65,West,650,42250,2021,5,6,Kohl'S,8450,Los Angeles
Men's Street Footwear,50,West,850,42500,2021,5,7,Kohl'S,17000,Los Angeles
Men's Athletic Footwear,55,West,850,46750,2021,5,8,Kohl'S,11688,Los Angeles
Women's Street Footwear,50,West,700,35000,2021,5,9,Kohl'S,14000,Los Angeles
Women's Athletic Footwear,50,West,650,32500,2021,5,10,Kohl'S,11375,Los Angeles
Men's Apparel,60,West,650,39000,2021,5,11,Kohl'S,21450,Los Angeles
Women's Apparel,65,West,700,45500,2021,5,12,Kohl'S,9100,Los Angeles
Men's Street Footwear,50,West,800,40000,2021,5,13,Kohl'S,16000,Los Angeles
Men's Athletic Footwear,55,West,800,44000,2021,5,14,Kohl'S,11000,Los Angeles
Women's Street Footwear,50,West,650,32500,2021,5,15,Kohl'S,13000,Los Angeles
Women's Athletic Footwear,50,West,625,31250,2021,5,16,Kohl'S,10938,Los Angeles
Men's Apparel,60,West,600,36000,2021,5,17,Kohl'S,19800,Los Angeles
Women's Apparel,65,West,650,42250,2021,5,18,Kohl'S,8450,Los Angeles
Men's Street Footwear,50,West,825,41250,2021,5,19,Kohl'S,16500,Los Angeles
Men's Athletic Footwear,55,West,825,45375,2021,5,20,Kohl'S,11344,Los Angeles
Women's Street Footwear,50,West,675,33750,2021,5,21,Kohl'S,13500,Los Angeles
Women's Athletic Footwear,50,West,650,32500,2021,5,22,Kohl'S,11375,Los Angeles
Men's Apparel,60,West,600,36000,2021,5,23,Kohl'S,19800,Los Angeles
Women's Apparel,65,West,700,45500,2021,5,24,Kohl'S,9100,Los Angeles
Men's Street Footwear,50,West,900,45000,2021,5,25,Kohl'S,18000,Los Angeles
Men's Athletic Footwear,55,West,900,49500,2021,5,26,Kohl'S,12375,Los Angeles
Women's Street Footwear,50,West,700,35000,2021,5,27,Kohl'S,14000,Los Angeles
Women's Athletic Footwear,50,West,700,35000,2021,5,28,Kohl'S,12250,Los Angeles
Men's Apparel,60,West,625,37500,2021,5,29,Kohl'S,20625,Los Angeles
Women's Apparel,65,West,725,47125,2021,5,30,Kohl'S,9425,Los Angeles
Men's Street Footwear,45,West,475,21375,2021,5,31,Foot Locker,8550,Los Angeles
Men's Athletic Footwear,45,West,275,12375,2021,6,1,Foot Locker,4331,Los Angeles
Women's Street Footwear,35,West,275,9625,2021,6,2,Foot Locker,3369,Los Angeles
Women's Athletic Footwear,40,West,125,5000,2021,6,3,Foot Locker,2000,Los Angeles
Men's Apparel,55,Midwest,175,9625,2021,6,4,Foot Locker,3369,Chicago
Women's Apparel,45,Midwest,275,12375,2021,6,5,Foot Locker,6188,Chicago
Men's Street Footwear,45,Midwest,525,23625,2021,6,6,Foot Locker,9450,Chicago
Men's Athletic Footwear,45,Midwest,175,7875,2021,6,7,Foot Locker,2756,Chicago
Women's Street Footwear,35,Midwest,225,7875,2021,6,8,Foot Locker,2756,Chicago
Women's Athletic Footwear,40,West,100,4000,2021,6,9,Foot Locker,1600,Chicago
Men's Apparel,55,Midwest,175,9625,2021,6,10,Foot Locker,3369,Chicago
Women's Apparel,45,Midwest,275,12375,2021,6,11,Foot Locker,6188,Chicago
Men's Street Footwear,50,Midwest,495,24750,2021,6,12,Foot Locker,9900,Chicago
Men's Athletic Footwear,50,West,200,10000,2021,6,13,Foot Locker,3500,Chicago
Women's Street Footwear,40,Midwest,225,9000,2021,6,14,Foot Locker,3150,Chicago
Women's Athletic Footwear,45,Midwest,75,3375,2021,6,15,Foot Locker,1350,Chicago
Men's Apparel,60,Midwest,125,7500,2021,6,16,Foot Locker,2625,Chicago
Women's Apparel,50,Midwest,225,11250,2021,6,17,Foot Locker,5625,Chicago
Men's Street Footwear,50,Midwest,450,22500,2021,6,18,Foot Locker,9000,Chicago
Men's Athletic Footwear,50,Midwest,150,7500,2021,6,19,Foot Locker,2625,Chicago
Women's Street Footwear,40,West,150,6000,2021,6,20,Foot Locker,2100,Chicago
Women's Athletic Footwear,45,Midwest,75,3375,2021,6,21,Foot Locker,1350,Chicago
Men's Apparel,60,Midwest,100,6000,2021,6,22,Foot Locker,2100,Chicago
Women's Apparel,50,Midwest,225,11250,2021,6,23,Foot Locker,5625,Chicago
Men's Street Footwear,60,Midwest,495,29700,2021,6,24,Foot Locker,11880,Chicago
Men's Athletic Footwear,55,Midwest,200,11000,2021,6,25,Foot Locker,3850,Chicago
Women's Street Footwear,50,Midwest,175,8750,2021,6,26,Foot Locker,3063,Chicago
Women's Athletic Footwear,50,Midwest,100,5000,2021,6,27,Foot Locker,2000,Chicago
Men's Apparel,60,Midwest,125,7500,2021,6,28,Foot Locker,2625,Chicago
Women's Apparel,65,Midwest,250,16250,2021,6,29,Foot Locker,8125,Chicago
Men's Street Footwear,50,Midwest,500,25000,2021,6,30,Foot Locker,10000,Chicago
Men's Athletic Footwear,45,Midwest,250,11250,2021,7,1,Foot Locker,3938,Chicago
Women's Street Footwear,40,Midwest,200,8000,2021,7,2,Foot Locker,2800,Chicago
Women's Athletic Footwear,40,Midwest,175,7000,2021,7,3,Foot Locker,2800,Chicago
Men's Apparel,50,Midwest,175,8750,2021,7,4,Foot Locker,3063,Chicago
Women's Apparel,55,Midwest,350,19250,2021,7,5,Foot Locker,9625,Chicago
Men's Street Footwear,50,Midwest,575,28750,2021,7,6,Foot Locker,11500,Chicago
Men's Athletic Footwear,45,Midwest,325,14625,2021,7,7,Foot Locker,5119,Chicago
Women's Street Footwear,40,Midwest,250,10000,2021,7,8,Foot Locker,3500,Chicago
Women's Athletic Footwear,40,Midwest,200,8000,2021,7,9,Foot Locker,3200,Chicago
Men's Apparel,50,Midwest,225,11250,2021,7,10,Foot Locker,3938,Chicago
Women's Apparel,55,Midwest,400,22000,2021,7,11,Foot Locker,11000,Chicago
Men's Street Footwear,50,Midwest,550,27500,2021,7,12,Foot Locker,11000,Chicago
Men's Athletic Footwear,45,Midwest,325,14625,2021,7,13,Foot Locker,5119,Chicago
Women's Street Footwear,40,Midwest,250,10000,2021,7,14,Foot Locker,3500,Chicago
Women's Athletic Footwear,40,Midwest,225,9000,2021,7,15,Foot Locker,3600,Chicago
Men's Apparel,50,Midwest,200,10000,2021,7,16,Foot Locker,3500,Chicago
Women's Apparel,55,Midwest,375,20625,2021,7,17,Foot Locker,10313,Chicago
Men's Street Footwear,50,Midwest,500,25000,2021,7,18,Foot Locker,10000,Chicago
Men's Athletic Footwear,45,Midwest,300,13500,2021,7,19,Foot Locker,4725,Chicago
Women's Street Footwear,40,Midwest,200,8000,2021,7,20,Foot Locker,2800,Chicago
Women's Athletic Footwear,40,Midwest,175,7000,2021,7,21,Foot Locker,2800,Chicago
Men's Apparel,50,Midwest,175,8750,2021,7,22,Foot Locker,3063,Chicago
Women's Apparel,55,Midwest,250,13750,2021,7,23,Foot Locker,6875,Chicago
Men's Street Footwear,60,Midwest,425,25500,2021,7,24,Foot Locker,10200,Chicago
Men's Athletic Footwear,50,Midwest,250,12500,2021,7,25,Foot Locker,4375,Chicago
Women's Street Footwear,50,Midwest,150,7500,2021,7,26,Foot Locker,2625,Chicago
Women's Athletic Footwear,50,Midwest,125,6250,2021,7,27,Foot Locker,2500,Chicago
Men's Apparel,60,Midwest,125,7500,2021,7,28,Foot Locker,2625,Chicago
Women's Apparel,65,Midwest,250,16250,2021,7,29,Foot Locker,8125,Chicago
Men's Street Footwear,60,Midwest,400,24000,2021,7,30,Foot Locker,9600,Chicago
Men's Athletic Footwear,50,Midwest,250,12500,2021,7,31,Foot Locker,4375,Chicago
Women's Street Footwear,50,Midwest,195,9750,2021,8,1,Foot Locker,3413,Chicago
Women's Athletic Footwear,50,Midwest,175,8750,2021,8,2,Foot Locker,3500,Chicago
Men's Apparel,60,Midwest,150,9000,2021,8,3,Foot Locker,3150,Chicago
Women's Apparel,65,Midwest,250,16250,2021,8,4,Foot Locker,8125,Chicago
Men's Street Footwear,60,Midwest,500,30000,2021,8,5,Foot Locker,12000,Chicago
Men's Athletic Footwear,50,Midwest,300,15000,2021,8,6,Foot Locker,5250,Chicago
Women's Street Footwear,50,Midwest,250,12500,2021,8,7,Foot Locker,4375,Chicago
Women's Athletic Footwear,50,Midwest,200,10000,2021,8,8,Foot Locker,4000,Chicago
Men's Apparel,60,Midwest,200,12000,2021,8,9,Foot Locker,4200,Chicago
Women's Apparel,65,Midwest,300,19500,2021,8,10,Foot Locker,9750,Chicago
Men's Street Footwear,20,Midwest,725,14500,2021,8,11,Sports Direct,4350,Chicago
Men's Athletic Footwear,30,Midwest,725,21750,2021,8,12,Sports Direct,6525,Chicago
Women's Street Footwear,30,Midwest,525,15750,2021,8,13,Sports Direct,4725,Chicago
Women's Athletic Footwear,35,Midwest,525,18375,2021,8,14,Sports Direct,7350,Chicago
Men's Apparel,40,South,375,15000,2021,8,15,Sports Direct,3750,Dallas
Women's Apparel,35,South,525,18375,2021,8,16,Sports Direct,8269,Dallas
Men's Street Footwear,25,South,675,16875,2021,8,17,Sports Direct,5063,Dallas
Men's Athletic Footwear,35,South,650,22750,2021,8,18,Sports Direct,6825,Dallas
Women's Street Footwear,35,South,475,16625,2021,8,19,Sports Direct,4988,Dallas
Women's Athletic Footwear,35,South,425,14875,2021,8,20,Sports Direct,5950,Dallas
Men's Apparel,40,South,300,12000,2021,8,21,Sports Direct,3000,Dallas
Women's Apparel,35,South,500,17500,2021,8,22,Sports Direct,7875,Dallas
Men's Street Footwear,30,South,675,20250,2021,8,23,Sports Direct,7088,Dallas
Men's Athletic Footwear,40,South,675,27000,2021,8,24,Sports Direct,9450,Dallas
Women's Street Footwear,30,South,500,15000,2021,8,25,Sports Direct,5250,Dallas
Women's Athletic Footwear,35,South,400,14000,2021,8,26,Sports Direct,6300,Dallas
Men's Apparel,40,South,300,12000,2021,8,27,Sports Direct,3600,Dallas
Women's Apparel,35,South,450,15750,2021,8,28,Sports Direct,7875,Dallas
Men's Street Footwear,20,South,700,14000,2021,8,29,Sports Direct,4900,Dallas
Men's Athletic Footwear,30,South,700,21000,2021,8,30,Sports Direct,7350,Dallas
Women's Street Footwear,25,South,525,13125,2021,8,31,Sports Direct,4594,Dallas
Women's Athletic Footwear,30,South,425,12750,2021,9,1,Sports Direct,5738,Dallas
Men's Apparel,35,South,325,11375,2021,9,2,Sports Direct,3413,Dallas
Women's Apparel,30,South,600,18000,2021,9,3,Sports Direct,9000,Dallas
Men's Street Footwear,20,South,750,15000,2021,9,4,Sports Direct,5250,Dallas
Men's Athletic Footwear,30,South,775,23250,2021,9,5,Sports Direct,8138,Dallas
Women's Street Footwear,25,South,625,15625,2021,9,6,Sports Direct,5469,Dallas
Women's Athletic Footwear,35,South,550,19250,2021,9,7,Sports Direct,8663,Dallas
Men's Apparel,50,South,450,22500,2021,9,8,Sports Direct,6750,Dallas
Women's Apparel,45,South,800,36000,2021,9,9,Sports Direct,18000,Dallas
Men's Street Footwear,45,South,800,36000,2021,9,10,Sports Direct,12600,Dallas
Men's Athletic Footwear,50,South,800,40000,2021,9,11,Sports Direct,14000,Dallas
Women's Street Footwear,45,South,650,29250,2021,9,12,Sports Direct,10238,Dallas
Women's Athletic Footwear,45,South,600,27000,2021,9,13,Sports Direct,12150,Dallas
Men's Apparel,50,South,500,25000,2021,9,14,Sports Direct,7500,Dallas
Women's Apparel,55,South,875,48125,2021,9,15,Sports Direct,24063,Dallas
Men's Street Footwear,45,South,825,37125,2021,9,16,Sports Direct,14850,Dallas
Men's Athletic Footwear,50,South,825,41250,2021,9,17,Sports Direct,16500,Dallas
Women's Street Footwear,45,South,975,43875,2021,9,18,Sports Direct,17550,Dallas
Women's Athletic Footwear,45,South,575,25875,2021,9,19,Sports Direct,12938,Dallas
Men's Apparel,50,South,575,28750,2021,9,20,Sports Direct,10063,Dallas
Women's Apparel,60,South,850,51000,2021,9,21,Sports Direct,28050,Dallas
Men's Street Footwear,50,South,800,40000,2021,9,22,Sports Direct,16000,Dallas
Men's Athletic Footwear,55,South,800,44000,2021,9,23,Sports Direct,17600,Dallas
Women's Street Footwear,50,South,975,48750,2021,9,24,Sports Direct,19500,Dallas
Women's Athletic Footwear,50,South,525,26250,2021,9,25,Sports Direct,13125,Dallas
Men's Apparel,55,South,525,28875,2021,9,26,Sports Direct,10106,Dallas
Women's Apparel,60,South,775,46500,2021,9,27,Sports Direct,25575,Dallas
Men's Street Footwear,55,South,725,39875,2021,9,28,Sports Direct,15950,Dallas
Men's Athletic Footwear,55,South,675,37125,2021,9,29,Sports Direct,14850,Dallas
Women's Street Footwear,60,South,725,43500,2021,9,30,Sports Direct,17400,Dallas
Women's Athletic Footwear,60,South,450,27000,2021,10,1,Sports Direct,13500,Dallas
Men's Apparel,55,South,450,24750,2021,10,2,Sports Direct,8663,Dallas
Women's Apparel,50,South,675,33750,2021,10,3,Sports Direct,18563,Dallas
Men's Street Footwear,40,South,625,25000,2021,10,4,Sports Direct,10000,Dallas
Men's Athletic Footwear,40,South,625,25000,2021,10,5,Sports Direct,10000,Dallas
Women's Street Footwear,45,South,575,25875,2021,10,6,Sports Direct,10350,Dallas
Women's Athletic Footwear,45,South,425,19125,2021,10,7,Sports Direct,9563,Dallas
Men's Apparel,40,South,400,16000,2021,10,8,Sports Direct,5600,Dallas
Women's Apparel,50,South,575,28750,2021,10,9,Sports Direct,15813,Dallas
Men's Street Footwear,40,South,725,29000,2021,10,10,Sports Direct,11600,Dallas
Men's Athletic Footwear,40,South,725,29000,2021,10,11,Sports Direct,11600,Dallas
Women's Street Footwear,65,South,650,42250,2021,10,12,Sports Direct,16900,Dallas
Women's Athletic Footwear,65,South,500,32500,2021,10,13,Sports Direct,16250,Dallas
Men's Apparel,60,South,475,28500,2021,10,14,Sports Direct,9975,Dallas
Women's Apparel,70,South,675,47250,2021,10,15,Sports Direct,25988,Dallas
Men's Street Footwear,60,South,825,49500,2021,10,16,Sports Direct,19800,Dallas
Men's Athletic Footwear,60,South,825,49500,2021,10,17,Sports Direct,19800,Dallas
Women's Street Footwear,65,South,725,47125,2021,10,18,Sports Direct,18850,Dallas
Women's Athletic Footwear,65,South,575,37375,2021,10,19,Sports Direct,18688,Dallas
Men's Apparel,60,South,525,31500,2021,10,20,Sports Direct,11025,Dallas
Women's Apparel,70,South,775,54250,2021,10,21,Sports Direct,29838,Dallas
Men's Street Footwear,45,South,425,19125,2021,10,22,Foot Locker,10519,Dallas
Men's Athletic Footwear,45,South,225,10125,2021,10,23,Foot Locker,3544,Dallas
Women's Street Footwear,35,South,225,7875,2021,10,24,Foot Locker,3150,Dallas
Women's Athletic Footwear,40,South,75,3000,2021,10,25,Foot Locker,1200,Dallas
Men's Apparel,55,Northeast,125,6875,2021,10,26,Foot Locker,2406,Philadelphia
Women's Apparel,45,Northeast,225,10125,2021,10,27,Foot Locker,3038,Philadelphia
Men's Street Footwear,45,Northeast,475,21375,2021,10,28,Foot Locker,11756,Philadelphia
Men's Athletic Footwear,45,Northeast,125,5625,2021,10,29,Foot Locker,1969,Philadelphia
Women's Street Footwear,35,Northeast,175,6125,2021,10,30,Foot Locker,2450,Philadelphia
Women's Athletic Footwear,40,Northeast,50,2000,2021,10,31,Foot Locker,800,Philadelphia
Men's Apparel,55,Northeast,125,6875,2021,11,1,Foot Locker,2406,Philadelphia
Women's Apparel,45,Northeast,225,10125,2021,11,2,Foot Locker,3038,Philadelphia
Men's Street Footwear,50,Northeast,445,22250,2021,11,3,Foot Locker,12238,Philadelphia
Men's Athletic Footwear,50,Northeast,150,7500,2021,11,4,Foot Locker,2625,Philadelphia
Women's Street Footwear,40,Northeast,175,7000,2021,11,5,Foot Locker,2800,Philadelphia
Women's Athletic Footwear,45,Northeast,25,1125,2021,11,6,Foot Locker,450,Philadelphia
Men's Apparel,60,Northeast,75,4500,2021,11,7,Foot Locker,1350,Philadelphia
Women's Apparel,50,Northeast,175,8750,2021,11,8,Foot Locker,2188,Philadelphia
Men's Street Footwear,50,Northeast,450,22500,2021,11,9,Foot Locker,11250,Philadelphia
Men's Athletic Footwear,50,Northeast,150,7500,2021,11,10,Foot Locker,2250,Philadelphia
Women's Street Footwear,40,Northeast,150,6000,2021,11,11,Foot Locker,2100,Philadelphia
Women's Athletic Footwear,45,Northeast,75,3375,2021,11,12,Foot Locker,1181,Philadelphia
Men's Apparel,60,Northeast,75,4500,2021,11,13,Foot Locker,1350,Philadelphia
Women's Apparel,50,Northeast,200,10000,2021,11,14,Foot Locker,2500,Philadelphia
Men's Street Footwear,60,Northeast,470,28200,2021,11,15,Foot Locker,14100,Philadelphia
Men's Athletic Footwear,60,Northeast,175,10500,2021,11,16,Foot Locker,3150,Philadelphia
Women's Street Footwear,55,Northeast,150,8250,2021,11,17,Foot Locker,2888,Philadelphia
Women's Athletic Footwear,55,Northeast,100,5500,2021,11,18,Foot Locker,1925,Philadelphia
Men's Apparel,65,Northeast,125,8125,2021,11,19,Foot Locker,2438,Philadelphia
Women's Apparel,70,Northeast,250,17500,2021,11,20,Foot Locker,5250,Philadelphia
Men's Street Footwear,65,Northeast,500,32500,2021,11,21,Foot Locker,17875,Philadelphia
Men's Athletic Footwear,60,Northeast,250,15000,2021,11,22,Foot Locker,5250,Philadelphia
Women's Street Footwear,55,Northeast,175,9625,2021,11,23,Foot Locker,3850,Philadelphia
Women's Athletic Footwear,55,Northeast,150,8250,2021,11,24,Foot Locker,3300,Philadelphia
Men's Apparel,65,Northeast,150,9750,2021,11,25,Foot Locker,3413,Philadelphia
Women's Apparel,70,Northeast,300,21000,2021,11,26,Foot Locker,6300,Philadelphia
Men's Street Footwear,65,Northeast,500,32500,2021,11,27,Foot Locker,17875,Philadelphia
Men's Athletic Footwear,60,Northeast,300,18000,2021,11,28,Foot Locker,6300,Philadelphia
Women's Street Footwear,55,Northeast,225,12375,2021,11,29,Foot Locker,4950,Philadelphia
Women's Athletic Footwear,55,Northeast,175,9625,2021,11,30,Foot Locker,3850,Philadelphia
Men's Apparel,65,Northeast,200,13000,2021,12,1,Foot Locker,4550,Philadelphia
Women's Apparel,70,Northeast,375,26250,2021,12,2,Foot Locker,7875,Philadelphia
Men's Street Footwear,65,Northeast,525,34125,2021,12,3,Foot Locker,18769,Philadelphia
Men's Athletic Footwear,60,Northeast,300,18000,2021,12,4,Foot Locker,6300,Philadelphia
Women's Street Footwear,55,Northeast,225,12375,2021,12,5,Foot Locker,4950,Philadelphia
Women's Athletic Footwear,55,Northeast,200,11000,2021,12,6,Foot Locker,4400,Philadelphia
Men's Apparel,65,Northeast,175,11375,2021,12,7,Foot Locker,3981,Philadelphia
Women's Apparel,70,Northeast,350,24500,2021,12,8,Foot Locker,7350,Philadelphia
Men's Street Footwear,65,Northeast,475,30875,2021,12,9,Foot Locker,15438,Philadelphia
Men's Athletic Footwear,50,Northeast,275,13750,2021,12,10,Foot Locker,4125,Philadelphia
Women's Street Footwear,45,Northeast,200,9000,2021,12,11,Foot Locker,3150,Philadelphia
Women's Athletic Footwear,45,Northeast,175,7875,2021,12,12,Foot Locker,2756,Philadelphia
Men's Apparel,55,Northeast,125,6875,2021,12,13,Foot Locker,2063,Philadelphia
Women's Apparel,60,Northeast,225,13500,2021,12,14,Foot Locker,3375,Philadelphia
Men's Street Footwear,60,Northeast,400,24000,2021,12,15,Foot Locker,12000,Philadelphia
Men's Athletic Footwear,50,Northeast,225,11250,2021,12,16,Foot Locker,3375,Philadelphia
Women's Street Footwear,50,Northeast,125,6250,2021,12,17,Foot Locker,2188,Philadelphia
Women's Athletic Footwear,50,Northeast,100,5000,2021,12,18,Foot Locker,1750,Philadelphia
Men's Apparel,60,Northeast,100,6000,2021,12,19,Foot Locker,1800,Philadelphia
Women's Apparel,65,Northeast,225,14625,2021,12,20,Foot Locker,3656,Philadelphia
Men's Street Footwear,70,Northeast,375,26250,2021,12,21,Foot Locker,14438,Philadelphia
Men's Athletic Footwear,60,Northeast,200,12000,2021,12,22,Foot Locker,4200,Philadelphia
Women's Street Footwear,60,Northeast,195,11700,2021,12,23,Foot Locker,4680,Philadelphia
Women's Athletic Footwear,60,Northeast,175,10500,2021,12,24,Foot Locker,4200,Philadelphia
Men's Apparel,70,Northeast,150,10500,2021,12,25,Foot Locker,3675,Philadelphia
Women's Apparel,75,Northeast,250,18750,2021,12,26,Foot Locker,5625,Philadelphia
Men's Street Footwear,70,Northeast,475,33250,2021,12,27,Foot Locker,18288,Philadelphia
Men's Athletic Footwear,60,Northeast,275,16500,2021,12,28,Foot Locker,5775,Philadelphia
Women's Street Footwear,60,Northeast,225,13500,2021,12,29,Foot Locker,5400,Philadelphia
Women's Athletic Footwear,60,Northeast,175,10500,2021,12,30,Foot Locker,4200,Philadelphia
Men's Apparel,70,Northeast,175,12250,2021,12,31,Foot Locker,4288,Philadelphia
Women's Apparel,75,Northeast,275,20625,2020,1,1,Foot Locker,6188,Philadelphia
Men's Street Footwear,35,Northeast,450,15750,2020,1,2,West Gear,6300,Philadelphia
Men's Athletic Footwear,45,Northeast,450,20250,2020,1,3,West Gear,5063,Philadelphia
Women's Street Footwear,45,Northeast,450,20250,2020,1,4,West Gear,8100,Philadelphia
Women's Athletic Footwear,45,Northeast,300,13500,2020,1,5,West Gear,4725,Philadelphia
Men's Apparel,50,West,250,12500,2020,1,6,West Gear,6875,Las Vegas
Women's Apparel,45,West,475,21375,2020,1,7,West Gear,4275,Las Vegas
Men's Street Footwear,35,West,525,18375,2020,1,8,West Gear,7350,Las Vegas
Men's Athletic Footwear,45,West,425,19125,2020,1,9,West Gear,4781,Las Vegas
Women's Street Footwear,45,West,425,19125,2020,1,10,West Gear,7650,Las Vegas
Women's Athletic Footwear,45,West,275,12375,2020,1,11,West Gear,4331,Las Vegas
Men's Apparel,50,West,200,10000,2020,1,12,West Gear,5500,Las Vegas
Women's Apparel,45,West,400,18000,2020,1,13,West Gear,3600,Las Vegas
Men's Street Footwear,45,West,550,24750,2020,1,14,West Gear,9900,Las Vegas
Men's Athletic Footwear,55,West,400,22000,2020,1,15,West Gear,5500,Las Vegas
Women's Street Footwear,55,West,400,22000,2020,1,16,West Gear,8800,Las Vegas
Women's Athletic Footwear,55,West,300,16500,2020,1,17,West Gear,5775,Las Vegas
Men's Apparel,60,West,175,10500,2020,1,18,West Gear,5775,Las Vegas
Women's Apparel,55,West,375,20625,2020,1,19,West Gear,4125,Las Vegas
Men's Street Footwear,60,West,550,33000,2020,1,20,West Gear,13200,Las Vegas
Men's Athletic Footwear,65,West,350,22750,2020,1,21,West Gear,5688,Las Vegas
Women's Street Footwear,65,West,400,26000,2020,1,22,West Gear,10400,Las Vegas
Women's Athletic Footwear,60,West,300,18000,2020,1,23,West Gear,6300,Las Vegas
Men's Apparel,65,West,200,13000,2020,1,24,West Gear,7150,Las Vegas
Women's Apparel,80,West,350,28000,2020,1,25,West Gear,5600,Las Vegas
Men's Street Footwear,60,West,550,33000,2020,1,26,West Gear,14850,Las Vegas
Men's Athletic Footwear,65,West,400,26000,2020,1,27,West Gear,7800,Las Vegas
Women's Street Footwear,65,West,400,26000,2020,1,28,West Gear,11700,Las Vegas
Women's Athletic Footwear,60,West,300,18000,2020,1,29,West Gear,7200,Las Vegas
Men's Apparel,65,West,200,13000,2020,1,30,West Gear,7800,Las Vegas
Women's Apparel,80,West,450,36000,2020,1,31,West Gear,9000,Las Vegas
Men's Street Footwear,60,West,700,42000,2020,2,1,West Gear,18900,Las Vegas
Men's Athletic Footwear,65,West,550,35750,2020,2,2,West Gear,10725,Las Vegas
Women's Street Footwear,65,West,550,35750,2020,2,3,West Gear,16088,Las Vegas
Women's Athletic Footwear,60,West,425,25500,2020,2,4,West Gear,10200,Las Vegas
Men's Apparel,65,West,300,19500,2020,2,5,West Gear,11700,Las Vegas
Women's Apparel,80,West,600,48000,2020,2,6,West Gear,12000,Las Vegas
Men's Street Footwear,60,West,750,45000,2020,2,7,West Gear,18000,Las Vegas
Men's Athletic Footwear,65,West,600,39000,2020,2,8,West Gear,9750,Las Vegas
Women's Street Footwear,65,West,550,35750,2020,2,9,West Gear,14300,Las Vegas
Women's Athletic Footwear,60,West,450,27000,2020,2,10,West Gear,9450,Las Vegas
Men's Apparel,65,West,500,32500,2020,2,11,West Gear,17875,Las Vegas
Women's Apparel,80,West,500,40000,2020,2,12,West Gear,8000,Las Vegas
Men's Street Footwear,65,West,700,45500,2020,2,13,West Gear,18200,Las Vegas
Men's Athletic Footwear,70,West,650,45500,2020,2,14,West Gear,11375,Las Vegas
Women's Street Footwear,65,West,525,34125,2020,2,15,West Gear,13650,Las Vegas
Women's Athletic Footwear,65,West,475,30875,2020,2,16,West Gear,10806,Las Vegas
Men's Apparel,75,West,475,35625,2020,2,17,West Gear,19594,Las Vegas
Women's Apparel,80,West,400,32000,2020,2,18,West Gear,6400,Las Vegas
Men's Street Footwear,60,West,600,36000,2020,2,19,West Gear,12600,Las Vegas
Men's Athletic Footwear,65,West,600,39000,2020,2,20,West Gear,7800,Las Vegas
Women's Street Footwear,60,West,450,27000,2020,2,21,West Gear,9450,Las Vegas
Women's Athletic Footwear,60,West,400,24000,2020,2,22,West Gear,7200,Las Vegas
Men's Apparel,70,West,400,28000,2020,2,23,West Gear,14000,Las Vegas
Women's Apparel,75,West,450,33750,2020,2,24,West Gear,5063,Las Vegas
Men's Street Footwear,60,West,550,33000,2020,2,25,West Gear,11550,Las Vegas
Men's Athletic Footwear,65,West,550,35750,2020,2,26,West Gear,7150,Las Vegas
Women's Street Footwear,60,West,375,22500,2020,2,27,West Gear,7875,Las Vegas
Women's Athletic Footwear,60,West,350,21000,2020,2,28,West Gear,6300,Las Vegas
Men's Apparel,70,West,325,22750,2020,3,1,West Gear,11375,Las Vegas
Women's Apparel,75,West,375,28125,2020,3,2,West Gear,4219,Las Vegas
Men's Street Footwear,60,West,575,34500,2020,3,3,West Gear,12075,Las Vegas
Men's Athletic Footwear,65,West,575,37375,2020,3,4,West Gear,7475,Las Vegas
Women's Street Footwear,60,West,425,25500,2020,3,5,West Gear,8925,Las Vegas
Women's Athletic Footwear,60,West,400,24000,2020,3,6,West Gear,7200,Las Vegas
Men's Apparel,70,West,350,24500,2020,3,7,West Gear,12250,Las Vegas
Women's Apparel,75,West,475,35625,2020,3,8,West Gear,5344,Las Vegas
Men's Street Footwear,60,West,675,40500,2020,3,9,West Gear,14175,Las Vegas
Men's Athletic Footwear,65,West,675,43875,2020,3,10,West Gear,8775,Las Vegas
Women's Street Footwear,60,West,475,28500,2020,3,11,West Gear,9975,Las Vegas
Women's Athletic Footwear,60,West,475,28500,2020,3,12,West Gear,8550,Las Vegas
Men's Apparel,70,West,400,28000,2020,3,13,West Gear,14000,Las Vegas
Women's Apparel,75,West,500,37500,2020,3,14,West Gear,5625,Las Vegas
Men's Street Footwear,30,West,425,12750,2020,3,15,West Gear,4463,Las Vegas
Men's Athletic Footwear,40,West,425,17000,2020,3,16,West Gear,3400,Las Vegas
Women's Street Footwear,40,West,425,17000,2020,3,17,West Gear,5950,Las Vegas
Women's Athletic Footwear,40,West,275,11000,2020,3,18,West Gear,3300,Las Vegas
Men's Apparel,45,West,225,10125,2020,3,19,West Gear,5063,Denver
Women's Apparel,40,West,475,19000,2020,3,20,West Gear,2850,Denver
Men's Street Footwear,30,West,525,15750,2020,3,21,West Gear,5513,Denver
Men's Athletic Footwear,40,West,425,17000,2020,3,22,West Gear,3400,Denver
Women's Street Footwear,40,West,425,17000,2020,3,23,West Gear,5950,Denver
Women's Athletic Footwear,40,West,275,11000,2020,3,24,West Gear,3300,Denver
Men's Apparel,45,West,200,9000,2020,3,25,West Gear,4500,Denver
Women's Apparel,40,West,400,16000,2020,3,26,West Gear,2400,Denver
Men's Street Footwear,40,West,550,22000,2020,3,27,West Gear,7700,Denver
Men's Athletic Footwear,50,West,400,20000,2020,3,28,West Gear,4000,Denver
Women's Street Footwear,55,West,400,22000,2020,3,29,West Gear,7700,Denver
Women's Athletic Footwear,55,West,300,16500,2020,3,30,West Gear,4950,Denver
Men's Apparel,60,West,150,9000,2020,3,31,West Gear,4500,Denver
Women's Apparel,55,West,350,19250,2020,4,1,West Gear,2888,Denver
Men's Street Footwear,60,West,525,31500,2020,4,2,West Gear,11025,Denver
Men's Athletic Footwear,65,West,325,21125,2020,4,3,West Gear,4225,Denver
Women's Street Footwear,65,West,375,24375,2020,4,4,West Gear,8531,Denver
Women's Athletic Footwear,60,West,275,16500,2020,4,5,West Gear,4950,Denver
Men's Apparel,65,West,175,11375,2020,4,6,West Gear,5688,Denver
Women's Apparel,80,West,325,26000,2020,4,7,West Gear,3900,Denver
Men's Street Footwear,60,West,525,31500,2020,4,8,West Gear,15750,Denver
Men's Athletic Footwear,65,West,375,24375,2020,4,9,West Gear,8531,Denver
Women's Street Footwear,65,West,375,24375,2020,4,10,West Gear,12188,Denver
Women's Athletic Footwear,60,West,275,16500,2020,4,11,West Gear,7425,Denver
Men's Apparel,65,West,175,11375,2020,4,12,West Gear,7394,Denver
Women's Apparel,80,West,475,38000,2020,4,13,West Gear,11400,Denver
Men's Street Footwear,60,West,725,43500,2020,4,14,West Gear,21750,Denver
Men's Athletic Footwear,65,West,575,37375,2020,4,15,West Gear,13081,Denver
Women's Street Footwear,65,West,575,37375,2020,4,16,West Gear,18688,Denver
Women's Athletic Footwear,65,West,450,29250,2020,4,17,West Gear,13163,Denver
Men's Apparel,70,West,325,22750,2020,4,18,West Gear,14788,Denver
Women's Apparel,85,West,625,53125,2020,4,19,West Gear,15938,Denver
Men's Street Footwear,65,West,775,50375,2020,4,20,West Gear,22669,Denver
Men's Athletic Footwear,70,West,625,43750,2020,4,21,West Gear,13125,Denver
Women's Street Footwear,70,West,575,40250,2020,4,22,West Gear,18113,Denver
Women's Athletic Footwear,65,West,475,30875,2020,4,23,West Gear,12350,Denver
Men's Apparel,70,West,525,36750,2020,4,24,West Gear,22050,Denver
Women's Apparel,85,West,525,44625,2020,4,25,West Gear,11156,Denver
Men's Street Footwear,70,West,725,50750,2020,4,26,West Gear,22838,Denver
Men's Athletic Footwear,75,West,675,50625,2020,4,27,West Gear,15188,Denver
Women's Street Footwear,70,West,550,38500,2020,4,28,West Gear,17325,Denver
Women's Athletic Footwear,70,West,500,35000,2020,4,29,West Gear,14000,Denver
Men's Apparel,75,West,500,37500,2020,4,30,West Gear,22500,Denver
Women's Apparel,80,West,400,32000,2020,5,1,West Gear,8000,Denver
Men's Street Footwear,65,West,600,39000,2020,5,2,West Gear,15600,Denver
Men's Athletic Footwear,70,West,600,42000,2020,5,3,West Gear,10500,Denver
Women's Street Footwear,65,West,450,29250,2020,5,4,West Gear,11700,Denver
Women's Athletic Footwear,65,West,400,26000,2020,5,5,West Gear,9100,Denver
Men's Apparel,75,West,400,30000,2020,5,6,West Gear,16500,Denver
Women's Apparel,70,West,425,29750,2020,5,7,West Gear,5950,Denver
Men's Street Footwear,55,West,525,28875,2020,5,8,West Gear,11550,Denver
Men's Athletic Footwear,60,West,525,31500,2020,5,9,West Gear,7875,Denver
Women's Street Footwear,55,West,350,19250,2020,5,10,West Gear,7700,Denver
Women's Athletic Footwear,55,West,325,17875,2020,5,11,West Gear,6256,Denver
Men's Apparel,65,West,300,19500,2020,5,12,West Gear,10725,Denver
Women's Apparel,70,West,350,24500,2020,5,13,West Gear,4900,Denver
Men's Street Footwear,55,West,575,31625,2020,5,14,West Gear,12650,Denver
Men's Athletic Footwear,60,West,575,34500,2020,5,15,West Gear,8625,Denver
Women's Street Footwear,55,West,425,23375,2020,5,16,West Gear,9350,Denver
Women's Athletic Footwear,65,West,400,26000,2020,5,17,West Gear,9100,Denver
Men's Apparel,75,West,375,28125,2020,5,18,West Gear,15469,Denver
Women's Apparel,80,West,500,40000,2020,5,19,West Gear,8000,Denver
Men's Street Footwear,65,West,700,45500,2020,5,20,West Gear,18200,Denver
Men's Athletic Footwear,70,West,700,49000,2020,5,21,West Gear,12250,Denver
Women's Street Footwear,65,West,500,32500,2020,5,22,West Gear,13000,Denver
Women's Athletic Footwear,65,West,500,32500,2020,5,23,West Gear,11375,Denver
Men's Apparel,75,West,425,31875,2020,5,24,West Gear,17531,Denver
Women's Apparel,80,West,525,42000,2020,5,25,West Gear,8400,Denver
Men's Street Footwear,40,West,450,18000,2020,5,26,West Gear,5400,Denver
Men's Athletic Footwear,50,West,450,22500,2020,5,27,West Gear,5625,Denver
Women's Street Footwear,50,West,450,22500,2020,5,28,West Gear,5625,Denver
Women's Athletic Footwear,50,West,300,15000,2020,5,29,West Gear,4500,Denver
Men's Apparel,55,West,250,13750,2020,5,30,West Gear,3438,Seattle
Women's Apparel,50,West,500,25000,2020,5,31,West Gear,5000,Seattle
Men's Street Footwear,40,West,550,22000,2020,6,1,West Gear,6600,Seattle
Men's Athletic Footwear,50,West,450,22500,2020,6,2,West Gear,5625,Seattle
Women's Street Footwear,50,West,450,22500,2020,6,3,West Gear,5625,Seattle
Women's Athletic Footwear,50,West,300,15000,2020,6,4,West Gear,4500,Seattle
Men's Apparel,55,West,225,12375,2020,6,5,West Gear,3094,Seattle
Women's Apparel,50,West,425,21250,2020,6,6,West Gear,4250,Seattle
Men's Street Footwear,50,West,575,28750,2020,6,7,West Gear,8625,Seattle
Men's Athletic Footwear,60,West,425,25500,2020,6,8,West Gear,6375,Seattle
Women's Street Footwear,65,West,425,27625,2020,6,9,West Gear,6906,Seattle
Women's Athletic Footwear,65,West,325,21125,2020,6,10,West Gear,6338,Seattle
Men's Apparel,70,West,175,12250,2020,6,11,West Gear,3063,Seattle
Women's Apparel,65,West,375,24375,2020,6,12,West Gear,4875,Seattle
Men's Street Footwear,70,West,550,38500,2020,6,13,West Gear,11550,Seattle
Men's Athletic Footwear,75,West,350,26250,2020,6,14,West Gear,6563,Seattle
Women's Street Footwear,75,West,400,30000,2020,6,15,West Gear,7500,Seattle
Women's Athletic Footwear,60,West,300,18000,2020,6,16,West Gear,5400,Seattle
Men's Apparel,65,West,200,13000,2020,6,17,West Gear,3250,Seattle
Women's Apparel,80,West,350,28000,2020,6,18,West Gear,5600,Seattle
Men's Street Footwear,60,West,550,33000,2020,6,19,West Gear,9900,Seattle
Men's Athletic Footwear,65,West,400,26000,2020,6,20,West Gear,6500,Seattle
Women's Street Footwear,65,West,400,26000,2020,6,21,West Gear,6500,Seattle
Women's Athletic Footwear,60,West,300,18000,2020,6,22,West Gear,5400,Seattle
Men's Apparel,65,West,200,13000,2020,6,23,West Gear,3250,Seattle
Women's Apparel,80,West,500,40000,2020,6,24,West Gear,8000,Seattle
Men's Street Footwear,75,West,750,56250,2020,6,25,West Gear,16875,Seattle
Men's Athletic Footwear,80,West,625,50000,2020,6,26,West Gear,12500,Seattle
Women's Street Footwear,80,West,625,50000,2020,6,27,West Gear,12500,Seattle
Women's Athletic Footwear,80,West,500,40000,2020,6,28,West Gear,12000,Seattle
Men's Apparel,85,West,375,31875,2020,6,29,West Gear,7969,Seattle
Women's Apparel,100,West,675,67500,2020,6,30,West Gear,13500,Seattle
Men's Street Footwear,80,West,825,66000,2020,7,1,West Gear,19800,Seattle
Men's Athletic Footwear,85,West,675,57375,2020,7,2,West Gear,14344,Seattle
Women's Street Footwear,85,West,625,53125,2020,7,3,West Gear,13281,Seattle
Women's Athletic Footwear,80,West,525,42000,2020,7,4,West Gear,12600,Seattle
Men's Apparel,85,West,575,48875,2020,7,5,West Gear,12219,Seattle
Women's Apparel,100,West,575,57500,2020,7,6,West Gear,11500,Seattle
Men's Street Footwear,85,West,775,65875,2020,7,7,West Gear,19763,Seattle
Men's Athletic Footwear,80,West,750,60000,2020,7,8,West Gear,15000,Seattle
Women's Street Footwear,75,West,625,46875,2020,7,9,West Gear,11719,Seattle
Women's Athletic Footwear,75,West,575,43125,2020,7,10,West Gear,12938,Seattle
Men's Apparel,75,West,575,43125,2020,7,11,West Gear,10781,Seattle
Women's Apparel,80,West,400,32000,2020,7,12,West Gear,6400,Seattle
Men's Street Footwear,70,West,600,42000,2020,7,13,West Gear,12600,Seattle
Men's Athletic Footwear,75,West,600,45000,2020,7,14,West Gear,11250,Seattle
Women's Street Footwear,70,West,450,31500,2020,7,15,West Gear,7875,Seattle
Women's Athletic Footwear,70,West,400,28000,2020,7,16,West Gear,8400,Seattle
Men's Apparel,80,West,425,34000,2020,7,17,West Gear,8500,Seattle
Women's Apparel,65,West,450,29250,2020,7,18,West Gear,5850,Seattle
Men's Street Footwear,60,West,550,33000,2020,7,19,West Gear,9900,Seattle
Men's Athletic Footwear,65,West,550,35750,2020,7,20,West Gear,8938,Seattle
Women's Street Footwear,60,West,375,22500,2020,7,21,West Gear,5625,Seattle
Women's Athletic Footwear,60,West,350,21000,2020,7,22,West Gear,6300,Seattle
Men's Apparel,70,West,325,22750,2020,7,23,West Gear,5688,Seattle
Women's Apparel,75,West,375,28125,2020,7,24,West Gear,5625,Seattle
Men's Street Footwear,60,West,600,36000,2020,7,25,West Gear,10800,Seattle
Men's Athletic Footwear,65,West,625,40625,2020,7,26,West Gear,10156,Seattle
Women's Street Footwear,60,West,475,28500,2020,7,27,West Gear,7125,Seattle
Women's Athletic Footwear,70,West,450,31500,2020,7,28,West Gear,9450,Seattle
Men's Apparel,90,West,425,38250,2020,7,29,West Gear,9563,Seattle
Women's Apparel,95,West,550,52250,2020,7,30,West Gear,10450,Seattle
Men's Street Footwear,80,West,750,60000,2020,7,31,West Gear,18000,Seattle
Men's Athletic Footwear,85,West,750,63750,2020,8,1,West Gear,15938,Seattle
Women's Street Footwear,80,West,550,44000,2020,8,2,West Gear,11000,Seattle
Women's Athletic Footwear,80,West,550,44000,2020,8,3,West Gear,13200,Seattle
Men's Apparel,90,West,475,42750,2020,8,4,West Gear,10688,Seattle
Women's Apparel,95,West,575,54625,2020,8,5,West Gear,10925,Seattle
Men's Street Footwear,45,West,1050,47250,2020,8,6,Foot Locker,21263,Seattle
Men's Athletic Footwear,45,West,850,38250,2020,8,7,Foot Locker,13388,Seattle
Women's Street Footwear,35,West,850,29750,2020,8,8,Foot Locker,7438,Seattle
Women's Athletic Footwear,40,West,700,28000,2020,8,9,Foot Locker,8400,Seattle
Men's Apparel,55,Southeast,750,41250,2020,8,10,Foot Locker,14438,Miami
Women's Apparel,45,Southeast,850,38250,2020,8,11,Foot Locker,19125,Miami
Men's Street Footwear,45,Southeast,1100,49500,2020,8,12,Foot Locker,22275,Miami
Men's Athletic Footwear,45,Southeast,750,33750,2020,8,13,Foot Locker,11813,Miami
Women's Street Footwear,35,Southeast,800,28000,2020,8,14,Foot Locker,7000,Miami
Women's Athletic Footwear,40,Southeast,675,27000,2020,8,15,West Gear,8100,Miami
Men's Apparel,55,Southeast,750,41250,2020,8,16,Foot Locker,14438,Miami
Women's Apparel,45,Southeast,850,38250,2020,8,17,Foot Locker,19125,Miami
Men's Street Footwear,45,Southeast,1070,48150,2020,8,18,Foot Locker,21668,Miami
Men's Athletic Footwear,45,Southeast,750,33750,2020,8,19,Foot Locker,11813,Miami
Women's Street Footwear,35,Southeast,775,27125,2020,8,20,Foot Locker,6781,Miami
Women's Athletic Footwear,40,Southeast,625,25000,2020,8,21,Foot Locker,7500,Miami
Men's Apparel,55,Southeast,675,37125,2020,8,22,Foot Locker,12994,Miami
Women's Apparel,45,Southeast,775,34875,2020,8,23,Foot Locker,17438,Miami
Men's Street Footwear,45,Southeast,1025,46125,2020,4,24,Foot Locker,20756,Miami
Men's Athletic Footwear,45,Southeast,725,32625,2020,4,24,Foot Locker,11419,Miami
Women's Street Footwear,35,Southeast,725,25375,2020,4,24,West Gear,6344,Miami
Women's Athletic Footwear,40,Southeast,650,26000,2020,4,24,West Gear,7800,Miami
Men's Apparel,55,Southeast,675,37125,2020,4,24,West Gear,12994,Miami
Women's Apparel,45,Southeast,800,36000,2020,4,24,West Gear,18000,Miami
Men's Street Footwear,55,Southeast,1070,58850,2020,4,24,West Gear,26483,Miami
Men's Athletic Footwear,55,Southeast,775,42625,2020,4,24,West Gear,14919,Miami
Women's Street Footwear,50,Southeast,750,37500,2020,4,24,West Gear,9375,Miami
Women's Athletic Footwear,50,Southeast,700,35000,2020,4,24,West Gear,10500,Miami
Men's Apparel,60,Southeast,725,43500,2020,4,24,West Gear,15225,Miami
Women's Apparel,65,Southeast,825,53625,2020,4,24,West Gear,26813,Miami
Men's Street Footwear,60,Southeast,1075,64500,2020,4,24,West Gear,29025,Miami
Men's Athletic Footwear,55,Southeast,825,45375,2020,4,24,West Gear,15881,Miami
Women's Street Footwear,50,Southeast,800,40000,2020,9,7,West Gear,10000,Miami
Women's Athletic Footwear,50,Southeast,775,38750,2020,9,8,West Gear,11625,Miami
Men's Apparel,65,Southeast,775,50375,2020,9,9,West Gear,17631,Miami
Women's Apparel,70,Southeast,925,64750,2020,9,10,West Gear,32375,Miami
Men's Street Footwear,65,Southeast,1150,74750,2020,9,11,West Gear,33638,Miami
Men's Athletic Footwear,60,Southeast,900,54000,2020,9,12,West Gear,18900,Miami
Women's Street Footwear,55,Southeast,825,45375,2020,9,13,West Gear,11344,Miami
Women's Athletic Footwear,55,Southeast,775,42625,2020,9,14,West Gear,12788,Miami
Men's Apparel,65,Southeast,800,52000,2020,9,15,West Gear,18200,Miami
Women's Apparel,70,Southeast,975,68250,2020,9,16,West Gear,34125,Miami
Men's Street Footwear,65,Southeast,1125,73125,2020,9,17,West Gear,32906,Miami
Men's Athletic Footwear,60,Southeast,900,54000,2020,9,18,West Gear,18900,Miami
Women's Street Footwear,55,Southeast,825,45375,2020,9,19,West Gear,11344,Miami
Women's Athletic Footwear,45,Southeast,775,34875,2020,9,20,Foot Locker,10463,Miami
Men's Apparel,55,Southeast,750,41250,2020,9,21,Foot Locker,14438,Miami
Women's Apparel,60,Southeast,925,55500,2020,9,22,Foot Locker,27750,Miami
Men's Street Footwear,55,Southeast,1050,57750,2020,9,23,Foot Locker,25988,Miami
Men's Athletic Footwear,50,Southeast,850,42500,2020,9,24,Foot Locker,14875,Miami
Women's Street Footwear,45,Southeast,750,33750,2020,9,25,Sports Direct,8438,Miami
Women's Athletic Footwear,45,Southeast,725,32625,2020,9,26,Sports Direct,9788,Miami
Men's Apparel,55,Southeast,725,39875,2020,9,27,Sports Direct,13956,Miami
Women's Apparel,60,Southeast,825,49500,2020,9,28,Sports Direct,24750,Miami
Men's Street Footwear,60,Southeast,1000,60000,2020,9,29,Sports Direct,27000,Miami
Men's Athletic Footwear,50,Southeast,825,41250,2020,9,30,Sports Direct,14438,Miami
Women's Street Footwear,50,Southeast,725,36250,2020,10,1,Sports Direct,9063,Miami
Women's Athletic Footwear,50,Southeast,700,35000,2020,10,2,Sports Direct,10500,Miami
Men's Apparel,60,Southeast,700,42000,2020,10,3,Sports Direct,14700,Miami
Women's Apparel,65,Southeast,825,53625,2020,10,4,Sports Direct,26813,Miami
Men's Street Footwear,60,Southeast,975,58500,2020,10,5,Sports Direct,26325,Miami
Men's Athletic Footwear,50,Southeast,800,40000,2020,10,6,Sports Direct,14000,Miami
Women's Street Footwear,50,Southeast,745,37250,2020,10,7,Sports Direct,9313,Miami
Women's Athletic Footwear,50,Southeast,775,38750,2020,10,8,Sports Direct,11625,Miami
Men's Apparel,65,Southeast,750,48750,2020,10,9,Sports Direct,17063,Miami
Women's Apparel,70,Southeast,850,59500,2020,10,10,Sports Direct,29750,Miami
Men's Street Footwear,65,Southeast,1075,69875,2020,5,24,Sports Direct,31444,Miami
Men's Athletic Footwear,55,Southeast,875,48125,2020,5,24,Sports Direct,16844,Miami
Women's Street Footwear,55,Southeast,825,45375,2020,5,24,Sports Direct,11344,Miami
Women's Athletic Footwear,55,Southeast,775,42625,2020,5,24,Sports Direct,12788,Miami
Men's Apparel,65,Southeast,775,50375,2020,5,24,Foot Locker,17631,Miami
Women's Apparel,70,Southeast,875,61250,2020,5,24,Foot Locker,30625,Miami
Men's Street Footwear,35,Southeast,450,15750,2020,10,17,Foot Locker,5513,Miami
Men's Athletic Footwear,35,Southeast,250,8750,2020,10,18,Foot Locker,2625,Miami
Women's Street Footwear,25,Southeast,250,6250,2020,10,19,Foot Locker,1875,Miami
Women's Athletic Footwear,30,Southeast,100,3000,2020,10,20,Foot Locker,1050,Miami
Men's Apparel,45,Midwest,150,6750,2020,10,21,Foot Locker,2025,Minneapolis
Women's Apparel,35,Midwest,250,8750,2020,10,22,Foot Locker,3938,Minneapolis
Men's Street Footwear,35,Midwest,500,17500,2020,10,23,Foot Locker,6125,Minneapolis
Men's Athletic Footwear,35,Midwest,150,5250,2020,10,24,Foot Locker,1575,Minneapolis
Women's Street Footwear,25,Midwest,200,5000,2020,10,25,Foot Locker,1500,Minneapolis
Women's Athletic Footwear,30,Midwest,75,2250,2020,10,26,Foot Locker,788,Minneapolis
Men's Apparel,45,Midwest,150,6750,2020,10,27,Foot Locker,2025,Minneapolis
Women's Apparel,35,Midwest,225,7875,2020,10,28,Foot Locker,3544,Minneapolis
Men's Street Footwear,40,Midwest,445,17800,2020,10,29,Foot Locker,6230,Minneapolis
Men's Athletic Footwear,40,Midwest,125,5000,2020,10,30,Foot Locker,1500,Minneapolis
Women's Street Footwear,30,Midwest,175,5250,2020,10,31,Foot Locker,1575,Minneapolis
Women's Athletic Footwear,35,Midwest,25,875,2020,11,1,Foot Locker,306,Minneapolis
Men's Apparel,50,Midwest,75,3750,2020,11,2,Foot Locker,1125,Minneapolis
Women's Apparel,40,Midwest,175,7000,2020,11,3,Foot Locker,3150,Minneapolis
Men's Street Footwear,40,Midwest,400,16000,2020,11,4,Foot Locker,5600,Minneapolis
Men's Athletic Footwear,40,Midwest,100,4000,2020,11,5,Foot Locker,1200,Minneapolis
Women's Street Footwear,30,Midwest,100,3000,2020,11,6,Foot Locker,900,Minneapolis
Women's Athletic Footwear,35,Midwest,25,875,2020,11,7,Foot Locker,306,Minneapolis
Men's Apparel,50,Midwest,50,2500,2020,11,8,Foot Locker,750,Minneapolis
Women's Apparel,40,Midwest,175,7000,2020,11,9,Foot Locker,3150,Minneapolis
Men's Street Footwear,50,Midwest,445,22250,2020,11,10,Foot Locker,7788,Minneapolis
Men's Athletic Footwear,45,Midwest,150,6750,2020,11,11,Foot Locker,2025,Minneapolis
Women's Street Footwear,40,Midwest,125,5000,2020,11,12,Foot Locker,1500,Minneapolis
Women's Athletic Footwear,40,Midwest,50,2000,2020,11,13,Foot Locker,700,Minneapolis
Men's Apparel,55,Midwest,75,4125,2020,11,14,Foot Locker,1238,Minneapolis
Women's Apparel,60,Midwest,175,10500,2020,11,15,Foot Locker,4725,Minneapolis
Men's Street Footwear,45,Midwest,425,19125,2020,11,16,Foot Locker,6694,Minneapolis
Men's Athletic Footwear,40,Midwest,175,7000,2020,11,17,Foot Locker,2100,Minneapolis
Women's Street Footwear,35,Midwest,175,6125,2020,11,18,Foot Locker,1838,Minneapolis
Women's Athletic Footwear,35,Midwest,150,5250,2020,11,19,Foot Locker,1838,Minneapolis
Men's Apparel,50,Midwest,150,7500,2020,11,20,Foot Locker,2250,Minneapolis
Women's Apparel,55,Midwest,325,17875,2020,11,21,Foot Locker,8044,Minneapolis
Men's Street Footwear,50,Midwest,550,27500,2020,11,22,Foot Locker,9625,Minneapolis
Men's Athletic Footwear,45,Midwest,300,13500,2020,11,23,Foot Locker,4050,Minneapolis
Women's Street Footwear,40,Midwest,225,9000,2020,11,24,Foot Locker,2700,Minneapolis
Women's Athletic Footwear,40,Midwest,175,7000,2020,11,25,Foot Locker,2450,Minneapolis
Men's Apparel,50,Midwest,200,10000,2020,11,26,Foot Locker,3000,Minneapolis
Women's Apparel,55,Midwest,375,20625,2020,11,27,Foot Locker,9281,Minneapolis
Men's Street Footwear,50,Midwest,525,26250,2020,11,28,Foot Locker,9188,Minneapolis
Men's Athletic Footwear,45,Midwest,300,13500,2020,11,29,Foot Locker,4050,Minneapolis
Women's Street Footwear,40,Midwest,225,9000,2020,11,30,Foot Locker,2700,Minneapolis
Women's Athletic Footwear,35,Midwest,175,6125,2020,12,1,Foot Locker,2144,Minneapolis
Men's Apparel,45,Midwest,150,6750,2020,12,2,Foot Locker,2025,Minneapolis
Women's Apparel,50,Midwest,325,16250,2020,12,3,Foot Locker,7313,Minneapolis
Men's Street Footwear,45,Midwest,450,20250,2020,12,4,Foot Locker,7088,Minneapolis
Men's Athletic Footwear,40,Midwest,250,10000,2020,12,5,Foot Locker,3000,Minneapolis
Women's Street Footwear,25,Midwest,150,3750,2020,12,6,Foot Locker,1125,Minneapolis
Women's Athletic Footwear,25,Midwest,125,3125,2020,12,7,Foot Locker,1094,Minneapolis
Men's Apparel,35,Midwest,125,4375,2020,12,8,Foot Locker,1313,Minneapolis
Women's Apparel,40,Midwest,200,8000,2020,12,9,Foot Locker,3600,Minneapolis
Men's Street Footwear,45,Midwest,375,16875,2020,12,10,Foot Locker,5906,Minneapolis
Men's Athletic Footwear,35,Midwest,200,7000,2020,12,11,Foot Locker,2100,Minneapolis
Women's Street Footwear,35,Midwest,100,3500,2020,12,12,Foot Locker,1050,Minneapolis
Women's Athletic Footwear,35,Midwest,75,2625,2020,12,13,Foot Locker,919,Minneapolis
Men's Apparel,45,Midwest,75,3375,2020,12,14,Foot Locker,1013,Minneapolis
Women's Apparel,50,Midwest,200,10000,2020,12,15,Foot Locker,4500,Minneapolis
Men's Street Footwear,50,Midwest,350,17500,2020,12,16,Foot Locker,6125,Minneapolis
Men's Athletic Footwear,40,Midwest,200,8000,2020,12,17,Foot Locker,2400,Minneapolis
Women's Street Footwear,40,Midwest,145,5800,2020,12,18,Foot Locker,1740,Minneapolis
Women's Athletic Footwear,40,Midwest,150,6000,2020,12,19,Foot Locker,2100,Minneapolis
Men's Apparel,55,Midwest,125,6875,2020,12,20,Foot Locker,2063,Minneapolis
Women's Apparel,60,Midwest,225,13500,2020,12,21,Foot Locker,6075,Minneapolis
Men's Street Footwear,55,Midwest,475,26125,2020,12,22,Foot Locker,9144,Minneapolis
Men's Athletic Footwear,45,Midwest,275,12375,2020,12,23,Foot Locker,3713,Minneapolis
Women's Street Footwear,45,Midwest,225,10125,2020,12,24,Foot Locker,3038,Minneapolis
Women's Athletic Footwear,45,Midwest,175,7875,2020,12,25,Foot Locker,2756,Minneapolis
Men's Apparel,55,Midwest,175,9625,2020,12,26,Foot Locker,2888,Minneapolis
Women's Apparel,60,Midwest,275,16500,2020,12,27,Foot Locker,7425,Minneapolis
Men's Street Footwear,35,Midwest,475,16625,2020,12,28,Kohl'S,7481,Minneapolis
Men's Athletic Footwear,45,Midwest,475,21375,2020,12,29,Kohl'S,6413,Minneapolis
Women's Street Footwear,45,Midwest,475,21375,2020,12,30,Kohl'S,9619,Minneapolis
Women's Athletic Footwear,45,Midwest,325,14625,2020,12,31,Kohl'S,5850,Minneapolis
Men's Apparel,50,Midwest,275,13750,2021,1,1,Kohl'S,8250,Billings
Women's Apparel,45,Midwest,475,21375,2021,1,2,Kohl'S,5344,Billings
Men's Street Footwear,35,Midwest,525,18375,2021,1,3,Kohl'S,8269,Billings
Men's Athletic Footwear,45,Midwest,425,19125,2021,1,4,Kohl'S,5738,Billings
Women's Street Footwear,45,Midwest,450,20250,2021,1,5,Kohl'S,9113,Billings
Women's Athletic Footwear,45,Midwest,300,13500,2021,1,6,Kohl'S,5400,Billings
Men's Apparel,50,Midwest,225,11250,2021,1,7,Kohl'S,6750,Billings
Women's Apparel,45,Midwest,425,19125,2021,1,8,Kohl'S,4781,Billings
Men's Street Footwear,35,Midwest,575,20125,2021,1,9,Kohl'S,9056,Billings
Men's Athletic Footwear,45,Midwest,425,19125,2021,1,10,Kohl'S,5738,Billings
Women's Street Footwear,45,Midwest,425,19125,2021,1,11,Kohl'S,8606,Billings
Women's Athletic Footwear,45,Midwest,325,14625,2021,1,12,Kohl'S,5850,Billings
Men's Apparel,50,Midwest,200,10000,2021,1,13,Kohl'S,6000,Billings
Women's Apparel,45,Midwest,400,18000,2021,1,14,Kohl'S,4500,Billings
Men's Street Footwear,45,Midwest,575,25875,2021,1,15,Kohl'S,11644,Billings
Men's Athletic Footwear,45,Midwest,375,16875,2021,1,16,Kohl'S,5063,Billings
Women's Street Footwear,45,Midwest,400,18000,2021,1,17,Kohl'S,8100,Billings
Women's Athletic Footwear,40,Midwest,300,12000,2021,1,18,Kohl'S,4800,Billings
Men's Apparel,45,Midwest,200,9000,2021,1,19,Kohl'S,5400,Billings
Women's Apparel,60,Midwest,375,22500,2021,1,20,Kohl'S,5625,Billings
Men's Street Footwear,40,Midwest,575,23000,2021,1,21,Kohl'S,10350,Billings
Men's Athletic Footwear,45,Midwest,425,19125,2021,1,22,Kohl'S,5738,Billings
Women's Street Footwear,45,Midwest,425,19125,2021,1,23,Kohl'S,8606,Billings
Women's Athletic Footwear,40,Midwest,325,13000,2021,1,24,Kohl'S,5200,Billings
Men's Apparel,45,Midwest,225,10125,2021,1,25,Kohl'S,6075,Billings
Women's Apparel,60,Midwest,400,24000,2021,1,26,Kohl'S,6000,Billings
Men's Street Footwear,40,Midwest,675,27000,2021,1,27,Kohl'S,12150,Billings
Men's Athletic Footwear,45,Midwest,525,23625,2021,1,28,Kohl'S,7088,Billings
Women's Street Footwear,45,Midwest,550,24750,2021,1,29,Kohl'S,11138,Billings
Women's Athletic Footwear,40,Midwest,425,17000,2021,1,30,Kohl'S,6800,Billings
Men's Apparel,45,Midwest,300,13500,2021,1,31,Kohl'S,8100,Billings
Women's Apparel,60,Midwest,600,36000,2021,2,1,Kohl'S,9000,Billings
Men's Street Footwear,40,Midwest,750,30000,2021,2,2,Kohl'S,13500,Billings
Men's Athletic Footwear,45,Midwest,600,27000,2021,2,3,Kohl'S,8100,Billings
Women's Street Footwear,45,Midwest,550,24750,2021,2,4,Kohl'S,11138,Billings
Women's Athletic Footwear,40,Midwest,450,18000,2021,2,5,Kohl'S,7200,Billings
Men's Apparel,45,Midwest,475,21375,2021,2,6,Kohl'S,12825,Billings
Women's Apparel,60,Midwest,475,28500,2021,2,7,Kohl'S,7125,Billings
Men's Street Footwear,45,Midwest,675,30375,2021,2,8,Kohl'S,13669,Billings
Men's Athletic Footwear,55,Midwest,625,34375,2021,2,9,Kohl'S,10313,Billings
Women's Street Footwear,50,Midwest,500,25000,2021,2,10,Kohl'S,11250,Billings
Women's Athletic Footwear,45,Midwest,425,19125,2021,2,11,Kohl'S,7650,Billings
Men's Apparel,55,Midwest,425,23375,2021,2,12,Kohl'S,14025,Billings
Women's Apparel,60,Midwest,400,24000,2021,2,13,Kohl'S,6000,Billings
Men's Street Footwear,45,Midwest,600,27000,2021,2,14,Kohl'S,12150,Billings
Men's Athletic Footwear,50,Midwest,600,30000,2021,2,15,Kohl'S,9000,Billings
Women's Street Footwear,45,Midwest,450,20250,2021,2,16,Kohl'S,9113,Billings
Women's Athletic Footwear,45,Midwest,400,18000,2021,2,17,Kohl'S,7200,Billings
Men's Apparel,55,Midwest,400,22000,2021,2,18,Kohl'S,13200,Billings
Women's Apparel,60,Midwest,450,27000,2021,2,19,Kohl'S,6750,Billings
Men's Street Footwear,45,Midwest,550,24750,2021,2,20,Kohl'S,11138,Billings
Men's Athletic Footwear,50,Midwest,550,27500,2021,2,21,Kohl'S,8250,Billings
Women's Street Footwear,45,Midwest,400,18000,2021,2,22,Kohl'S,8100,Billings
Women's Athletic Footwear,45,Midwest,375,16875,2021,2,23,Kohl'S,6750,Billings
Men's Apparel,55,Midwest,350,19250,2021,2,24,Kohl'S,11550,Billings
Women's Apparel,60,Midwest,400,24000,2021,2,25,Kohl'S,6000,Billings
Men's Street Footwear,40,Midwest,575,23000,2021,2,26,Kohl'S,10350,Billings
Men's Athletic Footwear,45,Midwest,575,25875,2021,2,27,Kohl'S,7763,Billings
Women's Street Footwear,40,Midwest,425,17000,2021,2,28,Kohl'S,7650,Billings
Women's Athletic Footwear,40,Midwest,425,17000,2021,3,1,Kohl'S,6800,Billings
Men's Apparel,55,Midwest,375,20625,2021,3,2,Kohl'S,12375,Billings
Women's Apparel,60,Midwest,475,28500,2021,3,3,Kohl'S,7125,Billings
Men's Street Footwear,45,Midwest,675,30375,2021,3,4,Kohl'S,13669,Billings
Men's Athletic Footwear,50,Midwest,675,33750,2021,3,5,Kohl'S,10125,Billings
Women's Street Footwear,45,Midwest,475,21375,2021,3,6,Kohl'S,9619,Billings
Women's Athletic Footwear,45,Midwest,475,21375,2021,3,7,Kohl'S,8550,Billings
Men's Apparel,55,Midwest,400,22000,2021,3,8,Kohl'S,13200,Billings
Women's Apparel,60,Midwest,500,30000,2021,3,9,Kohl'S,7500,Billings
Men's Street Footwear,20,Midwest,700,14000,2021,3,10,Sports Direct,4900,Billings
Men's Athletic Footwear,30,Midwest,700,21000,2021,3,11,Sports Direct,7350,Billings
Women's Street Footwear,30,Midwest,500,15000,2021,3,12,Sports Direct,5250,Billings
Women's Athletic Footwear,35,Midwest,500,17500,2021,3,13,Sports Direct,7875,Billings
Men's Apparel,40,South,350,14000,2021,3,14,Sports Direct,4200,Knoxville
Women's Apparel,35,South,500,17500,2021,3,15,Sports Direct,8750,Knoxville
Men's Street Footwear,25,South,650,16250,2021,3,16,Sports Direct,5688,Knoxville
Men's Athletic Footwear,35,South,625,21875,2021,3,17,Sports Direct,7656,Knoxville
Women's Street Footwear,35,South,450,15750,2021,3,18,Sports Direct,5513,Knoxville
Women's Athletic Footwear,35,South,400,14000,2021,3,19,Sports Direct,6300,Knoxville
Men's Apparel,40,South,275,11000,2021,3,20,Sports Direct,3300,Knoxville
Women's Apparel,35,South,475,16625,2021,3,21,Sports Direct,8313,Knoxville
Men's Street Footwear,30,South,650,19500,2021,3,22,Sports Direct,7800,Knoxville
Men's Athletic Footwear,40,South,650,26000,2021,3,23,Sports Direct,10400,Knoxville
Women's Street Footwear,30,South,475,14250,2021,3,24,Sports Direct,5700,Knoxville
Women's Athletic Footwear,35,South,375,13125,2021,3,25,Sports Direct,6563,Knoxville
Men's Apparel,40,South,275,11000,2021,3,26,Sports Direct,3850,Knoxville
Women's Apparel,35,South,425,14875,2021,3,27,Sports Direct,8181,Knoxville
Men's Street Footwear,20,South,675,13500,2021,3,28,Sports Direct,5400,Knoxville
Men's Athletic Footwear,25,South,675,16875,2021,3,29,Sports Direct,6750,Knoxville
Women's Street Footwear,20,South,500,10000,2021,3,30,Sports Direct,4000,Knoxville
Women's Athletic Footwear,25,South,400,10000,2021,3,31,Sports Direct,5000,Knoxville
Men's Apparel,30,South,300,9000,2021,4,1,Sports Direct,3150,Knoxville
Women's Apparel,25,South,575,14375,2021,4,2,Sports Direct,7906,Knoxville
Men's Street Footwear,15,South,725,10875,2021,4,3,Sports Direct,4350,Knoxville
Men's Athletic Footwear,25,South,750,18750,2021,4,4,Sports Direct,7500,Knoxville
Women's Street Footwear,20,South,600,12000,2021,4,5,Sports Direct,4800,Knoxville
Women's Athletic Footwear,30,South,525,15750,2021,4,6,Sports Direct,7875,Knoxville
Men's Apparel,45,South,425,19125,2021,4,7,Sports Direct,6694,Knoxville
Women's Apparel,40,South,775,31000,2021,4,8,Sports Direct,17050,Knoxville
Men's Street Footwear,40,South,775,31000,2021,4,9,Sports Direct,12400,Knoxville
Men's Athletic Footwear,45,South,775,34875,2021,4,10,Sports Direct,13950,Knoxville
Women's Street Footwear,40,South,650,26000,2021,4,11,Sports Direct,10400,Knoxville
Women's Athletic Footwear,40,South,600,24000,2021,4,12,Sports Direct,12000,Knoxville
Men's Apparel,45,South,500,22500,2021,4,13,Sports Direct,7875,Knoxville
Women's Apparel,50,South,875,43750,2021,4,14,Sports Direct,24063,Knoxville
Men's Street Footwear,40,South,825,33000,2021,4,15,Sports Direct,14850,Knoxville
Men's Athletic Footwear,45,South,825,37125,2021,4,16,Sports Direct,16706,Knoxville
Women's Street Footwear,40,South,975,39000,2021,4,17,Sports Direct,17550,Knoxville
Women's Athletic Footwear,40,South,575,23000,2021,4,18,Sports Direct,12650,Knoxville
Men's Apparel,45,South,550,24750,2021,4,19,Sports Direct,9900,Knoxville
Women's Apparel,55,South,825,45375,2021,4,20,Sports Direct,27225,Knoxville
Men's Street Footwear,45,South,775,34875,2021,4,21,Sports Direct,15694,Knoxville
Men's Athletic Footwear,55,South,775,42625,2021,4,22,Sports Direct,19181,Knoxville
Women's Street Footwear,50,South,950,47500,2021,4,23,Sports Direct,21375,Knoxville
Women's Athletic Footwear,45,South,475,21375,2021,4,24,Sports Direct,11756,Knoxville
Men's Apparel,50,South,475,23750,2021,4,25,Sports Direct,9500,Knoxville
Women's Apparel,55,South,725,39875,2021,4,26,Sports Direct,23925,Knoxville
Men's Street Footwear,50,South,675,33750,2021,4,27,Sports Direct,15188,Knoxville
Men's Athletic Footwear,50,South,625,31250,2021,4,28,Sports Direct,14063,Knoxville
Women's Street Footwear,55,South,675,37125,2021,4,29,Sports Direct,16706,Knoxville
Women's Athletic Footwear,55,South,400,22000,2021,4,30,Sports Direct,12100,Knoxville
Men's Apparel,50,South,400,20000,2021,5,1,Sports Direct,8000,Knoxville
Women's Apparel,45,South,625,28125,2021,5,2,Sports Direct,16875,Knoxville
Men's Street Footwear,35,South,575,20125,2021,5,3,Sports Direct,9056,Knoxville
Men's Athletic Footwear,35,South,575,20125,2021,5,4,Sports Direct,9056,Knoxville
Women's Street Footwear,40,South,525,21000,2021,5,5,Sports Direct,9450,Knoxville
Women's Athletic Footwear,40,South,375,15000,2021,5,6,Sports Direct,8250,Knoxville
Men's Apparel,35,South,350,12250,2021,5,7,Sports Direct,4900,Knoxville
Women's Apparel,45,South,525,23625,2021,5,8,Sports Direct,14175,Knoxville
Men's Street Footwear,30,South,675,20250,2021,5,9,Sports Direct,9113,Knoxville
Men's Athletic Footwear,30,South,675,20250,2021,5,10,Sports Direct,9113,Knoxville
Women's Street Footwear,55,South,600,33000,2021,5,11,Sports Direct,14850,Knoxville
Women's Athletic Footwear,55,South,475,26125,2021,5,12,Sports Direct,14369,Knoxville
Men's Apparel,55,South,450,24750,2021,5,13,Sports Direct,9900,Knoxville
Women's Apparel,65,South,650,42250,2021,5,14,Sports Direct,25350,Knoxville
Men's Street Footwear,55,South,800,44000,2021,5,15,Sports Direct,19800,Knoxville
Men's Athletic Footwear,55,South,800,44000,2021,5,16,Sports Direct,19800,Knoxville
Women's Street Footwear,60,South,700,42000,2021,5,17,Sports Direct,18900,Knoxville
Women's Athletic Footwear,60,South,550,33000,2021,5,18,Sports Direct,18150,Knoxville
Men's Apparel,55,South,500,27500,2021,5,19,Sports Direct,11000,Knoxville
Women's Apparel,65,South,750,48750,2021,5,20,Sports Direct,29250,Knoxville
Men's Street Footwear,35,South,425,14875,2021,5,21,Foot Locker,5950,Knoxville
Men's Athletic Footwear,35,South,225,7875,2021,5,22,Foot Locker,2756,Knoxville
Women's Street Footwear,25,South,225,5625,2021,5,23,Foot Locker,1969,Knoxville
Women's Athletic Footwear,30,South,75,2250,2021,5,24,Foot Locker,900,Knoxville
Men's Apparel,45,Midwest,125,5625,2021,5,25,Foot Locker,1969,Omaha
Women's Apparel,35,Midwest,225,7875,2021,5,26,Foot Locker,3938,Omaha
Men's Street Footwear,35,Midwest,475,16625,2021,5,27,Foot Locker,6650,Omaha
Men's Athletic Footwear,35,Midwest,125,4375,2021,5,28,Foot Locker,1531,Omaha
Women's Street Footwear,25,Midwest,175,4375,2021,5,29,Foot Locker,1531,Omaha
Women's Athletic Footwear,30,Midwest,50,1500,2021,5,30,Foot Locker,600,Omaha
Men's Apparel,45,Midwest,125,5625,2021,5,31,Foot Locker,1969,Omaha
Women's Apparel,35,Midwest,200,7000,2021,6,1,Foot Locker,3500,Omaha
Men's Street Footwear,40,Midwest,420,16800,2021,6,2,Foot Locker,6720,Omaha
Men's Athletic Footwear,40,Midwest,100,4000,2021,6,3,Foot Locker,1400,Omaha
Women's Street Footwear,30,Midwest,150,4500,2021,6,4,Foot Locker,1575,Omaha
Men's Apparel,50,Midwest,50,2500,2021,6,6,Foot Locker,875,Omaha
Women's Apparel,40,Midwest,150,6000,2021,6,7,Foot Locker,3000,Omaha
Men's Street Footwear,40,Midwest,375,15000,2021,6,8,Foot Locker,6000,Omaha
Men's Athletic Footwear,35,Midwest,75,2625,2021,6,9,Foot Locker,919,Omaha
Women's Street Footwear,25,Midwest,75,1875,2021,6,10,Foot Locker,656,Omaha
Men's Apparel,45,Midwest,25,1125,2021,6,12,Foot Locker,394,Omaha
Women's Apparel,35,Midwest,150,5250,2021,6,13,Foot Locker,2625,Omaha
Men's Street Footwear,45,Midwest,420,18900,2021,6,14,Foot Locker,7560,Omaha
Men's Athletic Footwear,40,Midwest,125,5000,2021,6,15,Foot Locker,1750,Omaha
Women's Street Footwear,35,Midwest,100,3500,2021,6,16,Foot Locker,1225,Omaha
Women's Athletic Footwear,35,Midwest,25,875,2021,6,17,Foot Locker,350,Omaha
Men's Apparel,50,Midwest,50,2500,2021,6,18,Foot Locker,875,Omaha
Women's Apparel,55,Midwest,150,8250,2021,6,19,Foot Locker,4125,Omaha
Men's Street Footwear,40,Midwest,400,16000,2021,6,20,Foot Locker,6400,Omaha
Men's Athletic Footwear,35,Midwest,150,5250,2021,6,21,Foot Locker,1838,Omaha
Women's Street Footwear,30,Midwest,175,5250,2021,6,22,Foot Locker,1838,Omaha
Women's Athletic Footwear,30,Midwest,150,4500,2021,6,23,Foot Locker,1800,Omaha
Men's Apparel,45,Midwest,150,6750,2021,6,24,Foot Locker,2363,Omaha
Women's Apparel,50,Midwest,325,16250,2021,6,25,Foot Locker,8125,Omaha
Men's Street Footwear,45,Midwest,550,24750,2021,6,26,Foot Locker,9900,Omaha
Men's Athletic Footwear,40,Midwest,300,12000,2021,6,27,Foot Locker,4200,Omaha
Women's Street Footwear,35,Midwest,225,7875,2021,6,28,Foot Locker,2756,Omaha
Women's Athletic Footwear,35,Midwest,175,6125,2021,6,29,Foot Locker,2450,Omaha
Men's Apparel,45,Midwest,175,7875,2021,6,30,Foot Locker,2756,Omaha
Women's Apparel,50,Midwest,350,17500,2021,7,1,Foot Locker,8750,Omaha
Men's Street Footwear,45,Midwest,500,22500,2021,7,2,Foot Locker,9000,Omaha
Men's Athletic Footwear,45,Midwest,275,12375,2021,7,3,Foot Locker,4331,Omaha
Women's Street Footwear,40,Midwest,200,8000,2021,7,4,Foot Locker,2800,Omaha
Women's Athletic Footwear,30,Midwest,125,3750,2021,7,5,Foot Locker,1500,Omaha
Men's Apparel,40,Midwest,100,4000,2021,7,6,Foot Locker,1400,Omaha
Women's Apparel,45,Midwest,275,12375,2021,7,7,Foot Locker,6188,Omaha
Men's Street Footwear,40,Midwest,400,16000,2021,7,8,Foot Locker,6400,Omaha
Men's Athletic Footwear,35,Midwest,200,7000,2021,7,9,Foot Locker,2450,Omaha
Women's Street Footwear,20,Midwest,100,2000,2021,7,10,Foot Locker,700,Omaha
Women's Athletic Footwear,20,Midwest,75,1500,2021,7,11,Foot Locker,600,Omaha
Men's Apparel,30,Midwest,75,2250,2021,7,12,Foot Locker,788,Omaha
Women's Apparel,35,Midwest,150,5250,2021,7,13,Foot Locker,2625,Omaha
Men's Street Footwear,40,Midwest,325,13000,2021,7,14,Foot Locker,5200,Omaha
Men's Athletic Footwear,30,Midwest,150,4500,2021,7,15,Foot Locker,1575,Omaha
Women's Street Footwear,30,Midwest,50,1500,2021,7,16,Foot Locker,525,Omaha
Women's Athletic Footwear,30,Midwest,25,750,2021,7,17,Foot Locker,300,Omaha
Men's Apparel,40,Midwest,25,1000,2021,7,18,Foot Locker,350,Omaha
Women's Apparel,45,Midwest,150,6750,2021,7,19,Foot Locker,3375,Omaha
Men's Street Footwear,40,Midwest,300,12000,2021,7,20,Foot Locker,4800,Omaha
Men's Athletic Footwear,30,Midwest,150,4500,2021,7,21,Foot Locker,1575,Omaha
Women's Street Footwear,30,Midwest,95,2850,2021,7,22,Foot Locker,998,Omaha
Women's Athletic Footwear,30,Midwest,125,3750,2021,7,23,Foot Locker,1500,Omaha
Men's Apparel,50,Midwest,100,5000,2021,7,24,Foot Locker,1750,Omaha
Women's Apparel,55,Midwest,200,11000,2021,7,25,Foot Locker,5500,Omaha
Men's Street Footwear,50,Midwest,450,22500,2021,7,26,Foot Locker,9000,Omaha
Men's Athletic Footwear,40,Midwest,250,10000,2021,7,27,Foot Locker,3500,Omaha
Women's Street Footwear,40,Midwest,200,8000,2021,7,28,Foot Locker,2800,Omaha
Women's Athletic Footwear,40,Midwest,150,6000,2021,7,29,Foot Locker,2400,Omaha
Men's Apparel,50,Midwest,150,7500,2021,7,30,Foot Locker,2625,Omaha
Women's Apparel,55,Midwest,250,13750,2021,7,31,Foot Locker,6875,Omaha
Men's Street Footwear,20,Midwest,675,13500,2021,8,1,Sports Direct,5400,Omaha
Men's Athletic Footwear,30,Midwest,675,20250,2021,8,2,Sports Direct,8100,Omaha
Women's Street Footwear,30,Midwest,475,14250,2021,8,3,Sports Direct,5700,Omaha
Women's Athletic Footwear,35,Midwest,475,16625,2021,8,4,Sports Direct,8313,Omaha
Men's Apparel,40,South,325,13000,2021,8,5,Sports Direct,4550,Birmingham
Women's Apparel,35,South,475,16625,2021,8,6,Sports Direct,9144,Birmingham
Men's Street Footwear,25,South,625,15625,2021,8,7,Sports Direct,6250,Birmingham
Men's Athletic Footwear,35,South,600,21000,2021,8,8,Sports Direct,8400,Birmingham
Women's Street Footwear,35,South,425,14875,2021,8,9,Sports Direct,5950,Birmingham
Women's Athletic Footwear,35,South,375,13125,2021,8,10,Sports Direct,6563,Birmingham
Men's Apparel,40,South,250,10000,2021,8,11,Sports Direct,3500,Birmingham
Women's Apparel,35,South,450,15750,2021,8,12,Sports Direct,8663,Birmingham
Men's Street Footwear,30,South,625,18750,2021,8,13,Sports Direct,8438,Birmingham
Men's Athletic Footwear,40,South,625,25000,2021,8,14,Sports Direct,11250,Birmingham
Women's Street Footwear,30,South,450,13500,2021,8,15,Sports Direct,6075,Birmingham
Women's Athletic Footwear,35,South,350,12250,2021,8,16,Sports Direct,6738,Birmingham
Men's Apparel,40,South,250,10000,2021,8,17,Sports Direct,4000,Birmingham
Women's Apparel,35,South,400,14000,2021,8,18,Sports Direct,8400,Birmingham
Men's Street Footwear,20,South,650,13000,2021,8,19,Sports Direct,5850,Birmingham
Men's Athletic Footwear,20,South,650,13000,2021,8,20,Sports Direct,5850,Birmingham
Women's Street Footwear,15,South,475,7125,2021,8,21,Sports Direct,3206,Birmingham
Women's Athletic Footwear,20,South,375,7500,2021,8,22,Sports Direct,4125,Birmingham
Men's Apparel,25,South,275,6875,2021,8,23,Sports Direct,2750,Birmingham
Women's Apparel,20,South,550,11000,2021,8,24,Sports Direct,6600,Birmingham
Men's Street Footwear,10,South,700,7000,2021,8,25,Sports Direct,3150,Birmingham
Men's Athletic Footwear,20,South,725,14500,2021,8,26,Sports Direct,6525,Birmingham
Women's Street Footwear,15,South,575,8625,2021,8,27,Sports Direct,3881,Birmingham
Women's Athletic Footwear,35,South,500,17500,2021,8,28,Sports Direct,9625,Birmingham
Men's Apparel,50,South,400,20000,2021,8,29,Sports Direct,8000,Birmingham
Women's Apparel,45,South,750,33750,2021,8,30,Sports Direct,20250,Birmingham
Men's Street Footwear,45,South,750,33750,2021,8,31,Sports Direct,15188,Birmingham
Men's Athletic Footwear,50,South,750,37500,2021,9,1,Sports Direct,16875,Birmingham
Women's Street Footwear,45,South,650,29250,2021,9,2,Sports Direct,13163,Birmingham
Women's Athletic Footwear,45,South,600,27000,2021,9,3,Sports Direct,14850,Birmingham
Men's Apparel,50,South,500,25000,2021,9,4,Sports Direct,10000,Birmingham
Women's Apparel,55,South,875,48125,2021,9,5,Sports Direct,28875,Birmingham
Men's Street Footwear,45,South,825,37125,2021,9,6,Sports Direct,18563,Birmingham
Men's Athletic Footwear,50,South,825,41250,2021,9,7,Sports Direct,20625,Birmingham
Women's Street Footwear,45,South,975,43875,2021,9,8,Sports Direct,21938,Birmingham
Women's Athletic Footwear,45,South,575,25875,2021,9,9,Sports Direct,15525,Birmingham
Men's Apparel,50,South,525,26250,2021,9,10,Sports Direct,11813,Birmingham
Women's Apparel,60,South,800,48000,2021,9,11,Sports Direct,31200,Birmingham
Men's Street Footwear,40,South,750,30000,2021,9,12,Sports Direct,15000,Birmingham
Men's Athletic Footwear,55,South,750,41250,2021,9,13,Sports Direct,20625,Birmingham
Women's Street Footwear,55,South,925,50875,2021,9,14,Sports Direct,25438,Birmingham
Women's Athletic Footwear,50,South,425,21250,2021,9,15,Sports Direct,12750,Birmingham
Men's Apparel,55,South,425,23375,2021,9,16,Sports Direct,10519,Birmingham
Women's Apparel,60,South,675,40500,2021,9,17,Sports Direct,26325,Birmingham
Men's Street Footwear,55,South,625,34375,2021,9,18,Sports Direct,17188,Birmingham
Men's Athletic Footwear,55,South,575,31625,2021,9,19,Sports Direct,15813,Birmingham
Women's Street Footwear,60,South,625,37500,2021,9,20,Sports Direct,18750,Birmingham
Women's Athletic Footwear,60,South,350,21000,2021,9,21,Sports Direct,12600,Birmingham
Men's Apparel,45,South,350,15750,2021,9,22,Sports Direct,7088,Birmingham
Women's Apparel,40,South,575,23000,2021,9,23,Sports Direct,14950,Birmingham
Men's Street Footwear,30,South,525,15750,2021,9,24,Sports Direct,7875,Birmingham
Men's Athletic Footwear,30,South,525,15750,2021,9,25,Sports Direct,7875,Birmingham
Women's Street Footwear,35,South,475,16625,2021,9,26,Sports Direct,8313,Birmingham
Women's Athletic Footwear,35,South,325,11375,2021,9,27,Sports Direct,6825,Birmingham
Men's Apparel,30,South,300,9000,2021,9,28,Sports Direct,4050,Birmingham
Women's Apparel,40,South,475,19000,2021,9,29,Sports Direct,12350,Birmingham
Men's Street Footwear,20,South,625,12500,2021,9,30,Sports Direct,6250,Birmingham
Men's Athletic Footwear,20,South,625,12500,2021,10,1,Sports Direct,6250,Birmingham
Women's Street Footwear,45,South,575,25875,2021,10,2,Sports Direct,12938,Birmingham
Women's Athletic Footwear,45,South,450,20250,2021,10,3,Sports Direct,12150,Birmingham
Men's Apparel,50,South,425,21250,2021,10,4,Sports Direct,9563,Birmingham
Women's Apparel,60,South,625,37500,2021,10,5,Sports Direct,24375,Birmingham
Men's Street Footwear,60,South,775,46500,2021,10,6,Sports Direct,23250,Birmingham
Men's Athletic Footwear,60,South,775,46500,2021,10,7,Sports Direct,23250,Birmingham
Women's Street Footwear,65,South,700,45500,2021,10,8,Sports Direct,22750,Birmingham
Women's Athletic Footwear,65,South,550,35750,2021,10,9,Sports Direct,21450,Birmingham
Men's Apparel,60,South,500,30000,2021,10,10,Sports Direct,13500,Birmingham
Women's Apparel,70,South,750,52500,2021,10,11,Sports Direct,34125,Birmingham
Men's Street Footwear,40,South,450,18000,2021,10,12,Amazon,6300,Birmingham
Men's Athletic Footwear,40,South,250,10000,2021,10,13,Amazon,3500,Birmingham
Women's Street Footwear,30,South,250,7500,2021,10,14,Amazon,3000,Birmingham
Women's Athletic Footwear,35,South,100,3500,2021,10,15,Amazon,1050,Birmingham
Men's Apparel,50,Northeast,150,7500,2021,10,16,Amazon,1875,Portland
Women's Apparel,40,Northeast,250,10000,2021,10,17,Amazon,4000,Portland
Men's Street Footwear,40,Northeast,500,20000,2021,10,18,Amazon,7000,Portland
Men's Athletic Footwear,40,Northeast,150,6000,2021,10,19,Amazon,2100,Portland
Women's Street Footwear,30,Northeast,200,6000,2021,10,20,Amazon,2400,Portland
Women's Athletic Footwear,35,Northeast,75,2625,2021,10,21,Amazon,788,Portland
Men's Apparel,50,Northeast,150,7500,2021,10,22,Amazon,1875,Portland
Women's Apparel,40,Northeast,250,10000,2021,10,23,Amazon,4000,Portland
Men's Street Footwear,40,Northeast,470,18800,2021,10,24,Amazon,6580,Portland
Men's Athletic Footwear,40,Northeast,175,7000,2021,10,25,Amazon,2450,Portland
Women's Street Footwear,30,Northeast,200,6000,2021,10,26,Amazon,2400,Portland
Women's Athletic Footwear,35,Northeast,50,1750,2021,10,27,Amazon,525,Portland
Men's Apparel,50,Northeast,100,5000,2021,10,28,Amazon,1250,Portland
Women's Apparel,40,Northeast,200,8000,2021,10,29,Amazon,3200,Portland
Men's Street Footwear,40,Northeast,450,18000,2021,10,30,Amazon,6300,Portland
Men's Athletic Footwear,40,Northeast,150,6000,2021,10,31,Amazon,2100,Portland
Women's Street Footwear,30,Northeast,150,4500,2021,11,1,Amazon,1800,Portland
Women's Athletic Footwear,35,Northeast,75,2625,2021,11,2,Amazon,788,Portland
Men's Apparel,50,Northeast,75,3750,2021,11,3,Amazon,938,Portland
Women's Apparel,40,Northeast,225,9000,2021,11,4,Amazon,3600,Portland
Men's Street Footwear,55,Northeast,495,27225,2021,11,5,Amazon,9529,Portland
Men's Athletic Footwear,50,Northeast,200,10000,2021,11,6,Amazon,3500,Portland
Women's Street Footwear,45,Northeast,175,7875,2021,11,7,Amazon,3150,Portland
Women's Athletic Footwear,45,Northeast,125,5625,2021,11,8,Amazon,1688,Portland
Men's Apparel,55,Northeast,150,8250,2021,11,9,Amazon,2063,Portland
Women's Apparel,60,Northeast,275,16500,2021,11,10,Amazon,6600,Portland
Men's Street Footwear,55,Northeast,525,28875,2021,11,11,Amazon,10106,Portland
Men's Athletic Footwear,50,Northeast,275,13750,2021,11,12,Amazon,4813,Portland
Women's Street Footwear,45,Northeast,200,9000,2021,11,13,Amazon,3600,Portland
Women's Athletic Footwear,45,Northeast,175,7875,2021,11,14,Amazon,2363,Portland
Men's Apparel,55,Northeast,175,9625,2021,11,15,Amazon,2406,Portland
Women's Apparel,60,Northeast,325,19500,2021,11,16,Amazon,7800,Portland
Men's Street Footwear,55,Northeast,550,30250,2021,11,17,Amazon,10588,Portland
Men's Athletic Footwear,50,Northeast,300,15000,2021,11,18,Amazon,5250,Portland
Women's Street Footwear,45,Northeast,225,10125,2021,11,19,Amazon,4050,Portland
Women's Athletic Footwear,45,Northeast,175,7875,2021,11,20,Amazon,2363,Portland
Men's Apparel,55,Northeast,200,11000,2021,11,21,Amazon,2750,Portland
Women's Apparel,60,Northeast,375,22500,2021,12,20,Amazon,9000,Portland
Men's Street Footwear,55,Northeast,525,28875,2021,12,21,Amazon,10106,Portland
Men's Athletic Footwear,50,Northeast,300,15000,2021,12,22,Amazon,5250,Portland
Women's Street Footwear,45,Northeast,225,10125,2021,12,23,Amazon,4050,Portland
Women's Athletic Footwear,45,Northeast,175,7875,2021,12,24,Amazon,2363,Portland
Men's Apparel,55,Northeast,150,8250,2021,12,25,Amazon,2063,Portland
Women's Apparel,60,Northeast,325,19500,2021,12,26,Amazon,7800,Portland
Men's Street Footwear,55,Northeast,450,24750,2021,12,27,Amazon,8663,Portland
Men's Athletic Footwear,50,Northeast,250,12500,2021,12,28,Amazon,4375,Portland
Women's Street Footwear,45,Northeast,150,6750,2021,12,29,Amazon,2700,Portland
Women's Athletic Footwear,45,Northeast,125,5625,2021,12,30,Amazon,1688,Portland
Men's Apparel,55,Northeast,125,6875,2021,12,31,Amazon,1719,Portland
Women's Apparel,60,Northeast,225,13500,2021,9,17,Amazon,5400,Portland
Men's Street Footwear,60,Northeast,400,24000,2021,10,19,Amazon,8400,Portland
Men's Athletic Footwear,55,Northeast,225,12375,2021,10,19,Amazon,4331,Portland
Women's Street Footwear,55,Northeast,125,6875,2021,10,19,Amazon,2750,Portland
Women's Athletic Footwear,55,Northeast,100,5500,2021,10,19,Amazon,1650,Portland
Men's Apparel,65,Northeast,100,6500,2021,10,19,Amazon,1625,Portland
Women's Apparel,70,Northeast,225,15750,2021,10,19,Amazon,6300,Portland
Men's Street Footwear,65,Northeast,375,24375,2021,11,18,Amazon,8531,Portland
Men's Athletic Footwear,55,Northeast,200,11000,2021,11,18,Amazon,3850,Portland
Women's Street Footwear,55,Northeast,195,10725,2021,11,18,Amazon,4290,Portland
Women's Athletic Footwear,55,Northeast,175,9625,2021,11,18,Amazon,2888,Portland
Men's Apparel,65,Northeast,150,9750,2021,11,18,Amazon,2438,Portland
Women's Apparel,70,Northeast,250,17500,2021,11,18,Amazon,7000,Portland
Men's Street Footwear,65,Northeast,475,30875,2021,12,17,Amazon,10806,Portland
Men's Athletic Footwear,55,Northeast,275,15125,2021,12,17,Amazon,5294,Portland
Women's Street Footwear,55,Northeast,250,13750,2021,12,17,Amazon,5500,Portland
Women's Athletic Footwear,55,Northeast,200,11000,2021,12,17,Amazon,3300,Portland
Men's Apparel,65,Northeast,200,13000,2021,12,17,Amazon,3250,Portland
Women's Apparel,70,Northeast,300,21000,2021,12,17,Amazon,8400,Portland
Men's Street Footwear,35,Northeast,375,13125,2021,1,10,West Gear,3281,Portland
Men's Athletic Footwear,45,Northeast,375,16875,2021,1,10,West Gear,3375,Portland
Women's Street Footwear,45,Northeast,375,16875,2021,1,10,West Gear,4219,Portland
Women's Athletic Footwear,45,Northeast,225,10125,2021,1,10,West Gear,2531,Portland
Women's Apparel,55,West,300,16500,2021,1,24,Amazon,4950,Anchorage
Men's Street Footwear,55,West,575,31625,2021,2,22,Amazon,11069,Anchorage
Men's Athletic Footwear,55,West,225,12375,2021,2,22,Amazon,4331,Anchorage
Women's Street Footwear,45,West,275,12375,2021,2,22,Amazon,3094,Anchorage
Women's Athletic Footwear,50,West,175,8750,2021,2,22,Amazon,2188,Anchorage
Men's Apparel,65,West,250,16250,2021,2,22,Amazon,4063,Anchorage
Women's Apparel,55,West,350,19250,2021,2,22,Amazon,5775,Anchorage
Men's Street Footwear,55,West,545,29975,2021,3,20,Amazon,10491,Anchorage
Men's Athletic Footwear,55,West,250,13750,2021,3,20,Amazon,4813,Anchorage
Women's Street Footwear,45,West,275,12375,2021,3,20,Amazon,3094,Anchorage
Women's Athletic Footwear,50,West,125,6250,2021,3,20,Amazon,1563,Anchorage
Men's Apparel,65,West,175,11375,2021,3,20,Amazon,2844,Anchorage
Women's Apparel,55,West,275,15125,2021,3,20,Amazon,4538,Anchorage
Men's Street Footwear,55,West,525,28875,2021,4,21,Amazon,10106,Anchorage
Men's Athletic Footwear,55,West,225,12375,2021,4,21,Amazon,4331,Anchorage
Women's Street Footwear,45,West,225,10125,2021,4,21,Amazon,2531,Anchorage
Women's Athletic Footwear,50,West,150,7500,2021,4,21,Amazon,1875,Anchorage
Men's Apparel,60,West,150,9000,2021,4,21,Amazon,2250,Anchorage
Women's Apparel,50,West,300,15000,2021,4,21,Amazon,4500,Anchorage
Men's Street Footwear,65,West,570,37050,2021,5,20,Amazon,12968,Anchorage
Men's Athletic Footwear,60,West,275,16500,2021,5,20,Amazon,5775,Anchorage
Women's Street Footwear,55,West,300,16500,2021,5,20,Amazon,4125,Anchorage
Women's Athletic Footwear,55,West,250,13750,2021,5,20,Amazon,3438,Anchorage
Men's Apparel,65,West,275,17875,2021,5,20,Amazon,4469,Anchorage
Women's Apparel,70,West,400,28000,2021,5,20,Amazon,8400,Anchorage
Men's Street Footwear,65,West,650,42250,2021,6,22,Amazon,14788,Anchorage
Men's Athletic Footwear,60,West,400,24000,2021,6,22,Amazon,8400,Anchorage
Women's Street Footwear,55,West,325,17875,2021,6,22,Amazon,4469,Anchorage
Women's Athletic Footwear,55,West,300,16500,2021,6,22,Amazon,4125,Anchorage
Men's Apparel,65,West,300,19500,2021,6,22,Amazon,4875,Anchorage
Women's Apparel,70,West,450,31500,2021,6,22,Amazon,9450,Anchorage
Men's Street Footwear,65,West,675,43875,2021,7,20,Amazon,15356,Anchorage
Men's Athletic Footwear,60,West,425,25500,2021,7,20,Amazon,8925,Anchorage
Women's Street Footwear,55,West,350,19250,2021,7,20,Amazon,4813,Anchorage
Women's Athletic Footwear,55,West,300,16500,2021,7,20,Amazon,4125,Anchorage
Men's Apparel,65,West,325,21125,2021,7,20,Amazon,5281,Anchorage
Women's Apparel,70,West,500,35000,2021,7,20,Amazon,10500,Anchorage
Men's Street Footwear,65,West,650,42250,2021,8,21,Amazon,14788,Anchorage
Men's Athletic Footwear,60,West,425,25500,2021,8,21,Amazon,8925,Anchorage
Women's Street Footwear,55,West,350,19250,2021,8,21,Amazon,4813,Anchorage
Women's Athletic Footwear,55,West,250,13750,2021,8,21,Amazon,3438,Anchorage
Men's Apparel,65,West,225,14625,2021,8,21,Amazon,3656,Anchorage
Women's Apparel,70,West,400,28000,2021,8,21,Amazon,8400,Anchorage
Men's Street Footwear,65,West,525,34125,2021,9,20,Amazon,11944,Anchorage
Men's Athletic Footwear,60,West,325,19500,2021,9,20,Amazon,6825,Anchorage
Women's Street Footwear,55,West,225,12375,2021,9,20,Amazon,3094,Anchorage
Women's Athletic Footwear,55,West,200,11000,2021,9,20,Amazon,2750,Anchorage
Men's Apparel,65,West,200,13000,2021,9,20,Amazon,3250,Anchorage
Women's Apparel,70,West,300,21000,2021,9,20,Amazon,6300,Anchorage
Men's Street Footwear,70,West,450,31500,2021,10,22,Amazon,11025,Anchorage
Men's Athletic Footwear,65,West,275,17875,2021,10,22,Amazon,6256,Anchorage
Women's Street Footwear,65,West,175,11375,2021,10,22,Amazon,2844,Anchorage
Women's Athletic Footwear,65,West,150,9750,2021,10,22,Amazon,2438,Anchorage
Men's Apparel,75,West,150,11250,2021,10,22,Amazon,2813,Anchorage
Women's Apparel,80,West,275,22000,2021,10,22,Amazon,6600,Anchorage
Men's Street Footwear,75,West,425,31875,2021,11,21,Amazon,11156,Anchorage
Men's Athletic Footwear,65,West,300,19500,2021,11,21,Amazon,6825,Anchorage
Women's Street Footwear,65,West,320,20800,2021,11,21,Amazon,5200,Anchorage
Women's Athletic Footwear,65,West,300,19500,2021,11,21,Amazon,4875,Anchorage
Men's Apparel,75,West,275,20625,2021,11,21,Amazon,5156,Anchorage
Women's Apparel,80,West,375,30000,2021,11,21,Amazon,9000,Anchorage
Men's Street Footwear,75,West,600,45000,2021,12,20,Amazon,15750,Anchorage
Men's Athletic Footwear,65,West,400,26000,2021,12,20,Amazon,9100,Anchorage
Men's Street Footwear,35,West,375,13125,2021,1,10,Foot Locker,3281,Anchorage
Men's Athletic Footwear,45,West,375,16875,2021,1,10,Foot Locker,3375,Anchorage
Women's Street Footwear,45,West,375,16875,2021,1,10,Foot Locker,4219,Anchorage
Women's Athletic Footwear,45,West,225,10125,2021,1,10,Foot Locker,2531,Anchorage
Men's Apparel,50,West,175,8750,2021,1,10,Foot Locker,1313,Anchorage
Women's Apparel,45,West,425,19125,2021,1,10,Foot Locker,7650,Anchorage
Men's Street Footwear,35,West,475,16625,2021,2,10,Foot Locker,4156,Anchorage
Men's Athletic Footwear,45,West,375,16875,2021,2,10,Foot Locker,3375,Anchorage
Women's Street Footwear,45,West,375,16875,2021,2,10,Foot Locker,4219,Anchorage
Women's Athletic Footwear,45,West,225,10125,2021,2,10,Foot Locker,2531,Honolulu
Men's Apparel,50,West,150,7500,2021,2,10,Foot Locker,1125,Honolulu
Women's Apparel,45,West,350,15750,2021,2,10,Foot Locker,6300,Honolulu
Men's Street Footwear,45,West,500,22500,2021,3,9,Foot Locker,5625,Honolulu
Men's Athletic Footwear,55,West,350,19250,2021,3,9,Foot Locker,3850,Honolulu
Women's Street Footwear,60,West,375,22500,2021,3,9,Foot Locker,5625,Honolulu
Women's Athletic Footwear,55,West,275,15125,2021,3,9,Foot Locker,3781,Honolulu
Men's Apparel,60,West,125,7500,2021,3,9,Foot Locker,1125,Honolulu
Women's Apparel,55,West,325,17875,2021,3,9,Foot Locker,7150,Honolulu
Men's Street Footwear,60,West,500,30000,2021,4,10,Foot Locker,7500,Honolulu
Men's Athletic Footwear,65,West,300,19500,2021,4,10,Foot Locker,3900,Honolulu
Women's Street Footwear,65,West,350,22750,2021,4,10,Foot Locker,5688,Honolulu
Women's Athletic Footwear,50,West,250,12500,2021,4,10,Foot Locker,3125,Honolulu
Men's Apparel,55,West,150,8250,2021,4,10,Foot Locker,1238,Honolulu
Women's Apparel,70,West,325,22750,2021,4,10,Foot Locker,9100,Honolulu
Men's Street Footwear,55,West,525,28875,2021,5,11,Foot Locker,7219,Honolulu
Men's Athletic Footwear,60,West,375,22500,2021,5,11,Foot Locker,4500,Honolulu
Women's Street Footwear,60,West,375,22500,2021,5,11,Foot Locker,5625,Honolulu
Women's Athletic Footwear,55,West,275,15125,2021,5,11,Foot Locker,3781,Honolulu
Men's Apparel,60,West,175,10500,2021,5,11,Foot Locker,1575,Honolulu
Women's Apparel,75,West,475,35625,2021,5,11,Foot Locker,14250,Honolulu
Men's Street Footwear,70,West,725,50750,2021,6,10,Foot Locker,12688,Honolulu
Men's Athletic Footwear,75,West,600,45000,2021,6,10,Foot Locker,9000,Honolulu
Women's Street Footwear,75,West,600,45000,2021,6,10,Foot Locker,11250,Honolulu
Women's Athletic Footwear,75,West,475,35625,2021,6,10,Foot Locker,8906,Honolulu
Men's Apparel,85,West,350,29750,2021,6,10,Foot Locker,4463,Honolulu
Women's Apparel,100,West,650,65000,2021,6,10,Foot Locker,26000,Honolulu
Men's Street Footwear,80,West,800,64000,2021,7,9,Foot Locker,16000,Honolulu
Men's Athletic Footwear,85,West,650,55250,2021,7,9,Foot Locker,11050,Honolulu
Women's Street Footwear,85,West,600,51000,2021,7,9,Foot Locker,12750,Honolulu
Women's Athletic Footwear,80,West,500,40000,2021,7,9,Foot Locker,10000,Honolulu
Men's Apparel,85,West,550,46750,2021,7,9,Foot Locker,7013,Honolulu
Women's Apparel,100,West,550,55000,2021,7,9,Foot Locker,22000,Honolulu
Men's Street Footwear,85,West,750,63750,2021,8,10,Foot Locker,15938,Honolulu
Men's Athletic Footwear,75,West,725,54375,2021,8,10,Foot Locker,10875,Honolulu
Women's Street Footwear,70,West,600,42000,2021,8,10,Foot Locker,10500,Honolulu
Women's Athletic Footwear,70,West,525,36750,2021,8,10,Foot Locker,9188,Honolulu
Men's Apparel,70,West,525,36750,2021,8,10,Walmart,5513,Honolulu
Women's Apparel,75,West,350,26250,2021,8,10,Walmart,10500,Honolulu
Men's Street Footwear,65,West,550,35750,2021,9,11,Walmart,8938,Honolulu
Men's Athletic Footwear,70,West,550,38500,2021,9,11,Walmart,7700,Honolulu
Women's Street Footwear,65,West,375,24375,2021,9,11,Walmart,6094,Honolulu
Women's Athletic Footwear,65,West,325,21125,2021,9,11,Walmart,5281,Honolulu
Men's Apparel,75,West,350,26250,2021,9,11,Walmart,3938,Honolulu
Women's Apparel,60,West,375,22500,2021,9,11,Walmart,9000,Honolulu
Men's Street Footwear,55,West,475,26125,2021,10,10,Walmart,6531,Honolulu
Men's Athletic Footwear,65,West,475,30875,2021,10,10,Walmart,6175,Honolulu
Women's Street Footwear,60,West,300,18000,2021,10,10,Walmart,4500,Honolulu
Women's Athletic Footwear,55,West,275,15125,2021,10,10,Walmart,3781,Honolulu
Men's Apparel,65,West,250,16250,2021,10,10,Walmart,2438,Honolulu
Women's Apparel,70,West,300,21000,2021,10,10,Walmart,8400,Honolulu
Men's Street Footwear,55,West,525,28875,2021,11,10,Walmart,7219,Honolulu
Men's Athletic Footwear,60,West,600,36000,2021,11,10,Walmart,7200,Honolulu
Women's Street Footwear,55,West,425,23375,2021,11,10,Walmart,5844,Honolulu
Women's Athletic Footwear,65,West,400,26000,2021,11,10,Walmart,6500,Honolulu
Men's Apparel,85,West,375,31875,2021,11,10,Walmart,4781,Honolulu
Women's Apparel,90,West,500,45000,2021,11,10,Walmart,18000,Honolulu
Men's Street Footwear,75,West,700,52500,2021,12,9,Walmart,13125,Honolulu
Men's Athletic Footwear,85,West,700,59500,2021,12,9,Walmart,11900,Honolulu
Women's Street Footwear,80,West,500,40000,2021,12,9,Sports Direct,10000,Honolulu
Women's Athletic Footwear,80,West,500,40000,2021,12,9,Sports Direct,10000,Honolulu
Men's Apparel,90,West,425,38250,2021,12,9,Sports Direct,5738,Honolulu
Women's Apparel,95,West,525,49875,2021,12,9,Sports Direct,19950,Honolulu
Men's Street Footwear,40,West,425,17000,2021,1,17,Sports Direct,5100,Honolulu
Men's Athletic Footwear,50,West,425,21250,2021,1,17,Sports Direct,5313,Honolulu
Women's Street Footwear,50,West,425,21250,2021,1,17,Sports Direct,6375,Honolulu
Women's Athletic Footwear,50,West,275,13750,2021,1,17,Sports Direct,4125,Honolulu
Men's Apparel,55,West,225,12375,2021,1,17,Sports Direct,2475,Honolulu
Women's Apparel,50,West,475,23750,2021,1,17,Sports Direct,10688,Honolulu
Men's Street Footwear,40,West,525,21000,2021,2,17,Sports Direct,6300,Honolulu
Men's Athletic Footwear,50,West,425,21250,2021,2,17,Sports Direct,5313,Honolulu
Women's Street Footwear,50,West,425,21250,2021,2,17,Sports Direct,6375,Honolulu
Women's Athletic Footwear,50,Southeast,275,13750,2021,2,17,Sports Direct,4125,Orlando
Men's Apparel,55,Southeast,200,11000,2021,2,17,Sports Direct,2200,Orlando
Women's Apparel,50,Southeast,400,20000,2021,2,17,Sports Direct,9000,Orlando
Men's Street Footwear,50,Southeast,550,27500,2021,3,16,Sports Direct,8250,Orlando
Men's Athletic Footwear,60,Southeast,400,24000,2021,3,16,Sports Direct,6000,Orlando
Women's Street Footwear,65,Southeast,425,27625,2021,3,16,Sports Direct,8288,Orlando
Women's Athletic Footwear,60,Southeast,325,19500,2021,3,16,Sports Direct,5850,Orlando
Men's Apparel,65,Southeast,175,11375,2021,3,16,Sports Direct,2275,Orlando
Women's Apparel,60,Southeast,375,22500,2021,3,16,Sports Direct,10125,Orlando
Men's Street Footwear,65,Southeast,550,35750,2021,4,17,Walmart,10725,Orlando
Men's Athletic Footwear,70,Southeast,350,24500,2021,4,17,Walmart,6125,Orlando
Women's Street Footwear,70,Southeast,400,28000,2021,4,17,Walmart,8400,Orlando
Women's Athletic Footwear,55,Southeast,300,16500,2021,4,17,Walmart,4950,Orlando
Men's Apparel,60,Southeast,200,12000,2021,4,17,Walmart,2400,Orlando
Women's Apparel,75,Southeast,375,28125,2021,4,17,Walmart,12656,Orlando
Men's Street Footwear,60,Southeast,575,34500,2021,5,18,Walmart,10350,Orlando
Men's Athletic Footwear,65,Southeast,425,27625,2021,5,18,Walmart,6906,Orlando
Women's Street Footwear,65,Southeast,425,27625,2021,5,18,Walmart,8288,Orlando
Women's Athletic Footwear,60,Southeast,325,19500,2021,5,18,Walmart,5850,Orlando
Men's Apparel,55,Southeast,225,12375,2021,5,18,Walmart,2475,Orlando
Women's Apparel,70,Southeast,575,40250,2021,5,18,Walmart,18113,Orlando
Men's Street Footwear,65,Southeast,825,53625,2021,6,17,Walmart,16088,Orlando
Men's Athletic Footwear,70,Southeast,700,49000,2021,6,17,Walmart,12250,Orlando
Women's Street Footwear,85,Southeast,700,59500,2021,6,17,Walmart,17850,Orlando
Women's Athletic Footwear,85,Southeast,575,48875,2021,6,17,Walmart,14663,Orlando
Men's Apparel,95,Southeast,450,42750,2021,6,17,Walmart,8550,Orlando
Women's Apparel,110,Southeast,750,82500,2021,6,17,Walmart,37125,Orlando
Men's Street Footwear,90,Southeast,900,81000,2021,7,16,Walmart,24300,Orlando
Men's Athletic Footwear,95,Southeast,750,71250,2021,7,16,Walmart,17813,Orlando
Women's Street Footwear,95,Southeast,700,66500,2021,7,16,Walmart,19950,Orlando
Women's Athletic Footwear,90,Southeast,600,54000,2021,7,16,Walmart,16200,Orlando
Men's Apparel,95,Southeast,650,61750,2021,7,16,Walmart,12350,Orlando
Women's Apparel,110,Southeast,650,71500,2021,7,16,Walmart,32175,Orlando
Men's Street Footwear,95,Southeast,850,80750,2021,8,17,Walmart,24225,Orlando
Men's Athletic Footwear,85,Southeast,825,70125,2021,8,17,Walmart,17531,Orlando
Women's Street Footwear,80,Southeast,700,56000,2021,8,17,Walmart,16800,Orlando
Women's Athletic Footwear,80,Southeast,475,38000,2021,8,17,Walmart,11400,Orlando
Men's Apparel,80,Southeast,475,38000,2021,8,17,Walmart,7600,Orlando
Women's Apparel,85,Southeast,300,25500,2021,8,17,Walmart,11475,Orlando
Men's Street Footwear,60,Southeast,500,30000,2021,9,18,Walmart,9000,Orlando
Men's Athletic Footwear,65,Southeast,500,32500,2021,9,18,Walmart,8125,Orlando
Women's Street Footwear,60,Southeast,300,18000,2021,9,18,Walmart,5400,Orlando
Women's Athletic Footwear,60,Southeast,250,15000,2021,9,18,Walmart,4500,Orlando
Men's Apparel,70,Southeast,275,19250,2021,9,18,Walmart,3850,Orlando
Women's Apparel,55,Southeast,300,16500,2021,9,18,Walmart,7425,Orlando
Men's Street Footwear,50,Southeast,400,20000,2021,10,17,Walmart,6000,Orlando
Men's Athletic Footwear,65,Southeast,575,37375,2021,10,17,Walmart,9344,Orlando
Women's Street Footwear,60,Southeast,400,24000,2021,10,17,Walmart,7200,Orlando
Women's Athletic Footwear,55,Southeast,375,20625,2021,10,17,Walmart,6188,Orlando
Men's Apparel,65,Southeast,350,22750,2021,10,17,Walmart,4550,Orlando
Women's Apparel,70,Southeast,400,28000,2021,10,17,Walmart,12600,Orlando
Men's Street Footwear,55,Southeast,625,34375,2021,11,17,Walmart,10313,Orlando
Men's Athletic Footwear,60,Southeast,700,42000,2021,11,17,Walmart,10500,Orlando
Women's Street Footwear,55,Southeast,525,28875,2021,11,17,Walmart,8663,Orlando
Women's Athletic Footwear,65,Southeast,500,32500,2021,11,17,Walmart,9750,Orlando
Men's Apparel,85,Southeast,475,40375,2021,11,17,Walmart,8075,Orlando
Women's Apparel,90,Southeast,600,54000,2021,11,17,Walmart,24300,Orlando
Men's Street Footwear,75,Southeast,800,60000,2021,12,16,Walmart,18000,Orlando
Men's Athletic Footwear,85,Southeast,800,68000,2021,12,16,Walmart,17000,Orlando
Women's Street Footwear,80,Southeast,600,48000,2021,12,16,West Gear,14400,Orlando
Women's Athletic Footwear,80,Southeast,600,48000,2021,12,16,West Gear,14400,Orlando
Men's Apparel,90,Southeast,525,47250,2021,12,16,West Gear,9450,Orlando
Women's Apparel,95,Southeast,625,59375,2021,12,16,West Gear,26719,Orlando
Men's Street Footwear,45,Southeast,850,38250,2021,1,12,West Gear,17213,Orlando
Men's Athletic Footwear,45,Southeast,650,29250,2021,1,12,West Gear,10238,Orlando
Women's Street Footwear,35,Southeast,650,22750,2021,1,12,West Gear,5688,Orlando
Women's Athletic Footwear,40,Southeast,500,20000,2021,1,12,West Gear,6000,Orlando
Men's Apparel,55,Southeast,550,30250,2021,1,12,West Gear,10588,Orlando
Women's Apparel,45,Southeast,650,29250,2021,1,12,West Gear,14625,Orlando
Men's Street Footwear,45,Southeast,900,40500,2021,2,10,West Gear,18225,Orlando
Men's Athletic Footwear,45,Southeast,550,24750,2021,2,10,West Gear,8663,Orlando
Women's Street Footwear,35,Southeast,600,21000,2021,2,10,West Gear,5250,Orlando
Women's Athletic Footwear,40,Northeast,475,19000,2021,2,10,West Gear,5700,Albany
Men's Apparel,55,Northeast,550,30250,2021,2,10,West Gear,10588,Albany
Women's Apparel,45,Northeast,650,29250,2021,2,10,West Gear,14625,Albany
Men's Street Footwear,45,Northeast,870,39150,2021,3,8,West Gear,17618,Albany
Men's Athletic Footwear,45,Northeast,550,24750,2021,3,8,West Gear,8663,Albany
Women's Street Footwear,35,Northeast,575,20125,2021,3,8,West Gear,5031,Albany
Women's Athletic Footwear,40,Northeast,425,17000,2021,3,8,West Gear,5100,Albany
Men's Apparel,55,Northeast,475,26125,2021,3,8,West Gear,9144,Albany
Women's Apparel,45,Northeast,575,25875,2021,3,8,West Gear,12938,Albany
Men's Street Footwear,45,Northeast,825,37125,2021,4,9,West Gear,16706,Albany
Men's Athletic Footwear,45,Northeast,525,23625,2021,4,9,West Gear,8269,Albany
Women's Street Footwear,35,Northeast,525,18375,2021,4,9,West Gear,4594,Albany
Women's Athletic Footwear,40,Northeast,450,18000,2021,4,9,West Gear,5400,Albany
Men's Apparel,55,Northeast,475,26125,2021,4,9,West Gear,9144,Albany
Women's Apparel,45,Northeast,600,27000,2021,4,9,West Gear,13500,Albany
Men's Street Footwear,55,Northeast,870,47850,2021,5,8,West Gear,21533,Albany
Men's Athletic Footwear,55,Northeast,575,31625,2021,5,8,West Gear,11069,Albany
Women's Street Footwear,50,Northeast,550,27500,2021,5,8,West Gear,6875,Albany
Women's Athletic Footwear,50,Northeast,500,25000,2021,5,8,West Gear,7500,Albany
Men's Apparel,60,Northeast,525,31500,2021,5,8,West Gear,11025,Albany
Women's Apparel,65,Northeast,625,40625,2021,5,8,West Gear,20313,Albany
Men's Street Footwear,60,Northeast,875,52500,2021,6,10,West Gear,23625,Albany
Men's Athletic Footwear,55,Northeast,625,34375,2021,6,10,West Gear,12031,Albany
Women's Street Footwear,50,Northeast,600,30000,2021,6,10,West Gear,7500,Albany
Women's Athletic Footwear,50,Northeast,575,28750,2021,6,10,West Gear,8625,Albany
Men's Apparel,65,Northeast,575,37375,2021,6,10,West Gear,13081,Albany
Women's Apparel,70,Northeast,725,50750,2021,6,10,West Gear,25375,Albany
Men's Street Footwear,65,Northeast,950,61750,2021,7,8,West Gear,27788,Albany
Men's Athletic Footwear,60,Northeast,700,42000,2021,7,8,West Gear,14700,Albany
Women's Street Footwear,55,Northeast,625,34375,2021,7,8,West Gear,8594,Albany
Women's Athletic Footwear,55,Northeast,575,31625,2021,7,8,West Gear,9488,Albany
Men's Apparel,65,Northeast,600,39000,2021,7,8,West Gear,13650,Albany
Women's Apparel,70,Northeast,775,54250,2021,7,8,West Gear,27125,Albany
Men's Street Footwear,65,Northeast,925,60125,2021,8,9,West Gear,27056,Albany
Men's Athletic Footwear,60,Northeast,700,42000,2021,8,9,West Gear,14700,Albany
Women's Street Footwear,55,Northeast,625,34375,2021,8,9,West Gear,8594,Albany
Women's Athletic Footwear,45,Northeast,575,25875,2021,8,9,West Gear,7763,Albany
Men's Apparel,55,Northeast,550,30250,2021,8,9,West Gear,10588,Albany
Women's Apparel,60,Northeast,725,43500,2021,8,9,West Gear,21750,Albany
Men's Street Footwear,55,Northeast,850,46750,2021,9,8,West Gear,21038,Albany
Men's Athletic Footwear,50,Northeast,650,32500,2021,9,8,West Gear,11375,Albany
Women's Street Footwear,45,Northeast,550,24750,2021,9,8,West Gear,6188,Albany
Women's Athletic Footwear,45,Northeast,525,23625,2021,9,8,West Gear,7088,Albany
Men's Apparel,55,Northeast,525,28875,2021,9,8,West Gear,10106,Albany
Women's Apparel,60,Northeast,625,37500,2021,9,8,West Gear,18750,Albany
Men's Street Footwear,60,Northeast,800,48000,2021,10,10,West Gear,21600,Albany
Men's Athletic Footwear,50,Northeast,625,31250,2021,10,10,West Gear,10938,Albany
Women's Street Footwear,50,Northeast,525,26250,2021,10,10,West Gear,6563,Albany
Women's Athletic Footwear,50,Northeast,500,25000,2021,10,10,West Gear,7500,Albany
Men's Apparel,60,Northeast,500,30000,2021,10,10,West Gear,10500,Albany
Women's Apparel,65,Northeast,625,40625,2021,10,10,West Gear,20313,Albany
Men's Street Footwear,60,Northeast,775,46500,2021,11,9,West Gear,20925,Albany
Men's Athletic Footwear,50,Northeast,600,30000,2021,11,9,West Gear,10500,Albany
Women's Street Footwear,50,Northeast,545,27250,2021,11,9,West Gear,6813,Albany
Women's Athletic Footwear,50,Northeast,575,28750,2021,11,9,West Gear,8625,Albany
Men's Apparel,65,Northeast,550,35750,2021,11,9,West Gear,12513,Albany
Women's Apparel,70,Northeast,650,45500,2021,11,9,West Gear,22750,Albany
Men's Street Footwear,65,Northeast,875,56875,2021,12,8,West Gear,25594,Albany
Men's Athletic Footwear,55,Northeast,675,37125,2021,12,8,West Gear,12994,Albany
Women's Street Footwear,55,Northeast,625,34375,2021,12,8,Kohl'S,8594,Albany
Women's Athletic Footwear,55,Northeast,575,31625,2021,12,8,Kohl'S,9488,Albany
Men's Apparel,65,Northeast,575,37375,2021,12,8,Kohl'S,13081,Albany
Women's Apparel,70,Northeast,675,47250,2021,12,8,Kohl'S,23625,Albany
Men's Street Footwear,40,Northeast,800,32000,2021,1,14,Kohl'S,16000,Albany
Men's Athletic Footwear,40,Northeast,600,24000,2021,1,14,Kohl'S,7200,Albany
Women's Street Footwear,30,Northeast,600,18000,2021,1,14,Kohl'S,6300,Albany
Women's Athletic Footwear,35,Northeast,450,15750,2021,1,14,Kohl'S,5513,Albany
Men's Apparel,50,Northeast,500,25000,2021,1,14,Kohl'S,7500,Albany
Women's Apparel,40,Northeast,600,24000,2021,1,14,Kohl'S,6000,Albany
Men's Street Footwear,40,Northeast,850,34000,2021,2,12,Kohl'S,17000,Albany
Men's Athletic Footwear,40,Northeast,500,20000,2021,2,12,Kohl'S,6000,Albany
Women's Street Footwear,30,Northeast,550,16500,2021,2,12,Kohl'S,5775,Albany
Women's Athletic Footwear,35,West,425,14875,2021,2,12,Kohl'S,5206,Cheyenne
Men's Apparel,50,West,500,25000,2021,2,12,Kohl'S,7500,Cheyenne
Women's Apparel,40,West,600,24000,2021,2,12,Kohl'S,6000,Cheyenne
Men's Street Footwear,40,West,820,32800,2021,3,10,Kohl'S,16400,Cheyenne
Men's Athletic Footwear,40,West,525,21000,2021,3,10,Kohl'S,6300,Cheyenne
Women's Street Footwear,30,West,550,16500,2021,3,10,Kohl'S,5775,Cheyenne
Women's Athletic Footwear,35,West,400,14000,2021,3,10,Kohl'S,4900,Cheyenne
Men's Apparel,50,West,450,22500,2021,3,10,Kohl'S,6750,Cheyenne
Women's Apparel,40,West,550,22000,2021,3,10,Kohl'S,5500,Cheyenne
Men's Street Footwear,40,West,800,32000,2021,4,11,Kohl'S,16000,Cheyenne
Men's Athletic Footwear,40,West,500,20000,2021,4,11,Kohl'S,6000,Cheyenne
Women's Street Footwear,30,West,500,15000,2021,4,11,Kohl'S,5250,Cheyenne
Women's Athletic Footwear,35,West,425,14875,2021,4,11,Kohl'S,5206,Cheyenne
Men's Apparel,50,West,425,21250,2021,4,11,Kohl'S,6375,Cheyenne
Women's Apparel,40,West,550,22000,2021,4,11,Kohl'S,5500,Cheyenne
Men's Street Footwear,50,West,820,41000,2021,5,10,Kohl'S,20500,Cheyenne
Men's Athletic Footwear,45,West,525,23625,2021,5,10,Kohl'S,7088,Cheyenne
Women's Street Footwear,40,West,500,20000,2021,5,10,Kohl'S,7000,Cheyenne
Women's Athletic Footwear,40,West,450,18000,2021,5,10,Kohl'S,6300,Cheyenne
Men's Apparel,50,West,475,23750,2021,5,10,Kohl'S,7125,Cheyenne
Women's Apparel,55,West,600,33000,2021,5,10,Kohl'S,8250,Cheyenne
Men's Street Footwear,50,West,850,42500,2021,6,12,Kohl'S,21250,Cheyenne
Men's Athletic Footwear,45,West,600,27000,2021,6,12,Kohl'S,8100,Cheyenne
Women's Street Footwear,40,West,525,21000,2021,6,12,Kohl'S,7350,Cheyenne
Women's Athletic Footwear,40,West,500,20000,2021,6,12,Kohl'S,7000,Cheyenne
Men's Apparel,50,West,500,25000,2021,6,12,Kohl'S,7500,Cheyenne
Women's Apparel,55,West,650,35750,2021,6,12,Kohl'S,8938,Cheyenne
Men's Street Footwear,50,West,875,43750,2021,7,10,Kohl'S,21875,Cheyenne
Men's Athletic Footwear,45,West,625,28125,2021,7,10,Kohl'S,8438,Cheyenne
Women's Street Footwear,40,West,550,22000,2021,7,10,Kohl'S,7700,Cheyenne
Women's Athletic Footwear,40,West,500,20000,2021,7,10,Kohl'S,7000,Cheyenne
Men's Apparel,50,West,525,26250,2021,7,10,Kohl'S,7875,Cheyenne
Women's Apparel,55,West,700,38500,2021,7,10,Kohl'S,9625,Cheyenne
Men's Street Footwear,50,West,850,42500,2021,8,11,Kohl'S,21250,Cheyenne
Men's Athletic Footwear,45,West,625,28125,2021,8,11,Kohl'S,8438,Cheyenne
Women's Street Footwear,40,West,550,22000,2021,8,11,Kohl'S,7700,Cheyenne
Women's Athletic Footwear,40,West,525,21000,2021,8,11,Kohl'S,7350,Cheyenne
Men's Apparel,50,West,500,25000,2021,8,11,Kohl'S,7500,Cheyenne
Women's Apparel,55,West,675,37125,2021,8,11,Kohl'S,9281,Cheyenne
Men's Street Footwear,50,West,800,40000,2021,9,10,Kohl'S,20000,Cheyenne
Men's Athletic Footwear,45,West,600,27000,2021,9,10,Kohl'S,8100,Cheyenne
Women's Street Footwear,40,West,525,21000,2021,9,10,Kohl'S,7350,Cheyenne
Women's Athletic Footwear,40,West,500,20000,2021,9,10,Kohl'S,7000,Cheyenne
Men's Apparel,50,West,500,25000,2021,9,10,Kohl'S,7500,Cheyenne
Women's Apparel,55,West,600,33000,2021,9,10,Kohl'S,8250,Cheyenne
Men's Street Footwear,55,West,775,42625,2021,10,12,Kohl'S,21313,Cheyenne
Men's Athletic Footwear,45,West,600,27000,2021,10,12,Kohl'S,8100,Cheyenne
Women's Street Footwear,45,West,500,22500,2021,10,12,Kohl'S,7875,Cheyenne
Women's Athletic Footwear,45,West,475,21375,2021,10,12,Kohl'S,7481,Cheyenne
Men's Apparel,55,West,475,26125,2021,10,12,Kohl'S,7838,Cheyenne
Women's Apparel,60,West,600,36000,2021,10,12,Kohl'S,9000,Cheyenne
Men's Street Footwear,55,West,750,41250,2021,11,11,Kohl'S,20625,Cheyenne
Men's Athletic Footwear,45,West,575,25875,2021,11,11,Kohl'S,7763,Cheyenne
Women's Street Footwear,45,West,520,23400,2021,11,11,Kohl'S,8190,Cheyenne
Women's Athletic Footwear,45,West,500,22500,2021,11,11,Kohl'S,7875,Cheyenne
Men's Apparel,55,West,475,26125,2021,11,11,Kohl'S,7838,Cheyenne
Women's Apparel,60,West,575,34500,2021,11,11,Kohl'S,8625,Cheyenne
Men's Street Footwear,55,West,800,44000,2021,12,10,Kohl'S,22000,Cheyenne
Men's Athletic Footwear,45,West,600,27000,2021,12,10,Kohl'S,8100,Cheyenne
Women's Street Footwear,45,West,550,24750,2021,12,10,Foot Locker,8663,Cheyenne
Women's Athletic Footwear,45,West,500,22500,2021,12,10,Foot Locker,7875,Cheyenne
Men's Apparel,55,West,500,27500,2021,12,10,Foot Locker,8250,Cheyenne
Women's Apparel,60,West,600,36000,2021,12,10,Foot Locker,9000,Cheyenne
Men's Street Footwear,30,West,350,10500,2021,1,24,Foot Locker,3675,Cheyenne
Men's Athletic Footwear,40,West,350,14000,2021,1,24,Foot Locker,4900,Cheyenne
Women's Street Footwear,40,West,350,14000,2021,1,24,Foot Locker,4900,Cheyenne
Women's Athletic Footwear,40,West,200,8000,2021,1,24,Foot Locker,2800,Cheyenne
Men's Apparel,45,West,150,6750,2021,1,24,Foot Locker,2700,Cheyenne
Women's Apparel,40,West,400,16000,2021,1,24,Foot Locker,4800,Cheyenne
Men's Street Footwear,30,West,450,13500,2021,2,24,Foot Locker,4725,Cheyenne
Men's Athletic Footwear,40,West,350,14000,2021,2,24,Foot Locker,4900,Cheyenne
Women's Street Footwear,40,West,350,14000,2021,2,24,Foot Locker,4900,Cheyenne
Women's Athletic Footwear,40,Southeast,200,8000,2021,2,24,Foot Locker,2800,Richmond
Men's Apparel,45,Southeast,125,5625,2021,2,24,Foot Locker,2250,Richmond
Women's Apparel,40,Southeast,325,13000,2021,2,24,Foot Locker,3900,Richmond
Men's Street Footwear,40,Southeast,475,19000,2021,3,23,Foot Locker,6650,Richmond
Men's Athletic Footwear,50,Southeast,325,16250,2021,3,23,Foot Locker,5688,Richmond
Women's Street Footwear,55,Southeast,350,19250,2021,3,23,Foot Locker,6738,Richmond
Women's Athletic Footwear,50,Southeast,250,12500,2021,3,23,Foot Locker,4375,Richmond
Men's Apparel,55,Southeast,100,5500,2021,3,23,Foot Locker,2200,Richmond
Women's Apparel,50,Southeast,300,15000,2021,3,23,Foot Locker,4500,Richmond
Men's Street Footwear,55,Southeast,475,26125,2021,4,24,Foot Locker,9144,Richmond
Men's Athletic Footwear,60,Southeast,275,16500,2021,4,24,Foot Locker,5775,Richmond
Women's Street Footwear,60,Southeast,325,19500,2021,4,24,Foot Locker,6825,Richmond
Women's Athletic Footwear,45,Southeast,225,10125,2021,4,24,Foot Locker,3544,Richmond
Men's Apparel,50,Southeast,125,6250,2021,4,24,Foot Locker,2500,Richmond
Women's Apparel,65,Southeast,300,19500,2021,4,24,Foot Locker,5850,Richmond
Men's Street Footwear,50,Southeast,500,25000,2021,5,25,Foot Locker,8750,Richmond
Men's Athletic Footwear,55,Southeast,350,19250,2021,5,25,Foot Locker,6738,Richmond
Women's Street Footwear,55,Southeast,350,19250,2021,5,25,Foot Locker,6738,Richmond
Women's Athletic Footwear,50,Southeast,275,13750,2021,5,25,Foot Locker,4813,Richmond
Men's Apparel,45,Southeast,175,7875,2021,5,25,Foot Locker,3150,Richmond
Women's Apparel,60,Southeast,525,31500,2021,5,25,Foot Locker,9450,Richmond
Men's Street Footwear,55,Southeast,775,42625,2021,6,24,Foot Locker,14919,Richmond
Men's Athletic Footwear,65,Southeast,650,42250,2021,6,24,Foot Locker,14788,Richmond
Women's Street Footwear,80,Southeast,650,52000,2021,6,24,Foot Locker,18200,Richmond
Women's Athletic Footwear,80,Southeast,525,42000,2021,6,24,Foot Locker,14700,Richmond
Men's Apparel,90,Southeast,400,36000,2021,6,24,Foot Locker,14400,Richmond
Women's Apparel,105,Southeast,700,73500,2021,6,24,Foot Locker,22050,Richmond
Men's Street Footwear,85,Southeast,850,72250,2021,7,23,Foot Locker,25288,Richmond
Men's Athletic Footwear,90,Southeast,700,63000,2021,7,23,Foot Locker,22050,Richmond
Women's Street Footwear,90,Southeast,650,58500,2021,7,23,Foot Locker,20475,Richmond
Women's Athletic Footwear,85,Southeast,550,46750,2021,7,23,Foot Locker,16363,Richmond
Men's Apparel,90,Southeast,600,54000,2021,7,23,Foot Locker,21600,Richmond
Women's Apparel,105,Southeast,600,63000,2021,7,23,Foot Locker,18900,Richmond
Men's Street Footwear,90,Southeast,800,72000,2021,8,24,Foot Locker,25200,Richmond
Men's Athletic Footwear,80,Southeast,775,62000,2021,8,24,Foot Locker,21700,Richmond
Women's Street Footwear,70,Southeast,650,45500,2021,8,24,Foot Locker,15925,Richmond
Women's Athletic Footwear,70,Southeast,425,29750,2021,8,24,Foot Locker,10413,Richmond
Men's Apparel,70,Southeast,425,29750,2021,8,24,Foot Locker,11900,Richmond
Women's Apparel,75,Southeast,250,18750,2021,8,24,Foot Locker,5625,Richmond
Men's Street Footwear,50,Southeast,450,22500,2021,9,25,Foot Locker,7875,Richmond
Men's Athletic Footwear,55,Southeast,450,24750,2021,9,25,Foot Locker,8663,Richmond
Women's Street Footwear,50,Southeast,250,12500,2021,9,25,Foot Locker,4375,Richmond
Women's Athletic Footwear,50,Southeast,200,10000,2021,9,25,Foot Locker,3500,Richmond
Men's Apparel,60,Southeast,225,13500,2021,9,25,Foot Locker,5400,Richmond
Women's Apparel,45,Southeast,250,11250,2021,9,25,Foot Locker,3375,Richmond
Men's Street Footwear,40,Southeast,350,14000,2021,10,24,Foot Locker,4900,Richmond
Men's Athletic Footwear,55,Southeast,525,28875,2021,10,24,Foot Locker,10106,Richmond
Women's Street Footwear,50,Southeast,350,17500,2021,10,24,Foot Locker,6125,Richmond
Women's Athletic Footwear,45,Southeast,325,14625,2021,10,24,Foot Locker,5119,Richmond
Men's Apparel,55,Southeast,300,16500,2021,10,24,Foot Locker,6600,Richmond
Women's Apparel,60,Southeast,350,21000,2021,10,24,Foot Locker,6300,Richmond
Men's Street Footwear,45,Southeast,575,25875,2021,11,24,Foot Locker,9056,Richmond
Men's Athletic Footwear,50,Southeast,650,32500,2021,11,24,Foot Locker,11375,Richmond
Women's Street Footwear,45,Southeast,475,21375,2021,11,24,Foot Locker,7481,Richmond
Women's Athletic Footwear,55,Southeast,450,24750,2021,11,24,Foot Locker,8663,Richmond
Men's Apparel,75,Southeast,425,31875,2021,11,24,Foot Locker,12750,Richmond
Women's Apparel,80,Southeast,550,44000,2021,11,24,Foot Locker,13200,Richmond
Men's Street Footwear,65,Southeast,750,48750,2021,12,23,Foot Locker,17063,Richmond
Men's Athletic Footwear,75,Southeast,750,56250,2021,12,23,Foot Locker,19688,Richmond
Women's Street Footwear,70,Southeast,550,38500,2021,12,23,Sports Direct,13475,Richmond
Women's Athletic Footwear,70,Southeast,550,38500,2021,12,23,Sports Direct,13475,Richmond
Men's Apparel,80,Southeast,475,38000,2021,12,23,Sports Direct,15200,Richmond
Women's Apparel,85,Southeast,575,48875,2021,12,23,Sports Direct,14663,Richmond
Men's Street Footwear,35,Southeast,750,26250,2021,1,19,Sports Direct,13125,Richmond
Men's Athletic Footwear,35,Southeast,550,19250,2021,1,19,Sports Direct,7700,Richmond
Women's Street Footwear,25,Southeast,550,13750,2021,1,19,Sports Direct,4125,Richmond
Women's Athletic Footwear,30,Southeast,400,12000,2021,1,19,Sports Direct,4200,Richmond
Men's Apparel,45,Southeast,450,20250,2021,1,19,Sports Direct,8100,Richmond
Women's Apparel,35,Southeast,550,19250,2021,1,19,Sports Direct,10588,Richmond
Men's Street Footwear,35,Southeast,800,28000,2021,2,17,Sports Direct,14000,Richmond
Men's Athletic Footwear,35,Southeast,450,15750,2021,2,17,Sports Direct,6300,Richmond
Women's Street Footwear,25,Southeast,500,12500,2021,2,17,Sports Direct,3750,Richmond
Women's Athletic Footwear,30,Midwest,375,11250,2021,2,17,Sports Direct,3938,Detroit
Men's Apparel,45,Midwest,450,20250,2021,2,17,Sports Direct,8100,Detroit
Women's Apparel,35,Midwest,550,19250,2021,2,17,Sports Direct,10588,Detroit
Men's Street Footwear,35,Midwest,770,26950,2021,3,15,Sports Direct,13475,Detroit
Men's Athletic Footwear,35,Midwest,450,15750,2021,3,15,Sports Direct,6300,Detroit
Women's Street Footwear,25,Midwest,475,11875,2021,3,15,Sports Direct,3563,Detroit
Women's Athletic Footwear,30,Midwest,325,9750,2021,3,15,Sports Direct,3413,Detroit
Men's Apparel,45,Midwest,375,16875,2021,3,15,Sports Direct,6750,Detroit
Women's Apparel,35,Midwest,475,16625,2021,3,15,Sports Direct,9144,Detroit
Men's Street Footwear,35,Midwest,725,25375,2021,4,16,Sports Direct,12688,Detroit
Men's Athletic Footwear,40,Midwest,425,17000,2021,4,16,Sports Direct,6800,Detroit
Women's Street Footwear,30,Midwest,450,13500,2021,4,16,Sports Direct,4050,Detroit
Women's Athletic Footwear,35,Midwest,375,13125,2021,4,16,Sports Direct,4594,Detroit
Men's Apparel,50,Midwest,400,20000,2021,4,16,Sports Direct,8000,Detroit
Women's Apparel,40,Midwest,525,21000,2021,4,16,Sports Direct,11550,Detroit
Men's Street Footwear,50,Midwest,795,39750,2021,5,15,Sports Direct,19875,Detroit
Men's Athletic Footwear,50,Midwest,500,25000,2021,5,15,Sports Direct,10000,Detroit
Women's Street Footwear,45,Midwest,475,21375,2021,5,15,Sports Direct,6413,Detroit
Women's Athletic Footwear,45,Midwest,450,20250,2021,5,15,Sports Direct,7088,Detroit
Men's Apparel,55,Midwest,475,26125,2021,5,15,Sports Direct,10450,Detroit
Women's Apparel,60,Midwest,575,34500,2021,5,15,Sports Direct,18975,Detroit
Men's Street Footwear,55,Midwest,825,45375,2021,6,17,Sports Direct,22688,Detroit
Men's Athletic Footwear,50,Midwest,575,28750,2021,6,17,Sports Direct,11500,Detroit
Women's Street Footwear,45,Midwest,550,24750,2021,6,17,Sports Direct,7425,Detroit
Women's Athletic Footwear,45,Midwest,525,23625,2021,6,17,Sports Direct,8269,Detroit
Men's Apparel,60,Midwest,525,31500,2021,6,17,Sports Direct,12600,Detroit
Women's Apparel,65,Midwest,675,43875,2021,6,17,Sports Direct,24131,Detroit
Men's Street Footwear,60,Midwest,900,54000,2021,7,15,Sports Direct,27000,Detroit
Men's Athletic Footwear,55,Midwest,650,35750,2021,7,15,Sports Direct,14300,Detroit
Women's Street Footwear,50,Midwest,575,28750,2021,7,15,Sports Direct,8625,Detroit
Women's Athletic Footwear,50,Midwest,525,26250,2021,7,15,Sports Direct,9188,Detroit
Men's Apparel,60,Midwest,550,33000,2021,7,15,Sports Direct,13200,Detroit
Women's Apparel,65,Midwest,725,47125,2021,7,15,Sports Direct,25919,Detroit
Men's Street Footwear,60,Midwest,875,52500,2021,8,16,Sports Direct,26250,Detroit
Men's Athletic Footwear,55,Midwest,650,35750,2021,8,16,Sports Direct,14300,Detroit
Women's Street Footwear,45,Midwest,575,25875,2021,8,16,Sports Direct,7763,Detroit
Women's Athletic Footwear,35,Midwest,525,18375,2021,8,16,Sports Direct,6431,Detroit
Men's Apparel,45,Midwest,500,22500,2021,8,16,Sports Direct,9000,Detroit
Women's Apparel,50,Midwest,675,33750,2021,8,16,Sports Direct,18563,Detroit
Men's Street Footwear,45,Midwest,800,36000,2021,9,15,Sports Direct,18000,Detroit
Men's Athletic Footwear,40,Midwest,600,24000,2021,9,15,Sports Direct,9600,Detroit
Women's Street Footwear,35,Midwest,500,17500,2021,9,15,Sports Direct,5250,Detroit
Women's Athletic Footwear,35,Midwest,475,16625,2021,9,15,Sports Direct,5819,Detroit
Men's Apparel,45,Midwest,475,21375,2021,9,15,Sports Direct,8550,Detroit
Women's Apparel,50,Midwest,575,28750,2021,9,15,Sports Direct,15813,Detroit
Men's Street Footwear,50,Midwest,750,37500,2021,10,17,Sports Direct,18750,Detroit
Men's Athletic Footwear,40,Midwest,575,23000,2021,10,17,Sports Direct,9200,Detroit
Women's Street Footwear,40,Midwest,425,17000,2021,10,17,Sports Direct,5100,Detroit
Women's Athletic Footwear,40,Midwest,400,16000,2021,10,17,Sports Direct,5600,Detroit
Men's Apparel,50,Midwest,400,20000,2021,10,17,Sports Direct,8000,Detroit
Women's Apparel,55,Midwest,525,28875,2021,10,17,Sports Direct,15881,Detroit
Men's Street Footwear,50,Midwest,675,33750,2021,11,16,Sports Direct,16875,Detroit
Men's Athletic Footwear,45,Midwest,500,22500,2021,11,16,Sports Direct,9000,Detroit
Women's Street Footwear,45,Midwest,445,20025,2021,11,16,Sports Direct,6008,Detroit
Women's Athletic Footwear,45,Midwest,475,21375,2021,11,16,Sports Direct,7481,Detroit
Men's Apparel,60,Midwest,450,27000,2021,11,16,Sports Direct,10800,Detroit
Women's Apparel,65,Midwest,625,40625,2021,11,16,Sports Direct,22344,Detroit
Men's Street Footwear,60,Midwest,850,51000,2021,12,15,Sports Direct,25500,Detroit
Men's Athletic Footwear,50,Midwest,650,32500,2021,12,15,Sports Direct,13000,Detroit
Women's Street Footwear,50,Midwest,600,30000,2021,12,15,Foot Locker,9000,Detroit
Women's Athletic Footwear,50,Midwest,550,27500,2021,12,15,Foot Locker,9625,Detroit
Men's Apparel,60,Midwest,550,33000,2021,12,15,Foot Locker,13200,Detroit
Women's Apparel,65,Midwest,650,42250,2021,12,15,Foot Locker,23238,Detroit
Men's Street Footwear,30,Midwest,625,18750,2021,1,18,Foot Locker,7500,Detroit
Men's Athletic Footwear,30,Midwest,425,12750,2021,1,18,Foot Locker,4463,Detroit
Women's Street Footwear,20,Midwest,425,8500,2021,1,18,Foot Locker,2975,Detroit
Women's Athletic Footwear,25,Midwest,275,6875,2021,1,18,Foot Locker,2750,Detroit
Men's Apparel,40,Midwest,325,13000,2021,1,18,Foot Locker,4550,Detroit
Women's Apparel,30,Midwest,425,12750,2021,1,18,Foot Locker,6375,Detroit
Men's Street Footwear,30,Midwest,675,20250,2021,2,18,Foot Locker,8100,Detroit
Men's Athletic Footwear,30,Midwest,325,9750,2021,2,18,Foot Locker,3413,Detroit
Women's Street Footwear,20,Midwest,375,7500,2021,2,18,Foot Locker,2625,Detroit
Women's Athletic Footwear,25,Midwest,250,6250,2021,2,18,Foot Locker,2500,St. Louis
Men's Apparel,40,Midwest,325,13000,2021,2,18,Foot Locker,4550,St. Louis
Women's Apparel,30,Midwest,400,12000,2021,2,18,Foot Locker,6000,St. Louis
Men's Street Footwear,35,Midwest,620,21700,2021,3,17,Foot Locker,8680,St. Louis
Men's Athletic Footwear,35,Midwest,300,10500,2021,3,17,Foot Locker,3675,St. Louis
Women's Street Footwear,25,Midwest,350,8750,2021,3,17,Foot Locker,3063,St. Louis
Women's Athletic Footwear,30,Midwest,200,6000,2021,3,17,Foot Locker,2400,St. Louis
Men's Apparel,45,Midwest,250,11250,2021,3,17,Foot Locker,3938,St. Louis
Women's Apparel,35,Midwest,350,12250,2021,3,17,Foot Locker,6125,St. Louis
Men's Street Footwear,35,Midwest,575,20125,2021,4,18,Foot Locker,8050,St. Louis
Men's Athletic Footwear,30,Midwest,275,8250,2021,4,18,Foot Locker,2888,St. Louis
Women's Street Footwear,20,Midwest,275,5500,2021,4,18,Foot Locker,1925,St. Louis
Women's Athletic Footwear,25,Midwest,200,5000,2021,4,18,Foot Locker,2000,St. Louis
Men's Apparel,40,Midwest,225,9000,2021,4,18,Foot Locker,3150,St. Louis
Women's Apparel,30,Midwest,350,10500,2021,4,18,Foot Locker,5250,St. Louis
Men's Street Footwear,40,Midwest,620,24800,2021,5,19,Foot Locker,9920,St. Louis
Men's Athletic Footwear,35,Midwest,325,11375,2021,5,19,Foot Locker,3981,St. Louis
Women's Street Footwear,30,Midwest,300,9000,2021,5,19,Foot Locker,3150,St. Louis
Women's Athletic Footwear,30,Midwest,225,6750,2021,5,19,Foot Locker,2700,St. Louis
Men's Apparel,45,Midwest,250,11250,2021,5,19,Foot Locker,3938,St. Louis
Women's Apparel,50,Midwest,350,17500,2021,5,19,Foot Locker,8750,St. Louis
Men's Street Footwear,35,Midwest,600,21000,2021,6,18,Foot Locker,8400,St. Louis
Men's Athletic Footwear,30,Midwest,350,10500,2021,6,18,Foot Locker,3675,St. Louis
Women's Street Footwear,25,Midwest,375,9375,2021,6,18,Foot Locker,3281,St. Louis
Women's Athletic Footwear,25,Midwest,350,8750,2021,6,18,Foot Locker,3500,St. Louis
Men's Apparel,40,Midwest,350,14000,2021,6,18,Foot Locker,4900,St. Louis
Women's Apparel,45,Midwest,525,23625,2021,6,18,Foot Locker,11813,St. Louis
Men's Street Footwear,40,Midwest,750,30000,2021,7,17,Foot Locker,12000,St. Louis
Men's Athletic Footwear,35,Midwest,500,17500,2021,7,17,Foot Locker,6125,St. Louis
Women's Street Footwear,30,Midwest,425,12750,2021,7,17,Foot Locker,4463,St. Louis
Women's Athletic Footwear,30,Midwest,375,11250,2021,7,17,Foot Locker,4500,St. Louis
Men's Apparel,40,Midwest,375,15000,2021,7,17,Foot Locker,5250,St. Louis
Women's Apparel,45,Midwest,550,24750,2021,7,17,Foot Locker,12375,St. Louis
Men's Street Footwear,40,Midwest,700,28000,2021,8,18,Foot Locker,11200,St. Louis
Men's Athletic Footwear,40,Midwest,475,19000,2021,8,18,Foot Locker,6650,St. Louis
Women's Street Footwear,35,Midwest,400,14000,2021,8,18,Foot Locker,4900,St. Louis
Women's Athletic Footwear,25,Midwest,325,8125,2021,8,18,Foot Locker,3250,St. Louis
Men's Apparel,35,Midwest,300,10500,2021,8,18,Foot Locker,3675,St. Louis
Women's Apparel,40,Midwest,475,19000,2021,8,18,Foot Locker,9500,St. Louis
Men's Street Footwear,35,Midwest,600,21000,2021,9,19,Foot Locker,8400,St. Louis
Men's Athletic Footwear,30,Midwest,400,12000,2021,9,19,Foot Locker,4200,St. Louis
Women's Street Footwear,15,Midwest,300,4500,2021,9,19,Foot Locker,1575,St. Louis
Women's Athletic Footwear,15,Midwest,275,4125,2021,9,19,Foot Locker,1650,St. Louis
Men's Apparel,25,Midwest,275,6875,2021,9,19,Foot Locker,2406,St. Louis
Women's Apparel,30,Midwest,350,10500,2021,9,19,Foot Locker,5250,St. Louis
Men's Street Footwear,35,Midwest,525,18375,2021,10,18,Foot Locker,7350,St. Louis
Men's Athletic Footwear,25,Midwest,350,8750,2021,10,18,Foot Locker,3063,St. Louis
Women's Street Footwear,25,Midwest,250,6250,2021,10,18,Foot Locker,2188,St. Louis
Women's Athletic Footwear,25,Midwest,225,5625,2021,10,18,Foot Locker,2250,St. Louis
Men's Apparel,35,Midwest,225,7875,2021,10,18,Foot Locker,2756,St. Louis
Women's Apparel,40,Midwest,350,14000,2021,10,18,Foot Locker,7000,St. Louis
Men's Street Footwear,35,Midwest,500,17500,2021,11,18,Foot Locker,7000,St. Louis
Men's Athletic Footwear,25,Midwest,350,8750,2021,11,18,Foot Locker,3063,St. Louis
Women's Street Footwear,25,Midwest,295,7375,2021,11,18,Foot Locker,2581,St. Louis
Women's Athletic Footwear,25,Midwest,325,8125,2021,11,18,Foot Locker,3250,St. Louis
Men's Apparel,45,Midwest,300,13500,2021,11,18,Foot Locker,4725,St. Louis
Women's Apparel,50,Midwest,400,20000,2021,11,18,Foot Locker,10000,St. Louis
Men's Street Footwear,45,Midwest,650,29250,2021,12,17,Foot Locker,11700,St. Louis
Men's Athletic Footwear,35,Midwest,450,15750,2021,12,17,Foot Locker,5513,St. Louis
Women's Street Footwear,35,Midwest,400,14000,2021,12,17,West Gear,4900,St. Louis
Women's Athletic Footwear,35,Midwest,350,12250,2021,12,17,West Gear,4900,St. Louis
Men's Apparel,45,Midwest,350,15750,2021,12,17,West Gear,5513,St. Louis
Women's Apparel,50,Midwest,450,22500,2021,12,17,West Gear,11250,St. Louis
Men's Street Footwear,25,Midwest,675,16875,2021,1,11,West Gear,6750,St. Louis
Men's Athletic Footwear,25,Midwest,475,11875,2021,1,11,West Gear,4156,St. Louis
Women's Street Footwear,15,Midwest,475,7125,2021,1,11,West Gear,2494,St. Louis
Women's Athletic Footwear,20,Midwest,325,6500,2021,1,11,West Gear,2600,St. Louis
Men's Apparel,35,Midwest,375,13125,2021,1,11,West Gear,4594,St. Louis
Women's Apparel,25,Midwest,475,11875,2021,1,11,West Gear,5938,St. Louis
Men's Street Footwear,25,Midwest,725,18125,2021,2,11,West Gear,7250,St. Louis
Men's Athletic Footwear,25,Midwest,375,9375,2021,2,11,West Gear,3281,St. Louis
Women's Street Footwear,15,Midwest,425,6375,2021,2,11,West Gear,2231,St. Louis
Women's Athletic Footwear,20,West,300,6000,2021,2,11,West Gear,2400,Salt Lake City
Men's Apparel,35,West,375,13125,2021,2,11,West Gear,4594,Salt Lake City
Women's Apparel,25,West,450,11250,2021,2,11,West Gear,5625,Salt Lake City
Men's Street Footwear,30,West,670,20100,2021,3,10,West Gear,8040,Salt Lake City
Men's Athletic Footwear,30,West,350,10500,2021,3,10,West Gear,3675,Salt Lake City
Women's Street Footwear,20,West,400,8000,2021,3,10,West Gear,2800,Salt Lake City
Women's Athletic Footwear,25,West,250,6250,2021,3,10,West Gear,2500,Salt Lake City
Men's Apparel,40,West,300,12000,2021,3,10,West Gear,4200,Salt Lake City
Women's Apparel,30,West,400,12000,2021,3,10,West Gear,6000,Salt Lake City
Men's Street Footwear,30,West,625,18750,2021,4,11,West Gear,7500,Salt Lake City
Men's Athletic Footwear,25,West,325,8125,2021,4,11,West Gear,2844,Salt Lake City
Women's Street Footwear,15,West,325,4875,2021,4,11,West Gear,1706,Salt Lake City
Women's Athletic Footwear,20,West,250,5000,2021,4,11,West Gear,2000,Salt Lake City
Men's Apparel,35,West,275,9625,2021,4,11,West Gear,3369,Salt Lake City
Women's Apparel,25,West,400,10000,2021,4,11,West Gear,5000,Salt Lake City
Men's Street Footwear,35,West,670,23450,2021,5,12,West Gear,9380,Salt Lake City
Men's Athletic Footwear,30,West,375,11250,2021,5,12,West Gear,3938,Salt Lake City
Women's Street Footwear,25,West,350,8750,2021,5,12,West Gear,3063,Salt Lake City
Women's Athletic Footwear,25,West,275,6875,2021,5,12,West Gear,2750,Salt Lake City
Men's Apparel,40,West,300,12000,2021,5,12,West Gear,4200,Salt Lake City
Women's Apparel,45,West,400,18000,2021,5,12,West Gear,9000,Salt Lake City
Men's Street Footwear,30,West,650,19500,2021,6,11,West Gear,7800,Salt Lake City
Men's Athletic Footwear,25,West,400,10000,2021,6,11,West Gear,3500,Salt Lake City
Women's Street Footwear,20,West,425,8500,2021,6,11,West Gear,2975,Salt Lake City
Women's Athletic Footwear,20,West,400,8000,2021,6,11,West Gear,3200,Salt Lake City
Men's Apparel,35,West,400,14000,2021,6,11,West Gear,4900,Salt Lake City
Women's Apparel,40,West,575,23000,2021,6,11,West Gear,11500,Salt Lake City
Men's Street Footwear,35,West,800,28000,2021,7,10,West Gear,11200,Salt Lake City
Men's Athletic Footwear,30,West,550,16500,2021,7,10,West Gear,5775,Salt Lake City
Women's Street Footwear,25,West,475,11875,2021,7,10,West Gear,4156,Salt Lake City
Women's Athletic Footwear,25,West,425,10625,2021,7,10,West Gear,4250,Salt Lake City
Men's Apparel,35,West,425,14875,2021,7,10,West Gear,5206,Salt Lake City
Women's Apparel,40,West,600,24000,2021,7,10,West Gear,12000,Salt Lake City
Men's Street Footwear,35,West,750,26250,2021,8,11,West Gear,10500,Salt Lake City
Men's Athletic Footwear,35,West,525,18375,2021,8,11,West Gear,6431,Salt Lake City
Women's Street Footwear,30,West,450,13500,2021,8,11,West Gear,4725,Salt Lake City
Women's Athletic Footwear,20,West,375,7500,2021,8,11,West Gear,3000,Salt Lake City
Men's Apparel,30,West,350,10500,2021,8,11,West Gear,3675,Salt Lake City
Women's Apparel,35,West,525,18375,2021,8,11,West Gear,9188,Salt Lake City
Men's Street Footwear,30,West,650,19500,2021,9,12,West Gear,7800,Salt Lake City
Men's Athletic Footwear,25,West,450,11250,2021,9,12,West Gear,3938,Salt Lake City
Women's Street Footwear,10,West,350,3500,2021,9,12,West Gear,1225,Salt Lake City
Women's Athletic Footwear,10,West,325,3250,2021,9,12,West Gear,1300,Salt Lake City
Men's Apparel,20,West,325,6500,2021,9,12,West Gear,2275,Salt Lake City
Women's Apparel,25,West,400,10000,2021,9,12,West Gear,5000,Salt Lake City
Men's Street Footwear,30,West,575,17250,2021,10,11,West Gear,6900,Salt Lake City
Men's Athletic Footwear,20,West,400,8000,2021,10,11,West Gear,2800,Salt Lake City
Women's Street Footwear,20,West,300,6000,2021,10,11,West Gear,2100,Salt Lake City
Women's Athletic Footwear,20,West,275,5500,2021,10,11,West Gear,2200,Salt Lake City
Men's Apparel,30,West,275,8250,2021,10,11,West Gear,2888,Salt Lake City
Women's Apparel,35,West,400,14000,2021,10,11,West Gear,7000,Salt Lake City
Men's Street Footwear,30,West,550,16500,2021,11,11,West Gear,6600,Salt Lake City
Men's Athletic Footwear,20,West,400,8000,2021,11,11,West Gear,2800,Salt Lake City
Women's Street Footwear,20,West,345,6900,2021,11,11,West Gear,2415,Salt Lake City
Women's Athletic Footwear,20,West,375,7500,2021,11,11,West Gear,3000,Salt Lake City
Men's Apparel,40,West,350,14000,2021,11,11,West Gear,4900,Salt Lake City
Women's Apparel,45,West,450,20250,2021,11,11,West Gear,10125,Salt Lake City
Men's Street Footwear,40,West,700,28000,2021,12,10,West Gear,11200,Salt Lake City
Men's Athletic Footwear,30,West,500,15000,2021,12,10,West Gear,5250,Salt Lake City
Women's Street Footwear,30,West,450,13500,2021,12,10,West Gear,4725,Salt Lake City
Women's Athletic Footwear,30,West,400,12000,2021,12,10,West Gear,4800,Salt Lake City
Men's Apparel,40,West,400,16000,2021,12,10,West Gear,5600,Salt Lake City
Women's Apparel,45,West,500,22500,2021,12,10,West Gear,11250,Salt Lake City
Men's Street Footwear,30,West,350,10500,2021,1,24,West Gear,3675,Salt Lake City
Men's Athletic Footwear,40,West,350,14000,2021,1,24,West Gear,4900,Salt Lake City
Women's Street Footwear,40,West,350,14000,2021,1,24,West Gear,4900,Salt Lake City
Women's Athletic Footwear,40,West,200,8000,2021,1,24,West Gear,2800,Salt Lake City
Men's Apparel,45,West,150,6750,2021,1,24,West Gear,2700,Salt Lake City
Women's Apparel,40,West,400,16000,2021,1,24,West Gear,4800,Salt Lake City
Men's Street Footwear,30,West,450,13500,2021,2,24,West Gear,4725,Salt Lake City
Men's Athletic Footwear,40,West,350,14000,2021,2,24,West Gear,4900,Salt Lake City
Women's Street Footwear,40,West,350,14000,2021,2,24,West Gear,4900,Salt Lake City
Women's Athletic Footwear,40,West,200,8000,2021,2,24,West Gear,2800,Portland
Men's Apparel,45,West,125,5625,2021,2,24,West Gear,2250,Portland
Women's Apparel,40,West,325,13000,2021,2,24,West Gear,3900,Portland
Men's Street Footwear,40,West,475,19000,2021,3,23,West Gear,6650,Portland
Men's Athletic Footwear,50,West,325,16250,2021,3,23,West Gear,5688,Portland
Women's Street Footwear,55,West,350,19250,2021,3,23,West Gear,6738,Portland
Women's Athletic Footwear,50,West,250,12500,2021,3,23,West Gear,4375,Portland
Men's Apparel,55,West,100,5500,2021,3,23,West Gear,2200,Portland
Women's Apparel,50,West,300,15000,2021,3,23,West Gear,4500,Portland
Men's Street Footwear,55,West,475,26125,2021,4,24,West Gear,9144,Portland
Men's Athletic Footwear,60,West,275,16500,2021,4,24,West Gear,5775,Portland
Women's Street Footwear,60,West,325,19500,2021,4,24,West Gear,6825,Portland
Women's Athletic Footwear,45,West,225,10125,2021,4,24,West Gear,3544,Portland
Men's Apparel,50,West,125,6250,2021,4,24,West Gear,2500,Portland
Women's Apparel,65,West,300,19500,2021,4,24,West Gear,5850,Portland
Men's Street Footwear,50,West,500,25000,2021,5,25,West Gear,8750,Portland
Men's Athletic Footwear,55,West,350,19250,2021,5,25,West Gear,6738,Portland
Women's Street Footwear,55,West,350,19250,2021,5,25,West Gear,6738,Portland
Women's Athletic Footwear,50,West,275,13750,2021,5,25,West Gear,4813,Portland
Men's Apparel,45,West,175,7875,2021,5,25,West Gear,3150,Portland
Women's Apparel,60,West,525,31500,2021,5,25,West Gear,9450,Portland
Men's Street Footwear,55,West,775,42625,2021,6,24,West Gear,14919,Portland
Men's Athletic Footwear,65,West,650,42250,2021,6,24,West Gear,14788,Portland
Women's Street Footwear,80,West,650,52000,2021,6,24,West Gear,18200,Portland
Women's Athletic Footwear,80,West,525,42000,2021,6,24,West Gear,14700,Portland
Men's Apparel,90,West,400,36000,2021,6,24,West Gear,14400,Portland
Women's Apparel,105,West,700,73500,2021,6,24,West Gear,22050,Portland
Men's Street Footwear,85,West,850,72250,2021,7,23,West Gear,25288,Portland
Men's Athletic Footwear,90,West,700,63000,2021,7,23,West Gear,22050,Portland
Women's Street Footwear,90,West,650,58500,2021,7,23,West Gear,20475,Portland
Women's Athletic Footwear,85,West,550,46750,2021,7,23,West Gear,16363,Portland
Men's Apparel,90,West,600,54000,2021,7,23,West Gear,21600,Portland
Women's Apparel,105,West,600,63000,2021,7,23,West Gear,18900,Portland
Men's Street Footwear,90,West,800,72000,2021,8,24,West Gear,25200,Portland
Men's Athletic Footwear,80,West,775,62000,2021,8,24,West Gear,21700,Portland
Women's Street Footwear,70,West,650,45500,2021,8,24,West Gear,15925,Portland
Women's Athletic Footwear,70,West,425,29750,2021,8,24,West Gear,10413,Portland
Men's Apparel,70,West,425,29750,2021,8,24,West Gear,11900,Portland
Women's Apparel,75,West,250,18750,2021,8,24,West Gear,5625,Portland
Men's Street Footwear,50,West,450,22500,2021,9,25,West Gear,7875,Portland
Men's Athletic Footwear,55,West,450,24750,2021,9,25,West Gear,8663,Portland
Women's Street Footwear,50,West,250,12500,2021,9,25,West Gear,4375,Portland
Women's Athletic Footwear,50,West,200,10000,2021,9,25,West Gear,3500,Portland
Men's Apparel,60,West,225,13500,2021,9,25,West Gear,5400,Portland
Women's Apparel,45,West,250,11250,2021,9,25,West Gear,3375,Portland
Men's Street Footwear,40,West,350,14000,2021,10,24,West Gear,4900,Portland
Men's Athletic Footwear,55,West,525,28875,2021,10,24,West Gear,10106,Portland
Women's Street Footwear,50,West,350,17500,2021,10,24,West Gear,6125,Portland
Women's Athletic Footwear,45,West,325,14625,2021,10,24,West Gear,5119,Portland
Men's Apparel,55,West,300,16500,2021,10,24,West Gear,6600,Portland
Women's Apparel,60,West,350,21000,2021,10,24,West Gear,6300,Portland
Men's Street Footwear,45,West,575,25875,2021,11,24,West Gear,9056,Portland
Men's Athletic Footwear,50,West,650,32500,2021,11,24,West Gear,11375,Portland
Women's Street Footwear,45,West,475,21375,2021,11,24,West Gear,7481,Portland
Women's Athletic Footwear,55,West,450,24750,2021,11,24,West Gear,8663,Portland
Men's Apparel,75,West,425,31875,2021,11,24,West Gear,12750,Portland
Women's Apparel,80,West,550,44000,2021,11,24,West Gear,13200,Portland
Men's Street Footwear,65,West,750,48750,2021,12,23,West Gear,17063,Portland
Men's Athletic Footwear,75,West,750,56250,2021,12,23,West Gear,19688,Portland
Women's Street Footwear,70,West,550,38500,2021,12,23,West Gear,13475,Portland
Women's Athletic Footwear,70,West,550,38500,2021,12,23,West Gear,13475,Portland
Men's Apparel,80,West,475,38000,2021,12,23,West Gear,15200,Portland
Women's Apparel,85,West,575,48875,2021,12,23,West Gear,14663,Portland
Men's Street Footwear,35,West,400,14000,2021,1,17,West Gear,5600,Portland
Men's Athletic Footwear,45,West,400,18000,2021,1,17,West Gear,7200,Portland
Women's Street Footwear,45,West,400,18000,2021,1,17,West Gear,7200,Portland
Women's Athletic Footwear,45,West,250,11250,2021,1,17,West Gear,4500,Portland
Men's Apparel,50,West,200,10000,2021,1,17,West Gear,4500,Portland
Women's Apparel,45,West,450,20250,2021,1,17,West Gear,7088,Portland
Men's Street Footwear,35,West,500,17500,2021,2,17,West Gear,7000,Portland
Men's Athletic Footwear,45,West,400,18000,2021,2,17,West Gear,7200,Portland
Women's Street Footwear,45,West,400,18000,2021,2,17,West Gear,7200,Portland
Women's Athletic Footwear,45,South,250,11250,2021,2,17,West Gear,4500,New Orleans
Men's Apparel,50,South,175,8750,2021,2,17,West Gear,3938,New Orleans
Women's Apparel,45,South,375,16875,2021,2,17,West Gear,5906,New Orleans
Men's Street Footwear,45,South,525,23625,2021,3,16,West Gear,9450,New Orleans
Men's Athletic Footwear,55,South,375,20625,2021,3,16,West Gear,8250,New Orleans
Women's Street Footwear,60,South,400,24000,2021,3,16,West Gear,9600,New Orleans
Women's Athletic Footwear,55,South,300,16500,2021,3,16,West Gear,6600,New Orleans
Men's Apparel,60,South,150,9000,2021,3,16,West Gear,4050,New Orleans
Women's Apparel,45,South,350,15750,2021,3,16,West Gear,5513,New Orleans
Men's Street Footwear,50,South,525,26250,2021,4,17,West Gear,10500,New Orleans
Men's Athletic Footwear,55,South,325,17875,2021,4,17,West Gear,7150,New Orleans
Women's Street Footwear,55,South,375,20625,2021,4,17,West Gear,8250,New Orleans
Women's Athletic Footwear,40,South,275,11000,2021,4,17,West Gear,4400,New Orleans
Men's Apparel,45,South,175,7875,2021,4,17,West Gear,3544,New Orleans
Women's Apparel,60,South,350,21000,2021,4,17,West Gear,7350,New Orleans
Men's Street Footwear,45,South,550,24750,2021,5,18,West Gear,9900,New Orleans
Men's Athletic Footwear,50,South,400,20000,2021,5,18,West Gear,8000,New Orleans
Women's Street Footwear,50,South,400,20000,2021,5,18,West Gear,8000,New Orleans
Women's Athletic Footwear,45,South,325,14625,2021,5,18,West Gear,5850,New Orleans
Men's Apparel,40,South,225,9000,2021,5,18,West Gear,4050,New Orleans
Women's Apparel,65,South,575,37375,2021,5,18,West Gear,13081,New Orleans
Men's Street Footwear,60,South,825,49500,2021,6,17,West Gear,19800,New Orleans
Men's Athletic Footwear,70,South,700,49000,2021,6,17,West Gear,19600,New Orleans
Women's Street Footwear,85,South,700,59500,2021,6,17,West Gear,23800,New Orleans
Women's Athletic Footwear,85,South,575,48875,2021,6,17,West Gear,19550,New Orleans
Men's Apparel,95,South,450,42750,2021,6,17,West Gear,19238,New Orleans
Women's Apparel,110,South,750,82500,2021,6,17,West Gear,28875,New Orleans
Men's Street Footwear,90,South,900,81000,2021,7,16,West Gear,32400,New Orleans
Men's Athletic Footwear,95,South,750,71250,2021,7,16,West Gear,28500,New Orleans
Women's Street Footwear,95,South,700,66500,2021,7,16,West Gear,26600,New Orleans
Women's Athletic Footwear,90,South,600,54000,2021,7,16,West Gear,21600,New Orleans
Men's Apparel,95,South,650,61750,2021,7,16,West Gear,27788,New Orleans
Women's Apparel,110,South,650,71500,2021,7,16,West Gear,25025,New Orleans
Men's Street Footwear,95,South,850,80750,2021,8,17,West Gear,32300,New Orleans
Men's Athletic Footwear,85,South,825,70125,2021,8,17,West Gear,28050,New Orleans
Women's Street Footwear,75,South,700,52500,2021,8,17,West Gear,21000,New Orleans
Women's Athletic Footwear,75,South,475,35625,2021,8,17,West Gear,14250,New Orleans
Men's Apparel,65,South,475,30875,2021,8,17,West Gear,13894,New Orleans
Women's Apparel,70,South,300,21000,2021,8,17,West Gear,7350,New Orleans
Men's Street Footwear,45,South,500,22500,2021,9,18,West Gear,9000,New Orleans
Men's Athletic Footwear,50,South,500,25000,2021,9,18,West Gear,10000,New Orleans
Women's Street Footwear,45,South,300,13500,2021,9,18,West Gear,5400,New Orleans
Women's Athletic Footwear,45,South,250,11250,2021,9,18,West Gear,4500,New Orleans
Men's Apparel,55,South,275,15125,2021,9,18,West Gear,6806,New Orleans
Women's Apparel,40,South,300,12000,2021,9,18,West Gear,4200,New Orleans
Men's Street Footwear,35,South,400,14000,2021,10,17,West Gear,5600,New Orleans
Men's Athletic Footwear,50,South,575,28750,2021,10,17,West Gear,11500,New Orleans
Women's Street Footwear,45,South,400,18000,2021,10,17,West Gear,7200,New Orleans
Women's Athletic Footwear,40,South,375,15000,2021,10,17,West Gear,6000,New Orleans
Men's Apparel,50,South,350,17500,2021,10,17,West Gear,7875,New Orleans
Women's Apparel,55,South,400,22000,2021,10,17,West Gear,7700,New Orleans
Men's Street Footwear,40,South,625,25000,2021,11,17,West Gear,10000,New Orleans
Men's Athletic Footwear,45,South,700,31500,2021,11,17,West Gear,12600,New Orleans
Women's Street Footwear,40,South,525,21000,2021,11,17,West Gear,8400,New Orleans
Women's Athletic Footwear,50,South,500,25000,2021,11,17,West Gear,10000,New Orleans
Men's Apparel,70,South,475,33250,2021,11,17,West Gear,14963,New Orleans
Women's Apparel,85,South,600,51000,2021,11,17,West Gear,17850,New Orleans
Men's Street Footwear,70,South,800,56000,2021,12,16,West Gear,22400,New Orleans
Men's Athletic Footwear,80,South,800,64000,2021,12,16,West Gear,25600,New Orleans
Women's Street Footwear,75,South,600,45000,2021,12,16,Foot Locker,18000,New Orleans
Women's Athletic Footwear,75,South,600,45000,2021,12,16,Foot Locker,18000,New Orleans
Men's Apparel,85,South,525,44625,2021,12,16,Foot Locker,20081,New Orleans
Women's Apparel,90,South,625,56250,2021,12,16,Foot Locker,19688,New Orleans
Men's Street Footwear,20,South,675,13500,2021,1,5,Foot Locker,4050,New Orleans
Men's Athletic Footwear,30,South,675,20250,2021,1,5,Foot Locker,6075,New Orleans
Women's Street Footwear,30,South,475,14250,2021,1,5,Foot Locker,4275,New Orleans
Women's Athletic Footwear,35,South,475,16625,2021,1,5,Foot Locker,6650,New Orleans
Men's Apparel,40,South,325,13000,2021,1,5,Foot Locker,3250,New Orleans
Women's Apparel,35,South,475,16625,2021,1,5,West Gear,7481,New Orleans
Men's Street Footwear,25,South,625,15625,2021,2,4,Foot Locker,4688,New Orleans
Men's Athletic Footwear,35,South,600,21000,2021,2,4,Foot Locker,6300,New Orleans
Women's Street Footwear,35,South,425,14875,2021,2,4,Foot Locker,4463,New Orleans
Women's Athletic Footwear,35,West,375,13125,2021,2,4,Foot Locker,5250,Boise
Men's Apparel,40,West,250,10000,2021,2,4,Foot Locker,2500,Boise
Women's Apparel,35,West,450,15750,2021,2,4,Foot Locker,7088,Boise
Men's Street Footwear,30,West,625,18750,2021,3,6,Foot Locker,6563,Boise
Men's Athletic Footwear,40,West,625,25000,2021,3,6,Foot Locker,8750,Boise
Women's Street Footwear,30,West,450,13500,2021,3,6,Foot Locker,4725,Boise
Women's Athletic Footwear,35,West,350,12250,2021,3,6,Foot Locker,5513,Boise
Men's Apparel,40,West,250,10000,2021,3,6,West Gear,3000,Boise
Women's Apparel,35,West,400,14000,2021,3,6,West Gear,7000,Boise
Men's Street Footwear,20,West,650,13000,2021,4,5,West Gear,4550,Boise
Men's Athletic Footwear,30,West,650,19500,2021,4,5,West Gear,6825,Boise
Women's Street Footwear,25,West,475,11875,2021,4,5,West Gear,4156,Boise
Women's Athletic Footwear,30,West,375,11250,2021,4,5,West Gear,5063,Boise
Men's Apparel,35,West,275,9625,2021,4,5,West Gear,2888,Boise
Women's Apparel,30,West,550,16500,2021,4,5,West Gear,8250,Boise
Men's Street Footwear,20,West,700,14000,2021,5,5,West Gear,4900,Boise
Men's Athletic Footwear,30,West,725,21750,2021,5,5,West Gear,7613,Boise
Women's Street Footwear,25,West,575,14375,2021,5,5,West Gear,5031,Boise
Women's Athletic Footwear,35,West,500,17500,2021,5,5,West Gear,7875,Boise
Men's Apparel,50,West,400,20000,2021,5,5,West Gear,6000,Boise
Women's Apparel,45,West,750,33750,2021,5,5,West Gear,16875,Boise
Men's Street Footwear,45,West,750,33750,2021,6,4,West Gear,11813,Boise
Men's Athletic Footwear,50,West,750,37500,2021,6,4,West Gear,13125,Boise
Women's Street Footwear,50,West,600,30000,2021,6,4,West Gear,10500,Boise
Women's Athletic Footwear,50,West,550,27500,2021,6,4,West Gear,12375,Boise
Men's Apparel,55,West,450,24750,2021,6,4,West Gear,7425,Boise
Women's Apparel,60,West,825,49500,2021,6,4,West Gear,24750,Boise
Men's Street Footwear,50,West,775,38750,2021,7,6,West Gear,15500,Boise
Men's Athletic Footwear,55,West,775,42625,2021,7,6,West Gear,17050,Boise
Women's Street Footwear,50,West,925,46250,2021,7,6,West Gear,18500,Boise
Women's Athletic Footwear,50,West,525,26250,2021,7,6,West Gear,13125,Boise
Men's Apparel,55,West,525,28875,2021,7,6,West Gear,10106,Boise
Women's Apparel,65,West,800,52000,2021,7,6,Foot Locker,28600,Boise
Men's Street Footwear,50,West,750,37500,2021,8,8,Foot Locker,15000,Boise
Men's Athletic Footwear,55,West,750,41250,2021,8,8,Foot Locker,16500,Boise
Women's Street Footwear,50,West,925,46250,2021,8,8,Foot Locker,18500,Boise
Women's Athletic Footwear,50,West,475,23750,2021,8,8,Foot Locker,11875,Boise
Men's Apparel,55,West,475,26125,2021,8,8,Sports Direct,9144,Boise
Women's Apparel,60,West,725,43500,2021,8,8,Sports Direct,23925,Boise
Men's Street Footwear,55,West,675,37125,2021,9,5,Sports Direct,14850,Boise
Men's Athletic Footwear,55,West,625,34375,2021,9,5,Sports Direct,13750,Boise
Women's Street Footwear,60,West,675,40500,2021,9,5,Sports Direct,16200,Boise
Women's Athletic Footwear,60,West,400,24000,2021,9,5,Sports Direct,12000,Boise
Men's Apparel,55,West,400,22000,2021,9,5,Sports Direct,7700,Boise
Women's Apparel,50,West,625,31250,2021,9,5,Sports Direct,17188,Boise
Men's Street Footwear,40,West,575,23000,2021,10,4,Sports Direct,9200,Boise
Men's Athletic Footwear,40,West,575,23000,2021,10,4,Sports Direct,9200,Boise
Women's Street Footwear,45,West,525,23625,2021,10,4,Sports Direct,9450,Boise
Women's Athletic Footwear,45,West,375,16875,2021,10,4,Sports Direct,8438,Boise
Men's Apparel,35,West,350,12250,2021,10,4,Sports Direct,4288,Boise
Women's Apparel,45,West,525,23625,2021,10,4,Sports Direct,12994,Boise
Men's Street Footwear,35,West,675,23625,2021,11,5,Sports Direct,9450,Boise
Men's Athletic Footwear,35,West,675,23625,2021,11,5,Sports Direct,9450,Boise
Women's Street Footwear,60,West,600,36000,2021,11,5,Sports Direct,14400,Boise
Women's Athletic Footwear,60,West,450,27000,2021,11,5,Sports Direct,13500,Boise
Men's Apparel,55,West,425,23375,2021,11,5,Sports Direct,8181,Boise
Women's Apparel,65,West,625,40625,2021,11,5,Sports Direct,22344,Boise
Men's Street Footwear,55,West,775,42625,2021,12,4,Foot Locker,17050,Boise
Men's Athletic Footwear,55,West,775,42625,2021,12,4,Foot Locker,17050,Boise
Women's Street Footwear,60,West,675,40500,2021,12,4,Foot Locker,16200,Boise
Women's Athletic Footwear,60,West,525,31500,2021,12,4,Foot Locker,15750,Boise
Men's Apparel,55,West,475,26125,2021,12,4,Foot Locker,9144,Boise
Women's Apparel,65,West,725,47125,2021,12,4,Foot Locker,25919,Boise
Men's Street Footwear,30,West,425,12750,2021,1,23,Foot Locker,4463,Boise
Men's Athletic Footwear,40,West,425,17000,2021,1,23,Foot Locker,6800,Boise
Women's Street Footwear,40,West,425,17000,2021,1,23,Foot Locker,5950,Boise
Women's Athletic Footwear,40,West,275,11000,2021,1,23,Foot Locker,3850,Boise
Men's Apparel,45,West,225,10125,2021,1,23,Foot Locker,3038,Boise
Women's Apparel,40,West,425,17000,2021,1,23,Foot Locker,4250,Boise
Men's Street Footwear,30,West,475,14250,2021,2,23,Foot Locker,4988,Boise
Men's Athletic Footwear,40,West,375,15000,2021,2,23,Foot Locker,6000,Boise
Women's Street Footwear,40,West,375,15000,2021,2,23,Foot Locker,5250,Boise
Women's Athletic Footwear,40,West,225,9000,2021,2,23,Foot Locker,3150,Phoenix
Men's Apparel,45,West,150,6750,2021,2,23,Foot Locker,2025,Phoenix
Women's Apparel,40,West,350,14000,2021,2,23,Foot Locker,3500,Phoenix
Men's Street Footwear,40,West,500,20000,2021,3,22,Foot Locker,7000,Phoenix
Men's Athletic Footwear,50,West,350,17500,2021,3,22,Foot Locker,7000,Phoenix
Women's Street Footwear,50,West,350,17500,2021,3,22,Foot Locker,6125,Phoenix
Women's Athletic Footwear,50,West,225,11250,2021,3,22,Foot Locker,3938,Phoenix
Men's Apparel,55,West,125,6875,2021,3,22,Foot Locker,2063,Phoenix
Women's Apparel,50,West,325,16250,2021,3,22,Foot Locker,4063,Phoenix
Men's Street Footwear,50,West,500,25000,2021,4,23,Foot Locker,8750,Phoenix
Men's Athletic Footwear,55,West,300,16500,2021,4,23,Foot Locker,6600,Phoenix
Women's Street Footwear,55,West,350,19250,2021,4,23,Foot Locker,6738,Phoenix
Women's Athletic Footwear,50,West,250,12500,2021,4,23,Foot Locker,4375,Phoenix
Men's Apparel,55,West,150,8250,2021,4,23,Foot Locker,2475,Phoenix
Women's Apparel,70,West,325,22750,2021,4,23,Foot Locker,5688,Phoenix
Men's Street Footwear,50,West,525,26250,2021,5,24,Foot Locker,9188,Phoenix
Men's Athletic Footwear,55,West,375,20625,2021,5,24,Foot Locker,8250,Phoenix
Women's Street Footwear,55,West,400,22000,2021,5,24,Foot Locker,7700,Phoenix
Women's Athletic Footwear,50,West,300,15000,2021,5,24,Foot Locker,5250,Phoenix
Men's Apparel,55,West,200,11000,2021,5,24,Foot Locker,3300,Phoenix
Women's Apparel,70,West,375,26250,2021,5,24,Foot Locker,6563,Phoenix
Men's Street Footwear,50,West,625,31250,2021,6,23,Foot Locker,10938,Phoenix
Men's Athletic Footwear,55,West,475,26125,2021,6,23,Foot Locker,10450,Phoenix
Women's Street Footwear,55,West,475,26125,2021,6,23,Foot Locker,9144,Phoenix
Women's Athletic Footwear,50,West,350,17500,2021,6,23,Foot Locker,6125,Phoenix
Men's Apparel,55,West,225,12375,2021,6,23,Foot Locker,3713,Phoenix
Women's Apparel,70,West,525,36750,2021,6,23,Foot Locker,9188,Phoenix
Men's Street Footwear,50,West,675,33750,2021,7,22,Foot Locker,11813,Phoenix
Men's Athletic Footwear,55,West,525,28875,2021,7,22,Foot Locker,11550,Phoenix
Women's Street Footwear,55,West,475,26125,2021,7,22,Foot Locker,9144,Phoenix
Women's Athletic Footwear,50,West,375,18750,2021,7,22,Foot Locker,6563,Phoenix
Men's Apparel,55,West,425,23375,2021,7,22,Foot Locker,7013,Phoenix
Women's Apparel,70,West,425,29750,2021,7,22,Foot Locker,7438,Phoenix
Men's Street Footwear,55,West,625,34375,2021,8,23,Foot Locker,12031,Phoenix
Men's Athletic Footwear,60,West,575,34500,2021,8,23,Foot Locker,13800,Phoenix
Women's Street Footwear,55,West,450,24750,2021,8,23,Foot Locker,8663,Phoenix
Women's Athletic Footwear,55,West,400,22000,2021,8,23,Foot Locker,7700,Phoenix
Men's Apparel,65,West,400,26000,2021,8,23,Foot Locker,7800,Phoenix
Women's Apparel,70,West,375,26250,2021,8,23,Foot Locker,6563,Phoenix
Men's Street Footwear,45,West,575,25875,2021,9,24,Foot Locker,9056,Phoenix
Men's Athletic Footwear,50,West,575,28750,2021,9,24,Foot Locker,11500,Phoenix
Women's Street Footwear,45,West,425,19125,2021,9,24,Foot Locker,6694,Phoenix
Women's Athletic Footwear,45,West,375,16875,2021,9,24,Foot Locker,5906,Phoenix
Men's Apparel,55,West,375,20625,2021,9,24,Foot Locker,6188,Phoenix
Women's Apparel,60,West,425,25500,2021,9,24,Foot Locker,6375,Phoenix
Men's Street Footwear,45,West,500,22500,2021,10,23,Foot Locker,7875,Phoenix
Men's Athletic Footwear,50,West,500,25000,2021,10,23,Foot Locker,10000,Phoenix
Women's Street Footwear,45,West,325,14625,2021,10,23,Foot Locker,5119,Phoenix
Women's Athletic Footwear,45,West,300,13500,2021,10,23,Foot Locker,4725,Phoenix
Men's Apparel,55,West,275,15125,2021,10,23,Foot Locker,4538,Phoenix
Women's Apparel,60,West,325,19500,2021,10,23,Foot Locker,4875,Phoenix
Men's Street Footwear,45,West,500,22500,2021,11,23,Foot Locker,7875,Phoenix
Men's Athletic Footwear,50,West,525,26250,2021,11,23,Foot Locker,10500,Phoenix
Women's Street Footwear,45,West,375,16875,2021,11,23,Foot Locker,5906,Phoenix
Women's Athletic Footwear,45,West,350,15750,2021,11,23,Foot Locker,5513,Phoenix
Men's Apparel,55,West,300,16500,2021,11,23,Foot Locker,4950,Phoenix
Women's Apparel,60,West,425,25500,2021,11,23,Foot Locker,6375,Phoenix
Men's Street Footwear,45,West,625,28125,2021,12,22,Foot Locker,9844,Phoenix
Men's Athletic Footwear,50,West,625,31250,2021,12,22,Foot Locker,12500,Phoenix
Women's Street Footwear,45,West,425,19125,2021,12,22,Kohl'S,6694,Phoenix
Women's Athletic Footwear,45,West,425,19125,2021,12,22,Kohl'S,6694,Phoenix
Men's Apparel,55,West,350,19250,2021,12,22,Kohl'S,5775,Phoenix
Women's Apparel,60,West,450,27000,2021,12,22,Kohl'S,6750,Phoenix
Men's Street Footwear,35,West,475,16625,2021,1,26,Kohl'S,5819,Phoenix
Men's Athletic Footwear,45,West,475,21375,2021,1,26,Kohl'S,8550,Phoenix
Women's Street Footwear,45,West,475,21375,2021,1,26,Kohl'S,7481,Phoenix
Women's Athletic Footwear,45,West,325,14625,2021,1,26,Kohl'S,5119,Phoenix
Men's Apparel,50,West,275,13750,2021,1,26,Kohl'S,4125,Phoenix
Women's Apparel,45,West,475,21375,2021,1,26,Kohl'S,5344,Phoenix
Men's Street Footwear,35,West,525,18375,2021,2,26,Kohl'S,6431,Phoenix
Men's Athletic Footwear,45,West,425,19125,2021,2,26,Kohl'S,7650,Phoenix
Women's Street Footwear,45,West,425,19125,2021,2,26,Kohl'S,6694,Phoenix
Women's Athletic Footwear,45,West,275,12375,2021,2,26,Kohl'S,4331,Albuquerque
Men's Apparel,50,West,200,10000,2021,2,26,Kohl'S,3000,Albuquerque
Women's Apparel,45,West,400,18000,2021,2,26,Kohl'S,4500,Albuquerque
Men's Street Footwear,45,West,550,24750,2021,3,25,Kohl'S,8663,Albuquerque
Men's Athletic Footwear,55,West,400,22000,2021,3,25,Kohl'S,8800,Albuquerque
Women's Street Footwear,55,West,400,22000,2021,3,25,Kohl'S,7700,Albuquerque
Women's Athletic Footwear,55,West,275,15125,2021,3,25,Kohl'S,5294,Albuquerque
Men's Apparel,60,West,175,10500,2021,3,25,Kohl'S,3150,Albuquerque
Women's Apparel,55,West,375,20625,2021,3,25,Kohl'S,5156,Albuquerque
Men's Street Footwear,55,West,550,30250,2021,4,26,Kohl'S,10588,Albuquerque
Men's Athletic Footwear,60,West,350,21000,2021,4,26,Kohl'S,8400,Albuquerque
Women's Street Footwear,60,West,400,24000,2021,4,26,Kohl'S,8400,Albuquerque
Women's Athletic Footwear,55,West,300,16500,2021,4,26,Kohl'S,5775,Albuquerque
Men's Apparel,60,West,200,12000,2021,4,26,Kohl'S,3600,Albuquerque
Women's Apparel,75,West,375,28125,2021,4,26,Kohl'S,7031,Albuquerque
Men's Street Footwear,55,West,575,31625,2021,5,27,Kohl'S,11069,Albuquerque
Men's Athletic Footwear,60,West,425,25500,2021,5,27,Kohl'S,10200,Albuquerque
Women's Street Footwear,60,West,450,27000,2021,5,27,Kohl'S,9450,Albuquerque
Women's Athletic Footwear,55,West,350,19250,2021,5,27,Kohl'S,6738,Albuquerque
Men's Apparel,60,West,250,15000,2021,5,27,Kohl'S,4500,Albuquerque
Women's Apparel,75,West,425,31875,2021,5,27,Kohl'S,7969,Albuquerque
Men's Street Footwear,55,West,700,38500,2021,6,26,Kohl'S,13475,Albuquerque
Men's Athletic Footwear,60,West,550,33000,2021,6,26,Kohl'S,13200,Albuquerque
Women's Street Footwear,60,West,550,33000,2021,6,26,Kohl'S,11550,Albuquerque
Women's Athletic Footwear,55,West,425,23375,2021,6,26,Kohl'S,8181,Albuquerque
Men's Apparel,60,West,300,18000,2021,6,26,Kohl'S,5400,Albuquerque
Women's Apparel,75,West,600,45000,2021,6,26,Kohl'S,11250,Albuquerque
Men's Street Footwear,55,West,750,41250,2021,7,25,Kohl'S,14438,Albuquerque
Men's Athletic Footwear,60,West,600,36000,2021,7,25,Kohl'S,14400,Albuquerque
Women's Street Footwear,60,West,550,33000,2021,7,25,Kohl'S,11550,Albuquerque
Women's Athletic Footwear,55,West,450,24750,2021,7,25,Kohl'S,8663,Albuquerque
Men's Apparel,60,West,500,30000,2021,7,25,Kohl'S,9000,Albuquerque
Women's Apparel,75,West,500,37500,2021,7,25,Kohl'S,9375,Albuquerque
Men's Street Footwear,60,West,700,42000,2021,8,26,Kohl'S,14700,Albuquerque
Men's Athletic Footwear,65,West,650,42250,2021,8,26,Kohl'S,16900,Albuquerque
Women's Street Footwear,60,West,525,31500,2021,8,26,Kohl'S,11025,Albuquerque
Women's Athletic Footwear,60,West,475,28500,2021,8,26,Kohl'S,9975,Albuquerque
Men's Apparel,70,West,475,33250,2021,8,26,Kohl'S,9975,Albuquerque
Women's Apparel,75,West,450,33750,2021,8,26,Kohl'S,8438,Albuquerque
Men's Street Footwear,50,West,625,31250,2021,9,27,Kohl'S,10938,Albuquerque
Men's Athletic Footwear,55,West,625,34375,2021,9,27,Kohl'S,13750,Albuquerque
Women's Street Footwear,50,West,475,23750,2021,9,27,Kohl'S,8313,Albuquerque
Women's Athletic Footwear,50,West,425,21250,2021,9,27,Kohl'S,7438,Albuquerque
Men's Apparel,60,West,425,25500,2021,9,27,Kohl'S,7650,Albuquerque
Women's Apparel,65,West,475,30875,2021,9,27,Kohl'S,7719,Albuquerque
Men's Street Footwear,50,West,550,27500,2021,10,26,Kohl'S,9625,Albuquerque
Men's Athletic Footwear,55,West,550,30250,2021,10,26,Kohl'S,12100,Albuquerque
Women's Street Footwear,50,West,375,18750,2021,10,26,Kohl'S,6563,Albuquerque
Women's Athletic Footwear,50,West,350,17500,2021,10,26,Kohl'S,6125,Albuquerque
Men's Apparel,60,West,325,19500,2021,10,26,Kohl'S,5850,Albuquerque
Women's Apparel,75,West,375,28125,2021,10,26,Kohl'S,7031,Albuquerque
Men's Street Footwear,60,West,550,33000,2021,11,26,Kohl'S,11550,Albuquerque
Men's Athletic Footwear,65,West,600,39000,2021,11,26,Kohl'S,15600,Albuquerque
Women's Street Footwear,60,West,450,27000,2021,11,26,Kohl'S,9450,Albuquerque
Women's Athletic Footwear,60,West,425,25500,2021,11,26,Kohl'S,8925,Albuquerque
Men's Apparel,70,West,375,26250,2021,11,26,Kohl'S,7875,Albuquerque
Women's Apparel,75,West,500,37500,2021,11,26,Kohl'S,9375,Albuquerque
Men's Street Footwear,60,West,700,42000,2021,12,25,Kohl'S,14700,Albuquerque
Men's Athletic Footwear,65,West,700,45500,2021,12,25,Kohl'S,18200,Albuquerque
Women's Street Footwear,60,West,500,30000,2021,12,25,Sports Direct,10500,Albuquerque
Women's Athletic Footwear,60,West,500,30000,2021,12,25,Sports Direct,10500,Albuquerque
Men's Apparel,70,West,425,29750,2021,12,25,Sports Direct,8925,Albuquerque
Women's Apparel,75,West,525,39375,2021,12,25,Sports Direct,9844,Albuquerque
Men's Street Footwear,30,West,450,13500,2021,1,13,Sports Direct,5400,Albuquerque
Men's Athletic Footwear,40,West,450,18000,2021,1,13,Sports Direct,7200,Albuquerque
Women's Street Footwear,40,West,450,18000,2021,1,13,Sports Direct,6300,Albuquerque
Women's Athletic Footwear,40,West,300,12000,2021,1,13,Sports Direct,4800,Albuquerque
Men's Apparel,45,West,250,11250,2021,1,13,Sports Direct,3938,Albuquerque
Women's Apparel,40,West,450,18000,2021,1,13,Sports Direct,4500,Albuquerque
Men's Street Footwear,30,West,500,15000,2021,2,13,Sports Direct,6000,Albuquerque
Men's Athletic Footwear,40,West,400,16000,2021,2,13,Sports Direct,6400,Albuquerque
Women's Street Footwear,40,West,400,16000,2021,2,13,Sports Direct,5600,Albuquerque
Women's Athletic Footwear,40,Southeast,250,10000,2021,2,13,Sports Direct,4000,Atlanta
Men's Apparel,45,Southeast,175,7875,2021,2,13,Sports Direct,2756,Atlanta
Women's Apparel,40,Southeast,375,15000,2021,2,13,Sports Direct,3750,Atlanta
Men's Street Footwear,40,Southeast,525,21000,2021,3,12,Sports Direct,8400,Atlanta
Men's Athletic Footwear,50,Southeast,375,18750,2021,3,12,Sports Direct,7500,Atlanta
Women's Street Footwear,50,Southeast,375,18750,2021,3,12,Sports Direct,6563,Atlanta
Women's Athletic Footwear,50,Southeast,250,12500,2021,3,12,Sports Direct,5000,Atlanta
Men's Apparel,55,Southeast,150,8250,2021,3,12,Sports Direct,2888,Atlanta
Women's Apparel,50,Southeast,350,17500,2021,3,12,Sports Direct,4375,Atlanta
Men's Street Footwear,50,Southeast,525,26250,2021,4,13,Sports Direct,10500,Atlanta
Men's Athletic Footwear,55,Southeast,325,17875,2021,4,13,Sports Direct,7150,Atlanta
Women's Street Footwear,55,Southeast,375,20625,2021,4,13,Sports Direct,7219,Atlanta
Women's Athletic Footwear,50,Southeast,275,13750,2021,4,13,Sports Direct,5500,Atlanta
Men's Apparel,55,Southeast,175,9625,2021,4,13,Sports Direct,3369,Atlanta
Women's Apparel,70,Southeast,350,24500,2021,4,13,Sports Direct,6125,Atlanta
Men's Street Footwear,50,Southeast,550,27500,2021,5,14,Sports Direct,11000,Atlanta
Men's Athletic Footwear,55,Southeast,400,22000,2021,5,14,Sports Direct,8800,Atlanta
Women's Street Footwear,55,Southeast,425,23375,2021,5,14,Sports Direct,8181,Atlanta
Women's Athletic Footwear,50,Southeast,325,16250,2021,5,14,Sports Direct,6500,Atlanta
Men's Apparel,55,Southeast,225,12375,2021,5,14,Sports Direct,4331,Atlanta
Women's Apparel,70,Southeast,400,28000,2021,5,14,Sports Direct,7000,Atlanta
Men's Street Footwear,50,Southeast,675,33750,2021,6,13,Sports Direct,13500,Atlanta
Men's Athletic Footwear,55,Southeast,525,28875,2021,6,13,Sports Direct,11550,Atlanta
Women's Street Footwear,55,Southeast,525,28875,2021,6,13,Sports Direct,10106,Atlanta
Women's Athletic Footwear,50,Southeast,400,20000,2021,6,13,Sports Direct,8000,Atlanta
Men's Apparel,55,Southeast,275,15125,2021,6,13,Sports Direct,5294,Atlanta
Women's Apparel,70,Southeast,575,40250,2021,6,13,Sports Direct,10063,Atlanta
Men's Street Footwear,50,Southeast,725,36250,2021,7,12,Sports Direct,14500,Atlanta
Men's Athletic Footwear,55,Southeast,575,31625,2021,7,12,Sports Direct,12650,Atlanta
Women's Street Footwear,55,Southeast,525,28875,2021,7,12,Sports Direct,10106,Atlanta
Women's Athletic Footwear,50,Southeast,425,21250,2021,7,12,Sports Direct,8500,Atlanta
Men's Apparel,55,Southeast,475,26125,2021,7,12,Sports Direct,9144,Atlanta
Women's Apparel,70,Southeast,475,33250,2021,7,12,Sports Direct,8313,Atlanta
Men's Street Footwear,55,Southeast,675,37125,2021,8,13,Sports Direct,14850,Atlanta
Men's Athletic Footwear,60,Southeast,625,37500,2021,8,13,Sports Direct,15000,Atlanta
Women's Street Footwear,55,Southeast,500,27500,2021,8,13,Sports Direct,9625,Atlanta
Women's Athletic Footwear,55,Southeast,450,24750,2021,8,13,Sports Direct,9900,Atlanta
Men's Apparel,65,Southeast,450,29250,2021,8,13,Sports Direct,10238,Atlanta
Women's Apparel,70,Southeast,425,29750,2021,8,13,Sports Direct,7438,Atlanta
Men's Street Footwear,45,Southeast,600,27000,2021,9,14,Sports Direct,10800,Atlanta
Men's Athletic Footwear,50,Southeast,600,30000,2021,9,14,Sports Direct,12000,Atlanta
Women's Street Footwear,45,Southeast,450,20250,2021,9,14,Sports Direct,7088,Atlanta
Women's Athletic Footwear,45,Southeast,400,18000,2021,9,14,Sports Direct,7200,Atlanta
Men's Apparel,55,Southeast,400,22000,2021,9,14,Sports Direct,7700,Atlanta
Women's Apparel,60,Southeast,450,27000,2021,9,14,Sports Direct,6750,Atlanta
Men's Street Footwear,45,Southeast,525,23625,2021,10,13,Sports Direct,9450,Atlanta
Men's Athletic Footwear,50,Southeast,525,26250,2021,10,13,Sports Direct,10500,Atlanta
Women's Street Footwear,45,Southeast,350,15750,2021,10,13,Sports Direct,5513,Atlanta
Women's Athletic Footwear,45,Southeast,325,14625,2021,10,13,Sports Direct,5850,Atlanta
Men's Apparel,55,Southeast,300,16500,2021,10,13,Sports Direct,5775,Atlanta
Women's Apparel,70,Southeast,350,24500,2021,10,13,Sports Direct,6125,Atlanta
Men's Street Footwear,55,Southeast,525,28875,2021,11,13,Sports Direct,11550,Atlanta
Men's Athletic Footwear,60,Southeast,575,34500,2021,11,13,Sports Direct,13800,Atlanta
Women's Street Footwear,55,Southeast,425,23375,2021,11,13,Sports Direct,8181,Atlanta
Women's Athletic Footwear,55,Southeast,400,22000,2021,11,13,Sports Direct,8800,Atlanta
Men's Apparel,65,Southeast,350,22750,2021,11,13,Sports Direct,7963,Atlanta
Women's Apparel,70,Southeast,475,33250,2021,11,13,Sports Direct,8313,Atlanta
Men's Street Footwear,55,Southeast,675,37125,2021,12,12,Sports Direct,14850,Atlanta
Men's Athletic Footwear,60,Southeast,675,40500,2021,12,12,Sports Direct,16200,Atlanta
Women's Street Footwear,55,Southeast,475,26125,2021,12,12,Foot Locker,9144,Atlanta
Women's Athletic Footwear,55,Southeast,475,26125,2021,12,12,Foot Locker,10450,Atlanta
Men's Apparel,65,Southeast,400,26000,2021,12,12,Foot Locker,9100,Atlanta
Women's Apparel,70,Southeast,500,35000,2021,12,12,Foot Locker,8750,Atlanta
Men's Street Footwear,40,Southeast,1025,41000,2021,1,9,Foot Locker,18450,Atlanta
Men's Athletic Footwear,40,Southeast,825,33000,2021,1,9,Foot Locker,11550,Atlanta
Women's Street Footwear,30,Southeast,825,24750,2021,1,9,Foot Locker,6188,Atlanta
Women's Athletic Footwear,35,Southeast,675,23625,2021,1,9,Foot Locker,7088,Atlanta
Men's Apparel,50,Southeast,725,36250,2021,1,9,Foot Locker,12688,Atlanta
Women's Apparel,40,Southeast,825,33000,2021,1,9,Foot Locker,16500,Atlanta
Men's Street Footwear,40,Southeast,1075,43000,2021,2,7,Foot Locker,19350,Atlanta
Men's Athletic Footwear,40,Southeast,725,29000,2021,2,7,Foot Locker,10150,Atlanta
Women's Street Footwear,30,Southeast,775,23250,2021,2,7,Foot Locker,5813,Atlanta
Women's Athletic Footwear,35,Southeast,625,21875,2021,2,7,Foot Locker,6563,Charleston
Men's Apparel,50,Southeast,700,35000,2021,2,7,Foot Locker,12250,Charleston
Women's Apparel,35,Southeast,800,28000,2021,2,7,Foot Locker,14000,Charleston
Men's Street Footwear,35,Southeast,1020,35700,2021,3,5,Foot Locker,16065,Charleston
Men's Athletic Footwear,35,Southeast,700,24500,2021,3,5,Foot Locker,8575,Charleston
Women's Street Footwear,25,Southeast,725,18125,2021,3,5,Foot Locker,4531,Charleston
Women's Athletic Footwear,30,Southeast,575,17250,2021,3,5,Foot Locker,5175,Charleston
Men's Apparel,45,Southeast,625,28125,2021,3,5,Foot Locker,9844,Charleston
Women's Apparel,35,Southeast,725,25375,2021,3,5,Foot Locker,12688,Charleston
Men's Street Footwear,35,Southeast,975,34125,2021,4,6,Foot Locker,15356,Charleston
Men's Athletic Footwear,35,Southeast,675,23625,2021,4,6,Foot Locker,8269,Charleston
Women's Street Footwear,25,Southeast,675,16875,2021,4,6,Foot Locker,4219,Charleston
Women's Athletic Footwear,30,Southeast,600,18000,2021,4,6,Foot Locker,5400,Charleston
Men's Apparel,50,Southeast,625,31250,2021,4,6,Foot Locker,10938,Charleston
Women's Apparel,40,Southeast,775,31000,2021,4,6,Foot Locker,15500,Charleston
Men's Street Footwear,50,Southeast,1045,52250,2021,5,5,Foot Locker,23513,Charleston
Men's Athletic Footwear,50,Southeast,750,37500,2021,5,5,Foot Locker,13125,Charleston
Women's Street Footwear,45,Southeast,725,32625,2021,5,5,Foot Locker,8156,Charleston
Women's Athletic Footwear,45,Southeast,675,30375,2021,5,5,Foot Locker,9113,Charleston
Men's Apparel,55,Southeast,700,38500,2021,5,5,Foot Locker,13475,Charleston
Women's Apparel,60,Southeast,800,48000,2021,5,5,Foot Locker,24000,Charleston
Men's Street Footwear,55,Southeast,1050,57750,2021,6,7,Foot Locker,25988,Charleston
Men's Athletic Footwear,50,Southeast,800,40000,2021,6,7,Foot Locker,14000,Charleston
Women's Street Footwear,50,Southeast,775,38750,2021,6,7,Foot Locker,9688,Charleston
Women's Athletic Footwear,50,Southeast,750,37500,2021,6,7,Foot Locker,11250,Charleston
Men's Apparel,65,Southeast,750,48750,2021,6,7,Foot Locker,17063,Charleston
Women's Apparel,70,Southeast,925,64750,2021,6,7,Foot Locker,32375,Charleston
Men's Street Footwear,65,Southeast,1150,74750,2021,7,5,Foot Locker,33638,Charleston
Men's Athletic Footwear,60,Southeast,900,54000,2021,7,5,Foot Locker,18900,Charleston
Women's Street Footwear,55,Southeast,825,45375,2021,7,5,Foot Locker,11344,Charleston
Women's Athletic Footwear,55,Southeast,775,42625,2021,7,5,Foot Locker,12788,Charleston
Men's Apparel,65,Southeast,800,52000,2021,7,5,Foot Locker,18200,Charleston
Women's Apparel,70,Southeast,975,68250,2021,7,5,Foot Locker,34125,Charleston
Men's Street Footwear,65,Southeast,1125,73125,2021,8,6,Foot Locker,32906,Charleston
Men's Athletic Footwear,60,Southeast,900,54000,2021,8,6,Foot Locker,18900,Charleston
Women's Street Footwear,55,Southeast,825,45375,2021,8,6,Foot Locker,11344,Charleston
Women's Athletic Footwear,45,Southeast,775,34875,2021,8,6,Foot Locker,10463,Charleston
Men's Apparel,55,Southeast,750,41250,2021,8,6,Foot Locker,14438,Charleston
Women's Apparel,60,Southeast,925,55500,2021,8,6,Foot Locker,27750,Charleston
Men's Street Footwear,55,Southeast,1025,56375,2021,9,5,Foot Locker,25369,Charleston
Men's Athletic Footwear,50,Southeast,825,41250,2021,9,5,Foot Locker,14438,Charleston
Women's Street Footwear,40,Southeast,725,29000,2021,9,5,Foot Locker,7250,Charleston
Women's Athletic Footwear,40,Southeast,700,28000,2021,9,5,Foot Locker,8400,Charleston
Men's Apparel,50,Southeast,700,35000,2021,9,5,Foot Locker,12250,Charleston
Women's Apparel,55,Southeast,800,44000,2021,9,5,Foot Locker,22000,Charleston
Men's Street Footwear,55,Southeast,975,53625,2021,10,7,Foot Locker,24131,Charleston
Men's Athletic Footwear,45,Southeast,800,36000,2021,10,7,Foot Locker,12600,Charleston
Women's Street Footwear,45,Southeast,675,30375,2021,10,7,Foot Locker,7594,Charleston
Women's Athletic Footwear,45,Southeast,650,29250,2021,10,7,Foot Locker,8775,Charleston
Men's Apparel,55,Southeast,650,35750,2021,10,7,Foot Locker,12513,Charleston
Women's Apparel,60,Southeast,775,46500,2021,10,7,Foot Locker,23250,Charleston
Men's Street Footwear,55,Southeast,925,50875,2021,11,6,Foot Locker,22894,Charleston
Men's Athletic Footwear,45,Southeast,750,33750,2021,11,6,Foot Locker,11813,Charleston
Women's Street Footwear,45,Southeast,695,31275,2021,11,6,Foot Locker,7819,Charleston
Women's Athletic Footwear,55,Southeast,750,41250,2021,11,6,Foot Locker,12375,Charleston
Men's Apparel,70,Southeast,725,50750,2021,11,6,Foot Locker,17763,Charleston
Women's Apparel,75,Southeast,825,61875,2021,11,6,Foot Locker,30938,Charleston
Men's Street Footwear,70,Southeast,1075,75250,2021,12,5,Foot Locker,33863,Charleston
Men's Athletic Footwear,60,Southeast,875,52500,2021,12,5,Foot Locker,18375,Charleston
Women's Street Footwear,60,Southeast,825,49500,2021,12,5,Sports Direct,12375,Charleston
Women's Athletic Footwear,60,Southeast,775,46500,2021,12,5,Sports Direct,13950,Charleston
Men's Apparel,70,Southeast,775,54250,2021,12,5,Sports Direct,18988,Charleston
Women's Apparel,75,Southeast,875,65625,2021,12,5,Sports Direct,32813,Charleston
Men's Street Footwear,35,Southeast,925,32375,2021,1,6,Sports Direct,12950,Charleston
Men's Athletic Footwear,35,Southeast,725,25375,2021,1,6,Sports Direct,8881,Charleston
Women's Street Footwear,25,Southeast,725,18125,2021,1,6,Sports Direct,7250,Charleston
Women's Athletic Footwear,30,Southeast,575,17250,2021,1,6,Sports Direct,6900,Charleston
Men's Apparel,45,Southeast,625,28125,2021,1,6,Sports Direct,9844,Charleston
Women's Apparel,35,Southeast,725,25375,2021,1,6,Sports Direct,12688,Charleston
Men's Street Footwear,35,Southeast,975,34125,2021,2,4,Sports Direct,13650,Charleston
Men's Athletic Footwear,35,Southeast,625,21875,2021,2,4,Sports Direct,7656,Charleston
Women's Street Footwear,25,Southeast,675,16875,2021,2,4,Sports Direct,6750,Charleston
Women's Athletic Footwear,30,Southeast,525,15750,2021,2,4,Sports Direct,6300,Charlotte
Men's Apparel,45,Southeast,600,27000,2021,2,4,Sports Direct,9450,Charlotte
Women's Apparel,30,Southeast,700,21000,2021,2,4,Sports Direct,10500,Charlotte
Men's Street Footwear,30,Southeast,920,27600,2021,3,2,Sports Direct,11040,Charlotte
Men's Athletic Footwear,30,Southeast,600,18000,2021,3,2,Sports Direct,6300,Charlotte
Women's Street Footwear,20,Southeast,625,12500,2021,3,2,Sports Direct,5000,Charlotte
Women's Athletic Footwear,25,Southeast,475,11875,2021,3,2,Sports Direct,4750,Charlotte
Men's Apparel,40,Southeast,525,21000,2021,3,2,Sports Direct,7350,Charlotte
Women's Apparel,30,Southeast,625,18750,2021,3,2,Sports Direct,9375,Charlotte
Men's Street Footwear,30,Southeast,875,26250,2021,4,3,Sports Direct,10500,Charlotte
Men's Athletic Footwear,30,Southeast,575,17250,2021,4,3,Sports Direct,6038,Charlotte
Women's Street Footwear,20,Southeast,575,11500,2021,4,3,Sports Direct,4600,Charlotte
Women's Athletic Footwear,25,Southeast,500,12500,2021,4,3,Sports Direct,5000,Charlotte
Men's Apparel,45,Southeast,525,23625,2021,4,3,Sports Direct,8269,Charlotte
Women's Apparel,35,Southeast,675,23625,2021,4,3,Sports Direct,11813,Charlotte
Men's Street Footwear,45,Southeast,945,42525,2021,5,2,Sports Direct,17010,Charlotte
Men's Athletic Footwear,45,Southeast,650,29250,2021,5,2,Sports Direct,10238,Charlotte
Women's Street Footwear,40,Southeast,625,25000,2021,5,2,Sports Direct,10000,Charlotte
Women's Athletic Footwear,40,Southeast,575,23000,2021,5,2,Sports Direct,9200,Charlotte
Men's Apparel,50,Southeast,600,30000,2021,5,2,Sports Direct,10500,Charlotte
Women's Apparel,55,Southeast,700,38500,2021,5,2,Sports Direct,19250,Charlotte
Men's Street Footwear,50,Southeast,950,47500,2021,6,4,Sports Direct,19000,Charlotte
Men's Athletic Footwear,45,Southeast,700,31500,2021,6,4,Sports Direct,11025,Charlotte
Women's Street Footwear,50,Southeast,675,33750,2021,6,4,Sports Direct,13500,Charlotte
Women's Athletic Footwear,50,Southeast,650,32500,2021,6,4,Sports Direct,13000,Charlotte
Men's Apparel,65,Southeast,650,42250,2021,6,4,Sports Direct,14788,Charlotte
Women's Apparel,70,Southeast,825,57750,2021,6,4,Sports Direct,28875,Charlotte
Men's Street Footwear,65,Southeast,1050,68250,2021,7,2,Sports Direct,27300,Charlotte
Men's Athletic Footwear,60,Southeast,800,48000,2021,7,2,Sports Direct,16800,Charlotte
Women's Street Footwear,55,Southeast,725,39875,2021,7,2,Sports Direct,15950,Charlotte
Women's Athletic Footwear,55,Southeast,675,37125,2021,7,2,Sports Direct,14850,Charlotte
Men's Apparel,65,Southeast,700,45500,2021,7,2,Sports Direct,15925,Charlotte
Women's Apparel,70,Southeast,875,61250,2021,7,2,Sports Direct,30625,Charlotte
Men's Street Footwear,65,Southeast,1025,66625,2021,8,3,Sports Direct,26650,Charlotte
Men's Athletic Footwear,60,Southeast,800,48000,2021,8,3,Sports Direct,16800,Charlotte
Women's Street Footwear,55,Southeast,725,39875,2021,8,3,Sports Direct,15950,Charlotte
Women's Athletic Footwear,45,Southeast,675,30375,2021,8,3,Sports Direct,12150,Charlotte
Men's Apparel,55,Southeast,650,35750,2021,8,3,Sports Direct,12513,Charlotte
Women's Apparel,60,Southeast,825,49500,2021,8,3,Sports Direct,24750,Charlotte
Men's Street Footwear,55,Southeast,925,50875,2021,9,2,Sports Direct,20350,Charlotte
Men's Athletic Footwear,50,Southeast,725,36250,2021,9,2,Sports Direct,12688,Charlotte
Women's Street Footwear,30,Southeast,625,18750,2021,9,2,Sports Direct,7500,Charlotte
Women's Athletic Footwear,30,Southeast,600,18000,2021,9,2,Sports Direct,7200,Charlotte
Men's Apparel,40,Southeast,600,24000,2021,9,2,Sports Direct,8400,Charlotte
Women's Apparel,45,Southeast,700,31500,2021,9,2,Sports Direct,15750,Charlotte
Men's Street Footwear,45,Southeast,875,39375,2021,10,4,Sports Direct,15750,Charlotte
Men's Athletic Footwear,35,Southeast,700,24500,2021,10,4,Sports Direct,8575,Charlotte
Women's Street Footwear,35,Southeast,575,20125,2021,10,4,Sports Direct,8050,Charlotte
Women's Athletic Footwear,35,Southeast,550,19250,2021,10,4,Sports Direct,7700,Charlotte
Men's Apparel,45,Southeast,550,24750,2021,10,4,Sports Direct,8663,Charlotte
Women's Apparel,50,Southeast,675,33750,2021,10,4,Sports Direct,16875,Charlotte
Men's Street Footwear,45,Southeast,825,37125,2021,11,3,Sports Direct,14850,Charlotte
Men's Athletic Footwear,35,Southeast,650,22750,2021,11,3,Sports Direct,7963,Charlotte
Women's Street Footwear,40,Southeast,595,23800,2021,11,3,Sports Direct,9520,Charlotte
Women's Athletic Footwear,60,Southeast,650,39000,2021,11,3,Sports Direct,15600,Charlotte
Men's Apparel,75,Southeast,625,46875,2021,11,3,Sports Direct,16406,Charlotte
Women's Apparel,75,Southeast,725,54375,2021,11,3,Sports Direct,27188,Charlotte
Men's Street Footwear,70,Southeast,975,68250,2021,12,2,Sports Direct,27300,Charlotte
Men's Athletic Footwear,60,Southeast,775,46500,2021,12,2,Sports Direct,16275,Charlotte
Women's Street Footwear,60,Southeast,725,43500,2021,12,2,Amazon,17400,Charlotte
Women's Athletic Footwear,60,Southeast,675,40500,2021,12,2,Amazon,16200,Charlotte
Men's Apparel,70,Southeast,675,47250,2021,12,2,Amazon,16538,Charlotte
Women's Apparel,75,Southeast,775,58125,2021,12,2,Amazon,29063,Charlotte
Men's Street Footwear,35,Southeast,775,27125,2021,1,13,Amazon,10850,Charlotte
Men's Athletic Footwear,35,Southeast,575,20125,2021,1,13,Amazon,7044,Charlotte
Women's Street Footwear,25,Southeast,575,14375,2021,1,13,Amazon,5750,Charlotte
Women's Athletic Footwear,30,Southeast,425,12750,2021,1,13,Amazon,5100,Charlotte
Men's Apparel,45,Southeast,475,21375,2021,1,13,Amazon,7481,Charlotte
Women's Apparel,35,Southeast,575,20125,2021,1,13,Amazon,10063,Charlotte
Men's Street Footwear,35,Southeast,825,28875,2021,2,11,Amazon,11550,Charlotte
Men's Athletic Footwear,35,Southeast,475,16625,2021,2,11,Amazon,5819,Charlotte
Women's Street Footwear,25,Southeast,525,13125,2021,2,11,Amazon,5250,Charlotte
Women's Athletic Footwear,30,Midwest,375,11250,2021,2,11,Amazon,4500,Columbus
Men's Apparel,45,Midwest,450,20250,2021,2,11,Amazon,7088,Columbus
Women's Apparel,30,Midwest,550,16500,2021,2,11,Amazon,8250,Columbus
Men's Street Footwear,30,Midwest,770,23100,2021,3,9,Amazon,9240,Columbus
Men's Athletic Footwear,30,Midwest,450,13500,2021,3,9,Amazon,4725,Columbus
Women's Street Footwear,20,Midwest,475,9500,2021,3,9,Amazon,3800,Columbus
Women's Athletic Footwear,25,Midwest,325,8125,2021,3,9,Amazon,3250,Columbus
Men's Apparel,40,Midwest,375,15000,2021,3,9,Amazon,5250,Columbus
Women's Apparel,30,Midwest,475,14250,2021,3,9,Amazon,7125,Columbus
Men's Street Footwear,30,Midwest,725,21750,2021,4,10,Amazon,8700,Columbus
Men's Athletic Footwear,30,Midwest,425,12750,2021,4,10,Amazon,4463,Columbus
Women's Street Footwear,20,Midwest,425,8500,2021,4,10,Amazon,3400,Columbus
Women's Athletic Footwear,25,Midwest,350,8750,2021,4,10,Amazon,3500,Columbus
Men's Apparel,45,Midwest,375,16875,2021,4,10,Amazon,5906,Columbus
Women's Apparel,35,Midwest,525,18375,2021,4,10,Amazon,9188,Columbus
Men's Street Footwear,45,Midwest,795,35775,2021,5,9,Amazon,14310,Columbus
Men's Athletic Footwear,45,Midwest,500,22500,2021,5,9,Amazon,7875,Columbus
Women's Street Footwear,40,Midwest,475,19000,2021,5,9,Amazon,7600,Columbus
Women's Athletic Footwear,40,Midwest,425,17000,2021,5,9,Amazon,6800,Columbus
Men's Apparel,50,Midwest,450,22500,2021,5,9,Amazon,7875,Columbus
Women's Apparel,55,Midwest,550,30250,2021,5,9,Amazon,15125,Columbus
Men's Street Footwear,50,Midwest,800,40000,2021,6,11,Amazon,16000,Columbus
Men's Athletic Footwear,45,Midwest,550,24750,2021,6,11,Amazon,8663,Columbus
Women's Street Footwear,50,Midwest,525,26250,2021,6,11,Amazon,10500,Columbus
Women's Athletic Footwear,50,Midwest,500,25000,2021,6,11,Amazon,10000,Columbus
Men's Apparel,65,Midwest,500,32500,2021,6,11,Amazon,11375,Columbus
Women's Apparel,70,Midwest,675,47250,2021,6,11,Amazon,23625,Columbus
Men's Street Footwear,65,Midwest,900,58500,2021,7,9,Amazon,23400,Columbus
Men's Athletic Footwear,60,Midwest,650,39000,2021,7,9,Amazon,13650,Columbus
Women's Street Footwear,55,Midwest,575,31625,2021,7,9,Amazon,12650,Columbus
Women's Athletic Footwear,55,Midwest,525,28875,2021,7,9,Amazon,11550,Columbus
Men's Apparel,65,Midwest,550,35750,2021,7,9,Amazon,12513,Columbus
Women's Apparel,70,Midwest,725,50750,2021,7,9,Amazon,25375,Columbus
Men's Street Footwear,65,Midwest,875,56875,2021,8,10,Amazon,22750,Columbus
Men's Athletic Footwear,60,Midwest,650,39000,2021,8,10,Amazon,13650,Columbus
Women's Street Footwear,55,Midwest,575,31625,2021,8,10,Amazon,12650,Columbus
Women's Athletic Footwear,45,Midwest,525,23625,2021,8,10,Amazon,9450,Columbus
Men's Apparel,55,Midwest,500,27500,2021,8,10,Amazon,9625,Columbus
Women's Apparel,60,Midwest,675,40500,2021,8,10,Amazon,20250,Columbus
Men's Street Footwear,55,Midwest,775,42625,2021,9,9,Amazon,17050,Columbus
Men's Athletic Footwear,50,Midwest,575,28750,2021,9,9,Amazon,10063,Columbus
Women's Street Footwear,25,Midwest,475,11875,2021,9,9,Amazon,4750,Columbus
Women's Athletic Footwear,25,Midwest,450,11250,2021,9,9,Amazon,4500,Columbus
Men's Apparel,35,Midwest,450,15750,2021,9,9,Amazon,5513,Columbus
Women's Apparel,40,Midwest,550,22000,2021,9,9,Amazon,11000,Columbus
Men's Street Footwear,40,Midwest,725,29000,2021,10,11,Amazon,11600,Columbus
Men's Athletic Footwear,30,Midwest,550,16500,2021,10,11,Amazon,5775,Columbus
Women's Street Footwear,30,Midwest,425,12750,2021,10,11,Amazon,5100,Columbus
Women's Athletic Footwear,30,Midwest,400,12000,2021,10,11,Amazon,4800,Columbus
Men's Apparel,40,Midwest,400,16000,2021,10,11,Amazon,5600,Columbus
Women's Apparel,40,Midwest,525,21000,2021,10,11,Amazon,10500,Columbus
Men's Street Footwear,35,Midwest,675,23625,2021,11,10,Amazon,9450,Columbus
Men's Athletic Footwear,25,Midwest,500,12500,2021,11,10,Amazon,4375,Columbus
Women's Street Footwear,35,Midwest,445,15575,2021,11,10,Amazon,6230,Columbus
Women's Athletic Footwear,65,Midwest,500,32500,2021,11,10,Amazon,13000,Columbus
Men's Apparel,80,Midwest,475,38000,2021,11,10,Amazon,13300,Columbus
Women's Apparel,80,Midwest,575,46000,2021,11,10,Amazon,23000,Columbus
Men's Street Footwear,75,Midwest,825,61875,2021,12,9,Amazon,24750,Columbus
Men's Athletic Footwear,65,Midwest,625,40625,2021,12,9,Amazon,14219,Columbus
Women's Street Footwear,65,Midwest,575,37375,2021,12,9,West Gear,14950,Columbus
Women's Athletic Footwear,65,Midwest,525,34125,2021,12,9,West Gear,13650,Columbus
Men's Apparel,75,Midwest,525,39375,2021,12,9,West Gear,13781,Columbus
Women's Apparel,80,Midwest,625,50000,2021,12,9,West Gear,25000,Columbus
Men's Street Footwear,40,Midwest,500,20000,2021,1,22,Amazon,8000,Columbus
Men's Athletic Footwear,40,Midwest,300,12000,2021,1,22,Amazon,4200,Columbus
Women's Street Footwear,30,Midwest,300,9000,2021,1,22,Amazon,3600,Columbus
Women's Athletic Footwear,35,Midwest,150,5250,2021,1,22,Amazon,2100,Columbus
Men's Apparel,50,Midwest,200,10000,2021,1,22,Amazon,3500,Columbus
Women's Apparel,40,Midwest,300,12000,2021,1,22,Amazon,4800,Columbus
Men's Street Footwear,40,Midwest,550,22000,2021,2,22,Amazon,8800,Columbus
Men's Athletic Footwear,40,Midwest,200,8000,2021,2,22,Amazon,2800,Columbus
Women's Street Footwear,30,Midwest,250,7500,2021,2,22,Amazon,3000,Columbus
Women's Athletic Footwear,35,Southeast,125,4375,2021,2,22,Amazon,1750,Louisville
Men's Apparel,50,Southeast,200,10000,2021,2,22,Amazon,3500,Louisville
Women's Apparel,40,Southeast,300,12000,2021,2,22,Amazon,4800,Louisville
Men's Street Footwear,45,Southeast,520,23400,2021,3,21,Amazon,9360,Louisville
Men's Athletic Footwear,45,Southeast,225,10125,2021,3,21,Amazon,3544,Louisville
Women's Street Footwear,35,Southeast,250,8750,2021,3,21,Amazon,3500,Louisville
Women's Athletic Footwear,40,Southeast,100,4000,2021,3,21,Amazon,1600,Louisville
Men's Apparel,55,Southeast,150,8250,2021,3,21,Amazon,2888,Louisville
Women's Apparel,45,Southeast,250,11250,2021,3,21,Amazon,4500,Louisville
Men's Street Footwear,45,Southeast,475,21375,2021,4,22,Amazon,8550,Louisville
Men's Athletic Footwear,45,Southeast,175,7875,2021,4,22,Amazon,2756,Louisville
Women's Street Footwear,40,Southeast,175,7000,2021,4,22,Amazon,2800,Louisville
Women's Athletic Footwear,45,Southeast,100,4500,2021,4,22,Amazon,1800,Louisville
Men's Apparel,50,Southeast,125,6250,2021,4,22,Amazon,2188,Louisville
Women's Apparel,40,Southeast,250,10000,2021,4,22,Amazon,4000,Louisville
Men's Street Footwear,50,Southeast,520,26000,2021,5,23,Amazon,10400,Louisville
Men's Athletic Footwear,45,Southeast,225,10125,2021,5,23,Amazon,3544,Louisville
Women's Street Footwear,40,Southeast,200,8000,2021,5,23,Amazon,3200,Louisville
Women's Athletic Footwear,40,Southeast,125,5000,2021,5,23,Amazon,2000,Louisville
Men's Apparel,50,Southeast,150,7500,2021,5,23,Amazon,2625,Louisville
Women's Apparel,55,Southeast,275,15125,2021,5,23,Amazon,6050,Louisville
Men's Street Footwear,40,Southeast,525,21000,2021,6,22,Amazon,8400,Louisville
Men's Athletic Footwear,35,Southeast,275,9625,2021,6,22,Amazon,3369,Louisville
Women's Street Footwear,30,Southeast,225,6750,2021,6,22,Amazon,2700,Louisville
Women's Athletic Footwear,30,Southeast,200,6000,2021,6,22,Amazon,2400,Louisville
Men's Apparel,50,Southeast,200,10000,2021,6,22,Amazon,3500,Louisville
Women's Apparel,55,Southeast,375,20625,2021,6,22,Amazon,8250,Louisville
Men's Street Footwear,50,Southeast,600,30000,2021,7,21,Amazon,12000,Louisville
Men's Athletic Footwear,45,Southeast,350,15750,2021,7,21,Amazon,5513,Louisville
Women's Street Footwear,40,Southeast,275,11000,2021,7,21,Amazon,4400,Louisville
Women's Athletic Footwear,40,Southeast,225,9000,2021,7,21,Amazon,3600,Louisville
Men's Apparel,50,Southeast,250,12500,2021,7,21,Amazon,4375,Louisville
Women's Apparel,55,Southeast,425,23375,2021,7,21,Amazon,9350,Louisville
Men's Street Footwear,50,Southeast,575,28750,2021,8,22,Amazon,11500,Louisville
Men's Athletic Footwear,45,Southeast,350,15750,2021,8,22,Amazon,5513,Louisville
Women's Street Footwear,40,Southeast,275,11000,2021,8,22,Amazon,4400,Louisville
Women's Athletic Footwear,40,Southeast,250,10000,2021,8,22,Amazon,4000,Louisville
Men's Apparel,50,Southeast,225,11250,2021,8,22,Amazon,3938,Louisville
Women's Apparel,55,Southeast,400,22000,2021,8,22,Amazon,8800,Louisville
Men's Street Footwear,50,Southeast,525,26250,2021,9,23,Amazon,10500,Louisville
Men's Athletic Footwear,45,Southeast,325,14625,2021,9,23,Amazon,5119,Louisville
Women's Street Footwear,35,Southeast,225,7875,2021,9,23,Amazon,3150,Louisville
Women's Athletic Footwear,35,Southeast,200,7000,2021,9,23,Amazon,2800,Louisville
Men's Apparel,45,Southeast,200,9000,2021,9,23,Amazon,3150,Louisville
Women's Apparel,50,Southeast,275,13750,2021,9,23,Amazon,5500,Louisville
Men's Street Footwear,55,Southeast,450,24750,2021,10,22,Amazon,9900,Louisville
Men's Athletic Footwear,45,Southeast,275,12375,2021,10,22,Amazon,4331,Louisville
Women's Street Footwear,45,Southeast,175,7875,2021,10,22,Amazon,3150,Louisville
Women's Athletic Footwear,45,Southeast,150,6750,2021,10,22,Amazon,2700,Louisville
Men's Apparel,55,Southeast,150,8250,2021,10,22,Amazon,2888,Louisville
Women's Apparel,55,Southeast,275,15125,2021,10,22,Amazon,6050,Louisville
Men's Street Footwear,50,Southeast,425,21250,2021,11,22,Amazon,8500,Louisville
Men's Athletic Footwear,40,Southeast,275,11000,2021,11,22,Amazon,3850,Louisville
Women's Street Footwear,45,Southeast,220,9900,2021,11,22,Amazon,3960,Louisville
Women's Athletic Footwear,55,Southeast,200,11000,2021,11,22,Foot Locker,4400,Louisville
Men's Apparel,65,Southeast,175,11375,2021,11,22,Foot Locker,3981,Louisville
Women's Apparel,70,Southeast,275,19250,2021,11,22,Foot Locker,7700,Louisville
Men's Street Footwear,65,Southeast,525,34125,2021,12,21,Foot Locker,13650,Louisville
Men's Athletic Footwear,55,Southeast,325,17875,2021,12,21,Foot Locker,6256,Louisville
Women's Street Footwear,55,Southeast,275,15125,2021,12,21,Foot Locker,6050,Louisville
Women's Athletic Footwear,50,Southeast,225,11250,2021,12,21,Foot Locker,4500,Louisville
Men's Apparel,60,Southeast,225,13500,2021,12,21,Foot Locker,4725,Louisville
Women's Apparel,65,Southeast,325,21125,2021,12,21,Foot Locker,8450,Louisville
Men's Street Footwear,30,Southeast,725,21750,2021,1,20,Foot Locker,8700,Louisville
Men's Athletic Footwear,30,Southeast,525,15750,2021,1,20,Foot Locker,5513,Louisville
Women's Street Footwear,20,Southeast,525,10500,2021,1,20,Foot Locker,4200,Louisville
Women's Athletic Footwear,25,Southeast,375,9375,2021,1,20,Foot Locker,3750,Louisville
Men's Apparel,40,Southeast,425,17000,2021,1,20,Foot Locker,5950,Louisville
Women's Apparel,30,Southeast,525,15750,2021,1,20,Foot Locker,7875,Louisville
Men's Street Footwear,30,Southeast,775,23250,2021,2,18,Foot Locker,9300,Louisville
Men's Athletic Footwear,30,Southeast,425,12750,2021,2,18,Foot Locker,4463,Louisville
Women's Street Footwear,20,Southeast,475,9500,2021,2,18,Foot Locker,3800,Louisville
Women's Athletic Footwear,25,South,325,8125,2021,2,18,Foot Locker,3250,Jackson
Men's Apparel,40,South,400,16000,2021,2,18,Foot Locker,5600,Jackson
Women's Apparel,25,South,500,12500,2021,2,18,Foot Locker,6250,Jackson
Men's Street Footwear,25,South,720,18000,2021,3,16,Foot Locker,7200,Jackson
Men's Athletic Footwear,25,South,400,10000,2021,3,16,Foot Locker,3500,Jackson
Women's Street Footwear,15,South,425,6375,2021,3,16,Foot Locker,2550,Jackson
Women's Athletic Footwear,20,South,275,5500,2021,3,16,Foot Locker,2200,Jackson
Men's Apparel,35,South,325,11375,2021,3,16,Foot Locker,3981,Jackson
Women's Apparel,25,South,425,10625,2021,3,16,Foot Locker,5313,Jackson
Men's Street Footwear,25,South,675,16875,2021,4,17,Foot Locker,6750,Jackson
Men's Athletic Footwear,25,South,375,9375,2021,4,17,Foot Locker,3281,Jackson
Women's Street Footwear,15,South,375,5625,2021,4,17,Foot Locker,2250,Jackson
Women's Athletic Footwear,20,South,300,6000,2021,4,17,Foot Locker,2400,Jackson
Men's Apparel,40,South,325,13000,2021,4,17,Foot Locker,4550,Jackson
Women's Apparel,30,South,475,14250,2021,4,17,Foot Locker,7125,Jackson
Men's Street Footwear,40,South,745,29800,2021,5,16,Foot Locker,11920,Jackson
Men's Athletic Footwear,40,South,450,18000,2021,5,16,Foot Locker,6300,Jackson
Women's Street Footwear,35,South,425,14875,2021,5,16,Foot Locker,5950,Jackson
Women's Athletic Footwear,35,South,375,13125,2021,5,16,Foot Locker,5250,Jackson
Men's Apparel,45,South,400,18000,2021,5,16,Foot Locker,6300,Jackson
Women's Apparel,50,South,500,25000,2021,5,16,Foot Locker,12500,Jackson
Men's Street Footwear,45,South,750,33750,2021,6,18,Foot Locker,13500,Jackson
Men's Athletic Footwear,40,South,500,20000,2021,6,18,Foot Locker,7000,Jackson
Women's Street Footwear,45,South,475,21375,2021,6,18,Foot Locker,8550,Jackson
Women's Athletic Footwear,45,South,450,20250,2021,6,18,Foot Locker,8100,Jackson
Men's Apparel,60,South,450,27000,2021,6,18,Foot Locker,9450,Jackson
Women's Apparel,65,South,625,40625,2021,6,18,Foot Locker,20313,Jackson
Men's Street Footwear,60,South,850,51000,2021,7,16,Foot Locker,20400,Jackson
Men's Athletic Footwear,55,South,600,33000,2021,7,16,Walmart,11550,Jackson
Women's Street Footwear,50,South,525,26250,2021,7,16,Walmart,10500,Jackson
Women's Athletic Footwear,50,South,475,23750,2021,7,16,Walmart,9500,Jackson
Men's Apparel,60,South,500,30000,2021,7,16,Walmart,10500,Jackson
Women's Apparel,65,South,675,43875,2021,7,16,Walmart,21938,Jackson
Men's Street Footwear,60,South,825,49500,2021,8,17,Walmart,19800,Jackson
Men's Athletic Footwear,55,South,600,33000,2021,8,17,Walmart,11550,Jackson
Women's Street Footwear,50,South,525,26250,2021,8,17,Walmart,10500,Jackson
Women's Athletic Footwear,40,South,475,19000,2021,8,17,Walmart,7600,Jackson
Men's Apparel,50,South,450,22500,2021,8,17,Walmart,7875,Jackson
Women's Apparel,55,South,625,34375,2021,8,17,Walmart,17188,Jackson
Men's Street Footwear,50,South,725,36250,2021,9,16,Walmart,14500,Jackson
Men's Athletic Footwear,45,South,525,23625,2021,9,16,Walmart,8269,Jackson
Women's Street Footwear,20,South,425,8500,2021,9,16,Walmart,3400,Jackson
Women's Athletic Footwear,20,South,400,8000,2021,9,16,Walmart,3200,Jackson
Men's Apparel,30,South,400,12000,2021,9,16,Walmart,4200,Jackson
Women's Apparel,35,South,500,17500,2021,9,16,Walmart,8750,Jackson
Men's Street Footwear,35,South,675,23625,2021,10,18,Walmart,9450,Jackson
Men's Athletic Footwear,25,South,500,12500,2021,10,18,Walmart,4375,Jackson
Women's Street Footwear,25,South,375,9375,2021,10,18,Walmart,3750,Jackson
Women's Athletic Footwear,25,South,350,8750,2021,10,18,Walmart,3500,Jackson
Men's Apparel,35,South,350,12250,2021,10,18,Walmart,4288,Jackson
Women's Apparel,35,South,475,16625,2021,10,18,Sports Direct,8313,Jackson
Men's Street Footwear,30,South,625,18750,2021,11,17,Sports Direct,7500,Jackson
Men's Athletic Footwear,20,South,450,9000,2021,11,17,Sports Direct,3150,Jackson
Women's Street Footwear,30,South,395,11850,2021,11,17,Sports Direct,4740,Jackson
Women's Athletic Footwear,60,South,450,27000,2021,11,17,Sports Direct,10800,Jackson
Men's Apparel,75,South,425,31875,2021,11,17,Sports Direct,11156,Jackson
Women's Apparel,75,South,525,39375,2021,11,17,Sports Direct,19688,Jackson
Men's Street Footwear,70,South,775,54250,2021,12,16,Sports Direct,21700,Jackson
Men's Athletic Footwear,60,South,575,34500,2021,12,16,Sports Direct,12075,Jackson
Women's Street Footwear,60,South,525,31500,2021,12,16,Sports Direct,12600,Jackson
Women's Athletic Footwear,60,South,475,28500,2021,12,16,Sports Direct,11400,Jackson
Men's Apparel,70,South,475,33250,2021,12,16,Sports Direct,11638,Jackson
Women's Apparel,75,South,575,43125,2021,12,16,Sports Direct,21563,Jackson
Men's Street Footwear,25,South,650,16250,2021,1,23,Sports Direct,6500,Jackson
Men's Athletic Footwear,25,South,450,11250,2021,1,23,Sports Direct,3938,Jackson
Women's Street Footwear,15,South,450,6750,2021,1,23,Sports Direct,2700,Jackson
Women's Athletic Footwear,20,South,300,6000,2021,1,23,Sports Direct,2400,Jackson
Men's Apparel,35,South,350,12250,2021,1,23,Sports Direct,4288,Jackson
Women's Apparel,25,South,450,11250,2021,1,23,Sports Direct,4500,Jackson
Men's Street Footwear,25,South,700,17500,2021,2,21,Sports Direct,7000,Jackson
Men's Athletic Footwear,25,South,350,8750,2021,2,21,Sports Direct,3063,Jackson
Women's Street Footwear,15,South,400,6000,2021,2,21,Sports Direct,2400,Jackson
Women's Athletic Footwear,20,South,250,5000,2021,2,21,Walmart,2000,Little Rock
Men's Apparel,35,South,325,11375,2021,2,21,Walmart,3981,Little Rock
Women's Apparel,20,South,425,8500,2021,2,21,Walmart,3400,Little Rock
Men's Street Footwear,20,South,645,12900,2021,3,19,Walmart,5160,Little Rock
Men's Athletic Footwear,20,South,325,6500,2021,3,19,Walmart,2275,Little Rock
Women's Street Footwear,10,South,350,3500,2021,3,19,Walmart,1400,Little Rock
Women's Athletic Footwear,20,South,200,4000,2021,3,19,Walmart,1600,Little Rock
Men's Apparel,35,South,250,8750,2021,3,19,Walmart,3063,Little Rock
Women's Apparel,25,South,350,8750,2021,3,19,Walmart,3500,Little Rock
Men's Street Footwear,25,South,600,15000,2021,4,20,Walmart,6000,Little Rock
Men's Athletic Footwear,25,South,300,7500,2021,4,20,Walmart,2625,Little Rock
Women's Street Footwear,15,South,300,4500,2021,4,20,Walmart,1800,Little Rock
Women's Athletic Footwear,20,South,225,4500,2021,4,20,Walmart,1800,Little Rock
Men's Apparel,40,South,250,10000,2021,4,20,Walmart,3500,Little Rock
Women's Apparel,30,South,400,12000,2021,4,20,Walmart,4800,Little Rock
Men's Street Footwear,40,South,670,26800,2021,5,19,Walmart,10720,Little Rock
Men's Athletic Footwear,40,South,375,15000,2021,5,19,Walmart,5250,Little Rock
Women's Street Footwear,35,South,350,12250,2021,5,19,Walmart,4900,Little Rock
Women's Athletic Footwear,35,South,300,10500,2021,5,19,Walmart,4200,Little Rock
Men's Apparel,45,South,325,14625,2021,5,19,Walmart,5119,Little Rock
Women's Apparel,45,South,425,19125,2021,5,19,Walmart,7650,Little Rock
Men's Street Footwear,40,South,675,27000,2021,6,21,Walmart,10800,Little Rock
Men's Athletic Footwear,35,South,425,14875,2021,6,21,Walmart,5206,Little Rock
Women's Street Footwear,40,South,400,16000,2021,6,21,Walmart,6400,Little Rock
Women's Athletic Footwear,40,South,375,15000,2021,6,21,Walmart,6000,Little Rock
Men's Apparel,55,South,375,20625,2021,6,21,Walmart,7219,Little Rock
Women's Apparel,60,South,550,33000,2021,6,21,Walmart,13200,Little Rock
Men's Street Footwear,55,South,775,42625,2021,7,19,Walmart,17050,Little Rock
Men's Athletic Footwear,50,South,525,26250,2021,7,19,Walmart,9188,Little Rock
Women's Street Footwear,45,South,450,20250,2021,7,19,Walmart,8100,Little Rock
Women's Athletic Footwear,45,South,400,18000,2021,7,19,Walmart,7200,Little Rock
Men's Apparel,60,South,425,25500,2021,7,19,Walmart,8925,Little Rock
Women's Apparel,65,South,600,39000,2021,7,19,Walmart,15600,Little Rock
Men's Street Footwear,60,South,750,45000,2021,8,20,Walmart,18000,Little Rock
Men's Athletic Footwear,55,South,525,28875,2021,8,20,Walmart,10106,Little Rock
Women's Street Footwear,50,South,450,22500,2021,8,20,Walmart,9000,Little Rock
Women's Athletic Footwear,40,South,400,16000,2021,8,20,Walmart,6400,Little Rock
Men's Apparel,50,South,375,18750,2021,8,20,Walmart,6563,Little Rock
Women's Apparel,55,South,550,30250,2021,8,20,Walmart,12100,Little Rock
Men's Street Footwear,50,South,650,32500,2021,9,19,Walmart,13000,Little Rock
Men's Athletic Footwear,40,South,450,18000,2021,9,19,Walmart,6300,Little Rock
Women's Street Footwear,15,South,350,5250,2021,9,19,Walmart,2100,Little Rock
Women's Athletic Footwear,15,South,325,4875,2021,9,19,Walmart,1950,Little Rock
Men's Apparel,25,South,325,8125,2021,9,19,Walmart,2844,Little Rock
Women's Apparel,30,South,425,12750,2021,9,19,Walmart,5100,Little Rock
Men's Street Footwear,30,South,600,18000,2021,10,21,Walmart,7200,Little Rock
Men's Athletic Footwear,20,South,425,8500,2021,10,21,Walmart,2975,Little Rock
Women's Street Footwear,20,South,300,6000,2021,10,21,Walmart,2400,Little Rock
Women's Athletic Footwear,20,South,275,5500,2021,10,21,Walmart,2200,Little Rock
Men's Apparel,30,South,275,8250,2021,10,21,Walmart,2888,Little Rock
Women's Apparel,30,South,400,12000,2021,10,21,West Gear,4800,Little Rock
Men's Street Footwear,25,South,550,13750,2021,11,20,West Gear,5500,Little Rock
Men's Athletic Footwear,15,South,375,5625,2021,11,20,West Gear,1969,Little Rock
Women's Street Footwear,25,South,320,8000,2021,11,20,West Gear,3200,Little Rock
Women's Athletic Footwear,55,South,375,20625,2021,11,20,West Gear,8250,Little Rock
Men's Apparel,75,South,350,26250,2021,11,20,West Gear,9188,Little Rock
Women's Apparel,75,South,450,33750,2021,11,20,West Gear,13500,Little Rock
Men's Street Footwear,70,South,700,49000,2021,12,19,West Gear,19600,Little Rock
Men's Athletic Footwear,60,South,500,30000,2021,12,19,West Gear,10500,Little Rock
Women's Street Footwear,60,South,450,27000,2021,12,19,West Gear,10800,Little Rock
Women's Athletic Footwear,60,South,400,24000,2021,12,19,West Gear,9600,Little Rock
Men's Apparel,70,South,400,28000,2021,12,19,West Gear,9800,Little Rock
Women's Apparel,75,South,500,37500,2021,12,19,West Gear,15000,Little Rock
Men's Street Footwear,25,South,575,14375,2021,1,23,West Gear,5750,Little Rock
Men's Athletic Footwear,25,South,375,9375,2021,1,23,West Gear,3281,Little Rock
Women's Street Footwear,15,South,375,5625,2021,1,23,West Gear,2250,Little Rock
Women's Athletic Footwear,20,South,225,4500,2021,1,23,West Gear,1800,Little Rock
Men's Apparel,35,South,275,9625,2021,1,23,West Gear,3369,Little Rock
Women's Apparel,25,South,375,9375,2021,1,23,West Gear,3750,Little Rock
Men's Street Footwear,25,South,625,15625,2021,2,21,West Gear,6250,Little Rock
Men's Athletic Footwear,25,South,275,6875,2021,2,21,West Gear,2406,Little Rock
Women's Street Footwear,15,South,325,4875,2021,2,21,West Gear,1950,Little Rock
Women's Athletic Footwear,20,South,175,3500,2021,2,21,West Gear,1400,Oklahoma City
Men's Apparel,35,South,250,8750,2021,2,21,West Gear,3063,Oklahoma City
Women's Apparel,20,South,350,7000,2021,2,21,West Gear,2800,Oklahoma City
Men's Street Footwear,20,South,570,11400,2021,3,19,West Gear,4560,Oklahoma City
Men's Athletic Footwear,20,South,250,5000,2021,3,19,West Gear,1750,Oklahoma City
Women's Street Footwear,10,South,275,2750,2021,3,19,West Gear,1100,Oklahoma City
Women's Athletic Footwear,20,South,125,2500,2021,3,19,West Gear,1000,Oklahoma City
Men's Apparel,35,South,175,6125,2021,3,19,West Gear,2144,Oklahoma City
Women's Apparel,25,South,275,6875,2021,3,19,West Gear,2750,Oklahoma City
Men's Street Footwear,25,South,525,13125,2021,4,20,West Gear,5250,Oklahoma City
Men's Athletic Footwear,25,South,225,5625,2021,4,20,West Gear,1969,Oklahoma City
Women's Street Footwear,15,South,225,3375,2021,4,20,West Gear,1350,Oklahoma City
Women's Athletic Footwear,20,South,150,3000,2021,4,20,West Gear,1200,Oklahoma City
Men's Apparel,40,South,175,7000,2021,4,20,West Gear,2450,Oklahoma City
Women's Apparel,30,South,325,9750,2021,4,20,West Gear,3900,Oklahoma City
Men's Street Footwear,40,South,595,23800,2021,5,19,West Gear,9520,Oklahoma City
Men's Athletic Footwear,40,South,300,12000,2021,5,19,West Gear,4200,Oklahoma City
Women's Street Footwear,35,South,275,9625,2021,5,19,West Gear,3850,Oklahoma City
Women's Athletic Footwear,35,South,225,7875,2021,5,19,West Gear,3150,Oklahoma City
Men's Apparel,45,South,250,11250,2021,5,19,West Gear,3938,Oklahoma City
Women's Apparel,45,South,350,15750,2021,5,19,West Gear,6300,Oklahoma City
Men's Street Footwear,40,South,600,24000,2021,6,21,West Gear,9600,Oklahoma City
Men's Athletic Footwear,35,South,350,12250,2021,6,21,West Gear,4288,Oklahoma City
Women's Street Footwear,40,South,325,13000,2021,6,21,West Gear,5200,Oklahoma City
Women's Athletic Footwear,40,South,300,12000,2021,6,21,West Gear,4800,Oklahoma City
Men's Apparel,55,South,300,16500,2021,6,21,West Gear,5775,Oklahoma City
Women's Apparel,60,South,475,28500,2021,6,21,West Gear,11400,Oklahoma City
Men's Street Footwear,55,South,700,38500,2021,7,19,West Gear,15400,Oklahoma City
Men's Athletic Footwear,50,South,450,22500,2021,7,19,West Gear,7875,Oklahoma City
Women's Street Footwear,45,South,375,16875,2021,7,19,West Gear,6750,Oklahoma City
Women's Athletic Footwear,45,South,325,14625,2021,7,19,West Gear,5850,Oklahoma City
Men's Apparel,60,South,350,21000,2021,7,19,West Gear,7350,Oklahoma City
Women's Apparel,65,South,525,34125,2021,7,19,West Gear,13650,Oklahoma City
Men's Street Footwear,60,South,675,40500,2021,8,20,West Gear,16200,Oklahoma City
Men's Athletic Footwear,55,South,450,24750,2021,8,20,West Gear,8663,Oklahoma City
Women's Street Footwear,50,South,375,18750,2021,8,20,West Gear,7500,Oklahoma City
Women's Athletic Footwear,40,South,325,13000,2021,8,20,West Gear,5200,Oklahoma City
Men's Apparel,50,South,300,15000,2021,8,20,West Gear,5250,Oklahoma City
Women's Apparel,55,South,475,26125,2021,8,20,West Gear,10450,Oklahoma City
Men's Street Footwear,50,South,575,28750,2021,9,19,West Gear,11500,Oklahoma City
Men's Athletic Footwear,40,South,375,15000,2021,9,19,West Gear,5250,Oklahoma City
Women's Street Footwear,15,South,275,4125,2021,9,19,West Gear,1650,Oklahoma City
Women's Athletic Footwear,15,South,250,3750,2021,9,19,West Gear,1500,Oklahoma City
Men's Apparel,25,South,250,6250,2021,9,19,West Gear,2188,Oklahoma City
Women's Apparel,30,South,350,10500,2021,9,19,West Gear,4200,Oklahoma City
Men's Street Footwear,30,South,525,15750,2021,10,21,West Gear,6300,Oklahoma City
Men's Athletic Footwear,20,South,350,7000,2021,10,21,West Gear,2450,Oklahoma City
Women's Street Footwear,20,South,225,4500,2021,10,21,West Gear,1800,Oklahoma City
Women's Athletic Footwear,20,South,200,4000,2021,10,21,West Gear,1600,Oklahoma City
Men's Apparel,30,South,200,6000,2021,10,21,West Gear,2100,Oklahoma City
Women's Apparel,30,South,325,9750,2021,10,21,Kohl'S,3900,Oklahoma City
Men's Street Footwear,25,South,475,11875,2021,11,20,Kohl'S,4750,Oklahoma City
Men's Athletic Footwear,15,South,300,4500,2021,11,20,Kohl'S,1575,Oklahoma City
Women's Street Footwear,25,South,245,6125,2021,11,20,Kohl'S,2450,Oklahoma City
Women's Athletic Footwear,55,South,300,16500,2021,11,20,Kohl'S,6600,Oklahoma City
Men's Apparel,75,South,275,20625,2021,11,20,Kohl'S,7219,Oklahoma City
Women's Apparel,75,South,375,28125,2021,11,20,Kohl'S,11250,Oklahoma City
Men's Street Footwear,70,South,625,43750,2021,12,19,Kohl'S,17500,Oklahoma City
Men's Athletic Footwear,60,South,425,25500,2021,12,19,Kohl'S,8925,Oklahoma City
Women's Street Footwear,60,South,375,22500,2021,12,19,Kohl'S,9000,Oklahoma City
Women's Athletic Footwear,60,South,325,19500,2021,12,19,Kohl'S,7800,Oklahoma City
Men's Apparel,70,South,325,22750,2021,12,19,Kohl'S,7963,Oklahoma City
Women's Apparel,75,South,425,31875,2021,12,19,Kohl'S,12750,Oklahoma City
Men's Street Footwear,25,South,550,13750,2021,1,16,Kohl'S,4813,Oklahoma City
Men's Athletic Footwear,25,South,350,8750,2021,1,16,Kohl'S,3063,Oklahoma City
Women's Street Footwear,15,South,350,5250,2021,1,16,Kohl'S,1838,Oklahoma City
Women's Athletic Footwear,20,South,200,4000,2021,1,16,Kohl'S,1400,Oklahoma City
Men's Apparel,35,South,250,8750,2021,1,16,Kohl'S,3063,Oklahoma City
Women's Apparel,25,South,350,8750,2021,1,16,Kohl'S,3063,Oklahoma City
Men's Street Footwear,25,South,600,15000,2021,2,14,Kohl'S,5250,Oklahoma City
Men's Athletic Footwear,25,South,250,6250,2021,2,14,Kohl'S,2188,Oklahoma City
Women's Street Footwear,15,South,300,4500,2021,2,14,Kohl'S,1575,Oklahoma City
Women's Athletic Footwear,20,Midwest,150,3000,2021,2,14,Kohl'S,1050,Wichita
Men's Apparel,35,Midwest,225,7875,2021,2,14,Kohl'S,2756,Wichita
Women's Apparel,20,Midwest,325,6500,2021,2,14,Kohl'S,2275,Wichita
Men's Street Footwear,20,Midwest,545,10900,2021,3,12,Kohl'S,3815,Wichita
Men's Athletic Footwear,20,Midwest,225,4500,2021,3,12,Kohl'S,1575,Wichita
Women's Street Footwear,10,Midwest,250,2500,2021,3,12,Kohl'S,875,Wichita
Women's Athletic Footwear,20,Midwest,100,2000,2021,3,12,Kohl'S,700,Wichita
Men's Apparel,35,Midwest,150,5250,2021,3,12,Kohl'S,1838,Wichita
Women's Apparel,25,Midwest,250,6250,2021,3,12,Kohl'S,2188,Wichita
Men's Street Footwear,25,Midwest,500,12500,2021,4,13,Kohl'S,4375,Wichita
Men's Athletic Footwear,25,Midwest,200,5000,2021,4,13,Kohl'S,1750,Wichita
Women's Street Footwear,15,Midwest,200,3000,2021,4,13,Kohl'S,1050,Wichita
Women's Athletic Footwear,20,Midwest,125,2500,2021,4,13,Kohl'S,875,Wichita
Men's Apparel,40,Midwest,150,6000,2021,4,13,Kohl'S,2100,Wichita
Women's Apparel,30,Midwest,300,9000,2021,4,13,Kohl'S,3150,Wichita
Men's Street Footwear,40,Midwest,570,22800,2021,5,12,Kohl'S,7980,Wichita
Men's Athletic Footwear,40,Midwest,275,11000,2021,5,12,Kohl'S,3850,Wichita
Women's Street Footwear,35,Midwest,250,8750,2021,5,12,Kohl'S,3063,Wichita
Women's Athletic Footwear,35,Midwest,200,7000,2021,5,12,Kohl'S,2450,Wichita
Men's Apparel,45,Midwest,225,10125,2021,5,12,Kohl'S,3544,Wichita
Women's Apparel,45,Midwest,325,14625,2021,5,12,Kohl'S,5119,Wichita
Men's Street Footwear,40,Midwest,575,23000,2021,6,14,Kohl'S,8050,Wichita
Men's Athletic Footwear,35,Midwest,325,11375,2021,6,14,Kohl'S,3981,Wichita
Women's Street Footwear,40,Midwest,300,12000,2021,6,14,Kohl'S,4200,Wichita
Women's Athletic Footwear,40,Midwest,275,11000,2021,6,14,Kohl'S,3850,Wichita
Men's Apparel,55,Midwest,275,15125,2021,6,14,Kohl'S,5294,Wichita
Women's Apparel,60,Midwest,450,27000,2021,6,14,Kohl'S,9450,Wichita
Men's Street Footwear,55,Midwest,675,37125,2021,7,12,Kohl'S,12994,Wichita
Men's Athletic Footwear,50,Midwest,425,21250,2021,7,12,Kohl'S,7438,Wichita
Women's Street Footwear,45,Midwest,350,15750,2021,7,12,Kohl'S,5513,Wichita
Women's Athletic Footwear,45,Midwest,300,13500,2021,7,12,Kohl'S,4725,Wichita
Men's Apparel,60,Midwest,325,19500,2021,7,12,Kohl'S,6825,Wichita
Women's Apparel,65,Midwest,500,32500,2021,7,12,Kohl'S,11375,Wichita
Men's Street Footwear,60,Midwest,650,39000,2021,8,13,Kohl'S,13650,Wichita
Men's Athletic Footwear,55,Midwest,425,23375,2021,8,13,Kohl'S,8181,Wichita
Women's Street Footwear,50,Midwest,350,17500,2021,8,13,Kohl'S,6125,Wichita
Women's Athletic Footwear,40,Midwest,300,12000,2021,8,13,Kohl'S,4200,Wichita
Men's Apparel,50,Midwest,275,13750,2021,8,13,Kohl'S,4813,Wichita
Women's Apparel,55,Midwest,450,24750,2021,8,13,Kohl'S,8663,Wichita
Men's Street Footwear,50,Midwest,550,27500,2021,9,12,Kohl'S,9625,Wichita
Men's Athletic Footwear,40,Midwest,350,14000,2021,9,12,Kohl'S,4900,Wichita
Women's Street Footwear,15,Midwest,250,3750,2021,9,12,Kohl'S,1313,Wichita
Women's Athletic Footwear,15,Midwest,225,3375,2021,9,12,Kohl'S,1181,Wichita
Men's Apparel,25,Midwest,225,5625,2021,9,12,Kohl'S,1969,Wichita
Women's Apparel,30,Midwest,325,9750,2021,9,12,Kohl'S,3413,Wichita
Men's Street Footwear,30,Midwest,500,15000,2021,10,14,Kohl'S,5250,Wichita
Men's Athletic Footwear,20,Midwest,325,6500,2021,10,14,Kohl'S,2275,Wichita
Women's Street Footwear,20,Midwest,200,4000,2021,10,14,Kohl'S,1400,Wichita
Women's Athletic Footwear,20,Midwest,175,3500,2021,10,14,Kohl'S,1225,Wichita
Men's Apparel,30,Midwest,175,5250,2021,10,14,Kohl'S,1838,Wichita
Women's Apparel,30,Midwest,300,9000,2021,10,14,Foot Locker,3150,Wichita
Men's Street Footwear,25,Midwest,450,11250,2021,11,13,Foot Locker,3938,Wichita
Men's Athletic Footwear,15,Midwest,275,4125,2021,11,13,Foot Locker,1444,Wichita
Women's Street Footwear,25,Midwest,220,5500,2021,11,13,Foot Locker,1925,Wichita
Women's Athletic Footwear,55,Midwest,275,15125,2021,11,13,Foot Locker,5294,Wichita
Men's Apparel,75,Midwest,250,18750,2021,11,13,Foot Locker,6563,Wichita
Women's Apparel,75,Midwest,350,26250,2021,11,13,Foot Locker,9188,Wichita
Men's Street Footwear,70,Midwest,600,42000,2021,12,12,Foot Locker,14700,Wichita
Men's Athletic Footwear,60,Midwest,400,24000,2021,12,12,Foot Locker,8400,Wichita
Women's Street Footwear,60,Midwest,350,21000,2021,12,12,Foot Locker,7350,Wichita
Women's Athletic Footwear,60,Midwest,300,18000,2021,12,12,Foot Locker,6300,Wichita
Men's Apparel,70,Midwest,300,21000,2021,12,12,Foot Locker,7350,Wichita
Women's Apparel,75,Midwest,400,30000,2021,12,12,Foot Locker,10500,Wichita
Men's Street Footwear,40,Midwest,475,19000,2021,1,12,Foot Locker,6650,Wichita
Men's Athletic Footwear,40,Midwest,275,11000,2021,1,12,Foot Locker,3300,Wichita
Women's Street Footwear,30,Midwest,275,8250,2021,1,12,Foot Locker,2475,Wichita
Women's Athletic Footwear,35,Midwest,125,4375,2021,1,12,Foot Locker,1313,Wichita
Men's Apparel,50,Midwest,175,8750,2021,1,12,Foot Locker,3063,Wichita
Women's Apparel,40,Midwest,275,11000,2021,1,12,Foot Locker,4400,Wichita
Men's Street Footwear,40,Midwest,525,21000,2021,2,12,Foot Locker,7350,Wichita
Men's Athletic Footwear,40,Midwest,175,7000,2021,2,12,Foot Locker,2100,Wichita
Women's Street Footwear,30,Midwest,225,6750,2021,2,12,Foot Locker,2025,Wichita
Women's Athletic Footwear,35,Midwest,100,3500,2021,2,12,Foot Locker,1050,Sioux Falls
Men's Apparel,50,Midwest,175,8750,2021,2,12,Foot Locker,3063,Sioux Falls
Women's Apparel,35,Midwest,275,9625,2021,2,12,Foot Locker,3850,Sioux Falls
Men's Street Footwear,40,Midwest,495,19800,2021,3,11,Foot Locker,6930,Sioux Falls
Men's Athletic Footwear,40,Midwest,200,8000,2021,3,11,Foot Locker,2400,Sioux Falls
Women's Street Footwear,30,Midwest,225,6750,2021,3,11,Foot Locker,2025,Sioux Falls
Women's Athletic Footwear,35,Midwest,75,2625,2021,3,11,Foot Locker,788,Sioux Falls
Men's Apparel,50,Midwest,125,6250,2021,3,11,Foot Locker,2188,Sioux Falls
Women's Apparel,40,Midwest,225,9000,2021,3,11,Foot Locker,3600,Sioux Falls
Men's Street Footwear,40,Midwest,450,18000,2021,4,12,Foot Locker,6300,Sioux Falls
Men's Athletic Footwear,40,Midwest,150,6000,2021,4,12,Foot Locker,1800,Sioux Falls
Women's Street Footwear,30,Midwest,150,4500,2021,4,12,Foot Locker,1350,Sioux Falls
Women's Athletic Footwear,35,Midwest,75,2625,2021,4,12,Foot Locker,788,Sioux Falls
Men's Apparel,60,Midwest,100,6000,2021,4,12,Foot Locker,2100,Sioux Falls
Women's Apparel,50,Midwest,225,11250,2021,4,12,Foot Locker,4500,Sioux Falls
Men's Street Footwear,60,Midwest,495,29700,2021,5,13,Foot Locker,10395,Sioux Falls
Men's Athletic Footwear,50,Midwest,200,10000,2021,5,13,Foot Locker,3000,Sioux Falls
Women's Street Footwear,45,Midwest,175,7875,2021,5,13,Foot Locker,2363,Sioux Falls
Women's Athletic Footwear,45,Midwest,100,4500,2021,5,13,Foot Locker,1350,Sioux Falls
Men's Apparel,55,Midwest,125,6875,2021,5,13,Foot Locker,2406,Sioux Falls
Women's Apparel,60,Midwest,250,15000,2021,5,13,Foot Locker,6000,Sioux Falls
Men's Street Footwear,45,Midwest,500,22500,2021,6,12,Foot Locker,7875,Sioux Falls
Men's Athletic Footwear,40,Midwest,250,10000,2021,6,12,Foot Locker,3000,Sioux Falls
Women's Street Footwear,35,Midwest,200,7000,2021,6,12,Foot Locker,2100,Sioux Falls
Women's Athletic Footwear,35,Midwest,175,6125,2021,6,12,Foot Locker,1838,Sioux Falls
Men's Apparel,45,Midwest,175,7875,2021,6,12,Foot Locker,2756,Sioux Falls
Women's Apparel,55,Midwest,325,17875,2021,6,12,Foot Locker,7150,Sioux Falls
Men's Street Footwear,50,Midwest,550,27500,2021,7,11,Foot Locker,9625,Sioux Falls
Men's Athletic Footwear,45,Midwest,300,13500,2021,7,11,Foot Locker,4050,Sioux Falls
Women's Street Footwear,40,Midwest,225,9000,2021,7,11,Foot Locker,2700,Sioux Falls
Women's Athletic Footwear,40,Midwest,175,7000,2021,7,11,Foot Locker,2100,Sioux Falls
Men's Apparel,50,Midwest,200,10000,2021,7,11,Foot Locker,3500,Sioux Falls
Women's Apparel,55,Midwest,375,20625,2021,7,11,Foot Locker,8250,Sioux Falls
Men's Street Footwear,50,Midwest,525,26250,2021,8,12,Foot Locker,9188,Sioux Falls
Men's Athletic Footwear,45,Midwest,300,13500,2021,8,12,Foot Locker,4050,Sioux Falls
Women's Street Footwear,40,Midwest,225,9000,2021,8,12,Foot Locker,2700,Sioux Falls
Women's Athletic Footwear,40,Midwest,200,8000,2021,8,12,Foot Locker,2400,Sioux Falls
Men's Apparel,50,Midwest,175,8750,2021,8,12,Foot Locker,3063,Sioux Falls
Women's Apparel,55,Midwest,350,19250,2021,8,12,Foot Locker,7700,Sioux Falls
Men's Street Footwear,45,Midwest,475,21375,2021,9,13,Foot Locker,7481,Sioux Falls
Men's Athletic Footwear,40,Midwest,275,11000,2021,9,13,Foot Locker,3300,Sioux Falls
Women's Street Footwear,35,Midwest,175,6125,2021,9,13,Foot Locker,1838,Sioux Falls
Women's Athletic Footwear,35,Midwest,150,5250,2021,9,13,Foot Locker,1575,Sioux Falls
Men's Apparel,45,Midwest,150,6750,2021,9,13,Foot Locker,2363,Sioux Falls
Women's Apparel,50,Midwest,225,11250,2021,9,13,Foot Locker,4500,Sioux Falls
Men's Street Footwear,55,Midwest,400,22000,2021,10,12,Foot Locker,7700,Sioux Falls
Men's Athletic Footwear,45,Midwest,250,11250,2021,10,12,Foot Locker,3375,Sioux Falls
Women's Street Footwear,45,Midwest,150,6750,2021,10,12,Foot Locker,2025,Sioux Falls
Women's Athletic Footwear,45,Midwest,125,5625,2021,10,12,Foot Locker,1688,Sioux Falls
Men's Apparel,55,Midwest,125,6875,2021,10,12,Foot Locker,2406,Sioux Falls
Women's Apparel,60,Midwest,250,15000,2021,10,12,Sports Direct,6000,Sioux Falls
Men's Street Footwear,55,Midwest,400,22000,2021,11,12,Sports Direct,7700,Sioux Falls
Men's Athletic Footwear,45,Midwest,250,11250,2021,11,12,Sports Direct,3375,Sioux Falls
Women's Street Footwear,45,Midwest,195,8775,2021,11,12,Sports Direct,2633,Sioux Falls
Women's Athletic Footwear,45,Midwest,175,7875,2021,11,12,Sports Direct,2363,Sioux Falls
Men's Apparel,60,Midwest,150,9000,2021,11,12,Sports Direct,3150,Sioux Falls
Women's Apparel,65,Midwest,250,16250,2021,11,12,Sports Direct,6500,Sioux Falls
Men's Street Footwear,60,Midwest,500,30000,2021,12,11,Sports Direct,10500,Sioux Falls
Men's Athletic Footwear,50,Midwest,300,15000,2021,12,11,Sports Direct,4500,Sioux Falls
Women's Street Footwear,50,Midwest,250,12500,2021,12,11,Sports Direct,3750,Sioux Falls
Women's Athletic Footwear,50,Midwest,200,10000,2021,12,11,Sports Direct,3000,Sioux Falls
Men's Apparel,60,Midwest,200,12000,2021,12,11,Sports Direct,4200,Sioux Falls
Women's Apparel,65,Midwest,300,19500,2021,12,11,Sports Direct,7800,Sioux Falls
Men's Street Footwear,35,Midwest,475,16625,2021,1,9,Sports Direct,5819,Sioux Falls
Men's Athletic Footwear,35,Midwest,275,9625,2021,1,9,Sports Direct,2888,Sioux Falls
Women's Street Footwear,25,Midwest,275,6875,2021,1,9,Sports Direct,2063,Sioux Falls
Women's Athletic Footwear,30,Midwest,125,3750,2021,1,9,Sports Direct,1125,Sioux Falls
Men's Apparel,45,Midwest,175,7875,2021,1,9,Sports Direct,2756,Sioux Falls
Women's Apparel,35,Midwest,275,9625,2021,1,9,Sports Direct,3850,Sioux Falls
Men's Street Footwear,35,Midwest,525,18375,2021,2,9,Sports Direct,6431,Sioux Falls
Men's Athletic Footwear,35,Midwest,175,6125,2021,2,9,Sports Direct,1838,Sioux Falls
Women's Street Footwear,25,Midwest,225,5625,2021,2,9,Sports Direct,1688,Sioux Falls
Women's Athletic Footwear,30,Midwest,100,3000,2021,2,9,Sports Direct,900,Fargo
Men's Apparel,45,Midwest,175,7875,2021,2,9,Sports Direct,2756,Fargo
Women's Apparel,25,Midwest,275,6875,2021,2,9,Sports Direct,2750,Fargo
Men's Street Footwear,30,Midwest,495,14850,2021,3,8,Sports Direct,5198,Fargo
Men's Athletic Footwear,30,Midwest,200,6000,2021,3,8,Sports Direct,1800,Fargo
Women's Street Footwear,20,Midwest,225,4500,2021,3,8,Sports Direct,1350,Fargo
Women's Athletic Footwear,25,Midwest,75,1875,2021,3,8,Sports Direct,563,Fargo
Men's Apparel,40,Midwest,125,5000,2021,3,8,Sports Direct,1750,Fargo
Women's Apparel,30,Midwest,225,6750,2021,3,8,Sports Direct,2700,Fargo
Men's Street Footwear,30,Midwest,450,13500,2021,4,9,Sports Direct,4725,Fargo
Men's Athletic Footwear,30,Midwest,150,4500,2021,4,9,Sports Direct,1350,Fargo
Women's Street Footwear,20,Midwest,150,3000,2021,4,9,Sports Direct,900,Fargo
Women's Athletic Footwear,25,Midwest,75,1875,2021,4,9,Sports Direct,563,Fargo
Men's Apparel,60,Midwest,100,6000,2021,4,9,Sports Direct,2100,Fargo
Women's Apparel,50,Midwest,225,11250,2021,4,9,Sports Direct,4500,Fargo
Men's Street Footwear,60,Midwest,495,29700,2021,5,10,Sports Direct,10395,Fargo
Men's Athletic Footwear,45,Midwest,200,9000,2021,5,10,Sports Direct,2700,Fargo
Women's Street Footwear,40,Midwest,175,7000,2021,5,10,Sports Direct,2100,Fargo
Women's Athletic Footwear,40,Midwest,100,4000,2021,5,10,Sports Direct,1200,Fargo
Men's Apparel,50,Midwest,125,6250,2021,5,10,Sports Direct,2188,Fargo
Women's Apparel,55,Midwest,250,13750,2021,5,10,Sports Direct,5500,Fargo
Men's Street Footwear,40,Midwest,500,20000,2021,6,9,Sports Direct,7000,Fargo
Men's Athletic Footwear,35,Midwest,250,8750,2021,6,9,Sports Direct,2625,Fargo
Women's Street Footwear,30,Midwest,200,6000,2021,6,9,Sports Direct,1800,Fargo
Women's Athletic Footwear,30,Midwest,175,5250,2021,6,9,Sports Direct,1575,Fargo
Men's Apparel,40,Midwest,175,7000,2021,6,9,Sports Direct,2450,Fargo
Women's Apparel,55,Midwest,325,17875,2021,6,9,Sports Direct,7150,Fargo
Men's Street Footwear,50,Midwest,550,27500,2021,7,8,Sports Direct,9625,Fargo
Men's Athletic Footwear,45,Midwest,300,13500,2021,7,8,Sports Direct,4050,Fargo
Women's Street Footwear,40,Midwest,225,9000,2021,7,8,Sports Direct,2700,Fargo
Women's Athletic Footwear,40,Midwest,175,7000,2021,7,8,Sports Direct,2100,Fargo
Men's Apparel,50,Midwest,200,10000,2021,7,8,Sports Direct,3500,Fargo
Women's Apparel,55,Midwest,375,20625,2021,7,8,Sports Direct,8250,Fargo
Men's Street Footwear,50,Midwest,525,26250,2021,8,9,Sports Direct,9188,Fargo
Men's Athletic Footwear,45,Midwest,300,13500,2021,8,9,Sports Direct,4050,Fargo
Women's Street Footwear,40,Midwest,225,9000,2021,8,9,Sports Direct,2700,Fargo
Women's Athletic Footwear,40,Midwest,200,8000,2021,8,9,Sports Direct,2400,Fargo
Men's Apparel,50,Midwest,175,8750,2021,8,9,Sports Direct,3063,Fargo
Women's Apparel,55,Midwest,350,19250,2021,8,9,Sports Direct,7700,Fargo
Men's Street Footwear,40,Midwest,475,19000,2021,9,10,Sports Direct,6650,Fargo
Men's Athletic Footwear,35,Midwest,275,9625,2021,9,10,Sports Direct,2888,Fargo
Women's Street Footwear,30,Midwest,175,5250,2021,9,10,Sports Direct,1575,Fargo
Women's Athletic Footwear,30,Midwest,150,4500,2021,9,10,Sports Direct,1350,Fargo
Men's Apparel,40,Midwest,150,6000,2021,9,10,Sports Direct,2100,Fargo
Women's Apparel,45,Midwest,225,10125,2021,9,10,Sports Direct,4050,Fargo
Men's Street Footwear,50,Midwest,400,20000,2021,10,9,Sports Direct,7000,Fargo
Men's Athletic Footwear,40,Midwest,250,10000,2021,10,9,Sports Direct,3000,Fargo
Women's Street Footwear,40,Midwest,150,6000,2021,10,9,Sports Direct,1800,Fargo
Women's Athletic Footwear,40,Midwest,125,5000,2021,10,9,Sports Direct,1500,Fargo
Men's Apparel,50,Midwest,125,6250,2021,10,9,Sports Direct,2188,Fargo
Women's Apparel,55,Midwest,250,13750,2021,10,9,Foot Locker,5500,Fargo
Men's Street Footwear,50,Midwest,400,20000,2021,11,9,Foot Locker,7000,Fargo
Men's Athletic Footwear,40,Midwest,250,10000,2021,11,9,Foot Locker,3000,Fargo
Women's Street Footwear,40,Midwest,195,7800,2021,11,9,Foot Locker,2340,Fargo
Women's Athletic Footwear,40,Midwest,175,7000,2021,11,9,Foot Locker,2100,Fargo
Men's Apparel,60,Midwest,150,9000,2021,11,9,Foot Locker,3150,Fargo
Women's Apparel,65,Midwest,250,16250,2021,11,9,Foot Locker,6500,Fargo
Men's Street Footwear,60,Midwest,500,30000,2021,12,8,Foot Locker,10500,Fargo
Men's Athletic Footwear,50,Midwest,300,15000,2021,12,8,Foot Locker,4500,Fargo
Women's Street Footwear,50,Midwest,250,12500,2021,12,8,Foot Locker,3750,Fargo
Women's Athletic Footwear,50,Midwest,200,10000,2021,12,8,Foot Locker,3000,Fargo
Men's Apparel,60,Midwest,200,12000,2021,12,8,Foot Locker,4200,Fargo
Women's Apparel,65,Midwest,300,19500,2021,12,8,Foot Locker,7800,Fargo
Men's Street Footwear,30,Midwest,450,13500,2021,1,6,Foot Locker,4050,Fargo
Men's Athletic Footwear,30,Midwest,250,7500,2021,1,6,Foot Locker,2625,Fargo
Women's Street Footwear,20,Midwest,250,5000,2021,1,6,Foot Locker,1500,Fargo
Women's Athletic Footwear,25,Midwest,100,2500,2021,1,6,Foot Locker,750,Fargo
Men's Apparel,40,Midwest,150,6000,2021,1,6,Foot Locker,3000,Fargo
Women's Apparel,30,Midwest,250,7500,2021,1,6,Foot Locker,3000,Fargo
Men's Street Footwear,30,Midwest,500,15000,2021,2,6,Foot Locker,4500,Fargo
Men's Athletic Footwear,30,Midwest,150,4500,2021,2,6,Foot Locker,1575,Fargo
Women's Street Footwear,20,Midwest,200,4000,2021,2,6,Foot Locker,1200,Fargo
Women's Athletic Footwear,25,Midwest,75,1875,2021,2,6,Foot Locker,563,Des Moines
Men's Apparel,40,Midwest,150,6000,2021,2,6,Foot Locker,3000,Des Moines
Women's Apparel,15,Midwest,250,3750,2021,2,6,Foot Locker,1500,Des Moines
Men's Street Footwear,20,Midwest,470,9400,2021,3,5,Foot Locker,2820,Des Moines
Men's Athletic Footwear,20,Midwest,175,3500,2021,3,5,Foot Locker,1225,Des Moines
Women's Street Footwear,10,Midwest,225,2250,2021,3,5,Foot Locker,675,Des Moines
Women's Athletic Footwear,15,Midwest,100,1500,2021,3,5,Foot Locker,450,Des Moines
Men's Apparel,30,Midwest,150,4500,2021,3,5,Foot Locker,2250,Des Moines
Women's Apparel,20,Midwest,250,5000,2021,3,5,Foot Locker,2000,Des Moines
Men's Street Footwear,20,Midwest,475,9500,2021,4,6,Foot Locker,2850,Des Moines
Men's Athletic Footwear,20,Midwest,175,3500,2021,4,6,Foot Locker,1225,Des Moines
Women's Street Footwear,10,Midwest,175,1750,2021,4,6,Foot Locker,525,Des Moines
Women's Athletic Footwear,15,Midwest,100,1500,2021,4,6,Foot Locker,450,Des Moines
Men's Apparel,60,Midwest,125,7500,2021,4,6,Foot Locker,3750,Des Moines
Women's Apparel,50,Midwest,250,12500,2021,4,6,Foot Locker,5000,Des Moines
Men's Street Footwear,60,Midwest,520,31200,2021,5,7,Foot Locker,9360,Des Moines
Men's Athletic Footwear,40,Midwest,225,9000,2021,5,7,Foot Locker,3150,Des Moines
Women's Street Footwear,35,Midwest,200,7000,2021,5,7,Foot Locker,2100,Des Moines
Women's Athletic Footwear,35,Midwest,125,4375,2021,5,7,Foot Locker,1313,Des Moines
Men's Apparel,45,Midwest,150,6750,2021,5,7,Foot Locker,3375,Des Moines
Women's Apparel,50,Midwest,275,13750,2021,5,7,Foot Locker,5500,Des Moines
Men's Street Footwear,35,Midwest,525,18375,2021,6,6,Foot Locker,5513,Des Moines
Men's Athletic Footwear,30,Midwest,275,8250,2021,6,6,Foot Locker,2888,Des Moines
Women's Street Footwear,25,Midwest,200,5000,2021,6,6,Foot Locker,1500,Des Moines
Women's Athletic Footwear,25,Midwest,175,4375,2021,6,6,Foot Locker,1313,Des Moines
Men's Apparel,35,Midwest,175,6125,2021,6,6,Foot Locker,3063,Des Moines
Women's Apparel,55,Midwest,325,17875,2021,6,6,Foot Locker,7150,Des Moines
Men's Street Footwear,50,Midwest,550,27500,2021,7,5,Foot Locker,8250,Des Moines
Men's Athletic Footwear,45,Midwest,300,13500,2021,7,5,Foot Locker,4725,Des Moines
Women's Street Footwear,40,Midwest,225,9000,2021,7,5,Foot Locker,2700,Des Moines
Women's Athletic Footwear,40,Midwest,175,7000,2021,7,5,Foot Locker,2100,Des Moines
Men's Apparel,50,Midwest,200,10000,2021,7,5,Foot Locker,5000,Des Moines
Women's Apparel,55,Midwest,375,20625,2021,7,5,Foot Locker,8250,Des Moines
Men's Street Footwear,50,Midwest,525,26250,2021,8,6,Foot Locker,7875,Des Moines
Men's Athletic Footwear,45,Midwest,300,13500,2021,8,6,Foot Locker,4725,Des Moines
Women's Street Footwear,40,Midwest,225,9000,2021,8,6,Foot Locker,2700,Des Moines
Women's Athletic Footwear,40,Midwest,200,8000,2021,8,6,Foot Locker,2400,Des Moines
Men's Apparel,50,Midwest,175,8750,2021,8,6,Foot Locker,4375,Des Moines
Women's Apparel,55,Midwest,350,19250,2021,8,6,Foot Locker,7700,Des Moines
Men's Street Footwear,35,Midwest,475,16625,2021,9,7,Foot Locker,4988,Des Moines
Men's Athletic Footwear,30,Midwest,275,8250,2021,9,7,Foot Locker,2888,Des Moines
Women's Street Footwear,25,Midwest,175,4375,2021,9,7,Foot Locker,1313,Des Moines
Women's Athletic Footwear,25,Midwest,150,3750,2021,9,7,Foot Locker,1125,Des Moines
Men's Apparel,35,Midwest,150,5250,2021,9,7,Foot Locker,2625,Des Moines
Women's Apparel,40,Midwest,225,9000,2021,9,7,Foot Locker,3600,Des Moines
Men's Street Footwear,45,Midwest,400,18000,2021,10,6,Foot Locker,5400,Des Moines
Men's Athletic Footwear,35,Midwest,250,8750,2021,10,6,Foot Locker,3063,Des Moines
Women's Street Footwear,35,Midwest,150,5250,2021,10,6,Foot Locker,1575,Des Moines
Women's Athletic Footwear,35,Midwest,125,4375,2021,10,6,Foot Locker,1313,Des Moines
Men's Apparel,45,Midwest,125,5625,2021,10,6,Foot Locker,2813,Des Moines
Women's Apparel,50,Midwest,250,12500,2021,10,6,West Gear,5000,Des Moines
Men's Street Footwear,45,Midwest,400,18000,2021,11,6,West Gear,5400,Des Moines
Men's Athletic Footwear,35,Midwest,275,9625,2021,11,6,West Gear,3369,Des Moines
Women's Street Footwear,35,Midwest,220,7700,2021,11,6,West Gear,2310,Des Moines
Women's Athletic Footwear,35,Midwest,200,7000,2021,11,6,West Gear,2100,Des Moines
Men's Apparel,60,Midwest,175,10500,2021,11,6,West Gear,5250,Des Moines
Women's Apparel,65,Midwest,275,17875,2021,11,6,West Gear,7150,Des Moines
Men's Street Footwear,60,Midwest,525,31500,2021,12,5,West Gear,9450,Des Moines
Men's Athletic Footwear,50,Midwest,325,16250,2021,12,5,West Gear,5688,Des Moines
Women's Street Footwear,50,Midwest,275,13750,2021,12,5,West Gear,4125,Des Moines
Women's Athletic Footwear,50,Midwest,225,11250,2021,12,5,West Gear,3375,Des Moines
Men's Apparel,60,Midwest,225,13500,2021,12,5,West Gear,6750,Des Moines
Women's Apparel,65,Midwest,325,21125,2021,12,5,West Gear,8450,Des Moines
Men's Street Footwear,30,Midwest,450,13500,2021,1,3,West Gear,4050,Des Moines
Men's Athletic Footwear,30,Midwest,250,7500,2021,1,3,West Gear,2625,Des Moines
Women's Street Footwear,20,Midwest,250,5000,2021,1,3,West Gear,1500,Des Moines
Women's Athletic Footwear,25,Midwest,100,2500,2021,1,3,West Gear,750,Des Moines
Men's Apparel,40,Midwest,150,6000,2021,1,3,West Gear,3000,Des Moines
Women's Apparel,30,Midwest,250,7500,2021,1,3,West Gear,3000,Des Moines
Men's Street Footwear,30,Midwest,500,15000,2021,2,3,West Gear,4500,Des Moines
Men's Athletic Footwear,30,Midwest,150,4500,2021,2,3,West Gear,1575,Des Moines
Women's Street Footwear,20,Midwest,200,4000,2021,2,3,West Gear,1200,Des Moines
Women's Athletic Footwear,25,Midwest,75,1875,2021,2,3,West Gear,563,Milwaukee
Men's Apparel,40,Midwest,150,6000,2021,2,3,West Gear,3000,Milwaukee
Women's Apparel,15,Midwest,250,3750,2021,2,3,West Gear,1500,Milwaukee
Men's Street Footwear,20,Midwest,470,9400,2021,3,2,West Gear,2820,Milwaukee
Men's Athletic Footwear,20,Midwest,175,3500,2021,3,2,West Gear,1225,Milwaukee
Women's Street Footwear,10,Midwest,225,2250,2021,3,2,West Gear,675,Milwaukee
Women's Athletic Footwear,15,Midwest,75,1125,2021,3,2,West Gear,338,Milwaukee
Men's Apparel,30,Midwest,125,3750,2021,3,2,West Gear,1875,Milwaukee
Women's Apparel,20,Midwest,225,4500,2021,3,2,West Gear,1800,Milwaukee
Men's Street Footwear,20,Midwest,450,9000,2021,4,3,West Gear,2700,Milwaukee
Men's Athletic Footwear,20,Midwest,150,3000,2021,4,3,West Gear,1050,Milwaukee
Women's Street Footwear,10,Midwest,150,1500,2021,4,3,West Gear,450,Milwaukee
Women's Athletic Footwear,15,Midwest,75,1125,2021,4,3,West Gear,338,Milwaukee
Men's Apparel,60,Midwest,100,6000,2021,4,3,West Gear,3000,Milwaukee
Women's Apparel,50,Midwest,225,11250,2021,4,3,West Gear,4500,Milwaukee
Men's Street Footwear,60,Midwest,495,29700,2021,5,4,West Gear,8910,Milwaukee
Men's Athletic Footwear,40,Midwest,200,8000,2021,5,4,West Gear,2800,Milwaukee
Women's Street Footwear,35,Midwest,175,6125,2021,5,4,West Gear,1838,Milwaukee
Women's Athletic Footwear,35,Midwest,150,5250,2021,5,4,West Gear,1575,Milwaukee
Men's Apparel,45,Midwest,175,7875,2021,5,4,West Gear,3938,Milwaukee
Women's Apparel,50,Midwest,300,15000,2021,5,4,West Gear,6000,Milwaukee
Men's Street Footwear,35,Midwest,550,19250,2021,6,3,West Gear,5775,Milwaukee
Men's Athletic Footwear,30,Midwest,300,9000,2021,6,3,West Gear,3150,Milwaukee
Women's Street Footwear,25,Midwest,200,5000,2021,6,3,West Gear,1500,Milwaukee
Women's Athletic Footwear,25,Midwest,175,4375,2021,6,3,West Gear,1313,Milwaukee
Men's Apparel,35,Midwest,175,6125,2021,6,3,West Gear,3063,Milwaukee
Women's Apparel,55,Midwest,325,17875,2021,6,3,West Gear,7150,Milwaukee
Men's Street Footwear,50,Midwest,550,27500,2021,7,2,West Gear,8250,Milwaukee
Men's Athletic Footwear,45,Midwest,300,13500,2021,7,2,West Gear,4725,Milwaukee
Women's Street Footwear,40,Midwest,225,9000,2021,7,2,West Gear,2700,Milwaukee
Women's Athletic Footwear,40,Midwest,175,7000,2021,7,2,West Gear,2100,Milwaukee
Men's Apparel,50,Midwest,200,10000,2021,7,2,West Gear,5000,Milwaukee
Women's Apparel,55,Midwest,375,20625,2021,7,2,West Gear,8250,Milwaukee
Men's Street Footwear,50,Midwest,525,26250,2021,8,3,West Gear,7875,Milwaukee
Men's Athletic Footwear,45,Midwest,300,13500,2021,8,3,West Gear,4725,Milwaukee
Women's Street Footwear,40,Midwest,225,9000,2021,8,3,West Gear,2700,Milwaukee
Women's Athletic Footwear,40,Midwest,200,8000,2021,8,3,West Gear,2400,Milwaukee
Men's Apparel,50,Midwest,175,8750,2021,8,3,West Gear,4375,Milwaukee
Women's Apparel,55,Midwest,350,19250,2021,8,3,West Gear,7700,Milwaukee
Men's Street Footwear,35,Midwest,475,16625,2021,9,4,West Gear,4988,Milwaukee
Men's Athletic Footwear,30,Midwest,250,7500,2021,9,4,West Gear,2625,Milwaukee
Women's Street Footwear,25,Midwest,150,3750,2021,9,4,West Gear,1125,Milwaukee
Women's Athletic Footwear,25,Midwest,125,3125,2021,9,4,West Gear,938,Milwaukee
Men's Apparel,35,Midwest,125,4375,2021,9,4,West Gear,2188,Milwaukee
Women's Apparel,40,Midwest,200,8000,2021,9,4,West Gear,3200,Milwaukee
Men's Street Footwear,45,Midwest,375,16875,2021,10,3,West Gear,5063,Milwaukee
Men's Athletic Footwear,35,Midwest,225,7875,2021,10,3,West Gear,2756,Milwaukee
Women's Street Footwear,35,Midwest,125,4375,2021,10,3,West Gear,1313,Milwaukee
Women's Athletic Footwear,35,Midwest,125,4375,2021,10,3,West Gear,1313,Milwaukee
Men's Apparel,45,Midwest,125,5625,2021,10,3,West Gear,2813,Milwaukee
Women's Apparel,50,Midwest,250,12500,2021,10,3,West Gear,5000,Milwaukee
Men's Street Footwear,45,Midwest,400,18000,2021,11,3,West Gear,5400,Milwaukee
Men's Athletic Footwear,35,Midwest,300,10500,2021,11,3,West Gear,3675,Milwaukee
Women's Street Footwear,35,Midwest,245,8575,2021,11,3,West Gear,2573,Milwaukee
Women's Athletic Footwear,35,Midwest,225,7875,2021,11,3,West Gear,2363,Milwaukee
Men's Apparel,60,Midwest,200,12000,2021,11,3,West Gear,6000,Milwaukee
Women's Apparel,65,Midwest,300,19500,2021,11,3,West Gear,7800,Milwaukee
Men's Street Footwear,60,Midwest,550,33000,2021,12,2,West Gear,9900,Milwaukee
Men's Athletic Footwear,50,Midwest,350,17500,2021,12,2,West Gear,6125,Milwaukee
Women's Street Footwear,50,Midwest,300,15000,2021,12,2,West Gear,4500,Milwaukee
Women's Athletic Footwear,50,Midwest,250,12500,2021,12,2,West Gear,3750,Milwaukee
Men's Apparel,60,Midwest,250,15000,2021,12,2,West Gear,7500,Milwaukee
Women's Apparel,65,Midwest,350,22750,2021,12,2,West Gear,9100,Milwaukee
Men's Street Footwear,35,Midwest,500,17500,2021,1,10,West Gear,7000,Milwaukee
Men's Athletic Footwear,35,Midwest,300,10500,2021,1,10,West Gear,4200,Milwaukee
Women's Street Footwear,25,Midwest,300,7500,2021,1,10,West Gear,2625,Milwaukee
Women's Athletic Footwear,30,Midwest,150,4500,2021,1,10,West Gear,1575,Milwaukee
Men's Apparel,45,Midwest,200,9000,2021,1,10,West Gear,2700,Milwaukee
Women's Apparel,35,Midwest,300,10500,2021,1,10,West Gear,4200,Milwaukee
Men's Street Footwear,35,Midwest,550,19250,2021,2,10,West Gear,7700,Milwaukee
Men's Athletic Footwear,35,Midwest,200,7000,2021,2,10,West Gear,2800,Milwaukee
Women's Street Footwear,25,Midwest,250,6250,2021,2,10,West Gear,2188,Milwaukee
Women's Athletic Footwear,30,Midwest,125,3750,2021,2,10,West Gear,1313,Indianapolis
Men's Apparel,45,Midwest,200,9000,2021,2,10,West Gear,2700,Indianapolis
Women's Apparel,20,Midwest,300,6000,2021,2,10,West Gear,2400,Indianapolis
Men's Street Footwear,25,Midwest,520,13000,2021,3,9,West Gear,5200,Indianapolis
Men's Athletic Footwear,25,Midwest,225,5625,2021,3,9,West Gear,2250,Indianapolis
Women's Street Footwear,15,Midwest,275,4125,2021,3,9,West Gear,1444,Indianapolis
Women's Athletic Footwear,20,Midwest,125,2500,2021,3,9,West Gear,875,Indianapolis
Men's Apparel,35,Midwest,175,6125,2021,3,9,West Gear,1838,Indianapolis
Women's Apparel,25,Midwest,275,6875,2021,3,9,West Gear,2750,Indianapolis
Men's Street Footwear,25,Midwest,500,12500,2021,4,10,West Gear,5000,Indianapolis
Men's Athletic Footwear,25,Midwest,200,5000,2021,4,10,West Gear,2000,Indianapolis
Women's Street Footwear,15,Midwest,200,3000,2021,4,10,West Gear,1050,Indianapolis
Women's Athletic Footwear,20,Midwest,125,2500,2021,4,10,West Gear,875,Indianapolis
Men's Apparel,65,Midwest,150,9750,2021,4,10,West Gear,2925,Indianapolis
Women's Apparel,50,Midwest,275,13750,2021,4,10,West Gear,5500,Indianapolis
Men's Street Footwear,60,Midwest,545,32700,2021,5,11,West Gear,13080,Indianapolis
Men's Athletic Footwear,40,Midwest,250,10000,2021,5,11,West Gear,4000,Indianapolis
Women's Street Footwear,35,Midwest,225,7875,2021,5,11,West Gear,2756,Indianapolis
Women's Athletic Footwear,35,Midwest,175,6125,2021,5,11,West Gear,2144,Indianapolis
Men's Apparel,45,Midwest,200,9000,2021,5,11,West Gear,2700,Indianapolis
Women's Apparel,55,Midwest,325,17875,2021,5,11,West Gear,7150,Indianapolis
Men's Street Footwear,40,Midwest,575,23000,2021,6,10,West Gear,9200,Indianapolis
Men's Athletic Footwear,35,Midwest,325,11375,2021,6,10,West Gear,4550,Indianapolis
Women's Street Footwear,30,Midwest,200,6000,2021,6,10,West Gear,2100,Indianapolis
Women's Athletic Footwear,30,Midwest,175,5250,2021,6,10,West Gear,1838,Indianapolis
Men's Apparel,40,Midwest,175,7000,2021,6,10,West Gear,2100,Indianapolis
Women's Apparel,60,Midwest,325,19500,2021,6,10,West Gear,7800,Indianapolis
Men's Street Footwear,55,Midwest,550,30250,2021,7,9,West Gear,12100,Indianapolis
Men's Athletic Footwear,50,Midwest,300,15000,2021,7,9,West Gear,6000,Indianapolis
Women's Street Footwear,45,Midwest,225,10125,2021,7,9,West Gear,3544,Indianapolis
Women's Athletic Footwear,45,Midwest,175,7875,2021,7,9,West Gear,2756,Indianapolis
Men's Apparel,55,Midwest,200,11000,2021,7,9,West Gear,3300,Indianapolis
Women's Apparel,60,Midwest,375,22500,2021,7,9,West Gear,9000,Indianapolis
Men's Street Footwear,50,Midwest,525,26250,2021,8,10,West Gear,10500,Indianapolis
Men's Athletic Footwear,45,Midwest,300,13500,2021,8,10,West Gear,5400,Indianapolis
Women's Street Footwear,40,Midwest,225,9000,2021,8,10,West Gear,3150,Indianapolis
Women's Athletic Footwear,40,Midwest,200,8000,2021,8,10,West Gear,2800,Indianapolis
Men's Apparel,50,Midwest,175,8750,2021,8,10,West Gear,2625,Indianapolis
Women's Apparel,55,Midwest,350,19250,2021,8,10,West Gear,7700,Indianapolis
Men's Street Footwear,35,Midwest,475,16625,2021,9,11,West Gear,6650,Indianapolis
Men's Athletic Footwear,30,Midwest,275,8250,2021,9,11,West Gear,3300,Indianapolis
Women's Street Footwear,25,Midwest,175,4375,2021,9,11,West Gear,1531,Indianapolis
Women's Athletic Footwear,25,Midwest,150,3750,2021,9,11,West Gear,1313,Indianapolis
Men's Apparel,35,Midwest,150,5250,2021,9,11,West Gear,1575,Indianapolis
Women's Apparel,40,Midwest,225,9000,2021,9,11,West Gear,3600,Indianapolis
Men's Street Footwear,45,Midwest,400,18000,2021,10,10,West Gear,7200,Indianapolis
Men's Athletic Footwear,35,Midwest,250,8750,2021,10,10,West Gear,3500,Indianapolis
Women's Street Footwear,35,Midwest,150,5250,2021,10,10,West Gear,1838,Indianapolis
Women's Athletic Footwear,35,Midwest,150,5250,2021,10,10,West Gear,1838,Indianapolis
Men's Apparel,45,Midwest,150,6750,2021,10,10,West Gear,2025,Indianapolis
Women's Apparel,50,Midwest,275,13750,2021,10,10,West Gear,5500,Indianapolis
Men's Street Footwear,45,Midwest,425,19125,2021,11,10,West Gear,7650,Indianapolis
Men's Athletic Footwear,35,Midwest,325,11375,2021,11,10,West Gear,4550,Indianapolis
Women's Street Footwear,35,Midwest,270,9450,2021,11,10,West Gear,3308,Indianapolis
Women's Athletic Footwear,35,Midwest,275,9625,2021,11,10,West Gear,3369,Indianapolis
Men's Apparel,60,Midwest,250,15000,2021,11,10,West Gear,4500,Indianapolis
Women's Apparel,65,Midwest,350,22750,2021,11,10,West Gear,9100,Indianapolis
Men's Street Footwear,60,Midwest,600,36000,2021,12,9,West Gear,14400,Indianapolis
Men's Athletic Footwear,50,Midwest,400,20000,2021,12,9,West Gear,8000,Indianapolis
Women's Street Footwear,50,Midwest,350,17500,2021,12,9,West Gear,6125,Indianapolis
Women's Athletic Footwear,50,Midwest,300,15000,2021,12,9,West Gear,5250,Indianapolis
Men's Apparel,60,Midwest,300,18000,2021,12,9,West Gear,5400,Indianapolis
Women's Apparel,65,Midwest,400,26000,2021,12,9,West Gear,10400,Indianapolis
Men's Street Footwear,35,Midwest,500,17500,2021,1,17,West Gear,7000,Indianapolis
Men's Athletic Footwear,35,Midwest,300,10500,2021,1,17,West Gear,4200,Indianapolis
Women's Street Footwear,25,Midwest,300,7500,2021,1,17,West Gear,3000,Indianapolis
Women's Athletic Footwear,30,Midwest,150,4500,2021,1,17,West Gear,1800,Indianapolis
Men's Apparel,45,Midwest,200,9000,2021,1,17,West Gear,3600,Indianapolis
Women's Apparel,35,Midwest,300,10500,2021,1,17,West Gear,4200,Indianapolis
Men's Street Footwear,35,Midwest,550,19250,2021,2,17,West Gear,7700,Indianapolis
Men's Athletic Footwear,40,Midwest,200,8000,2021,2,17,West Gear,3200,Indianapolis
Women's Street Footwear,30,Midwest,300,9000,2021,2,17,West Gear,3600,Indianapolis
Women's Athletic Footwear,35,Northeast,175,6125,2021,2,17,West Gear,2450,Charleston
Men's Apparel,50,Northeast,250,12500,2021,2,17,West Gear,5000,Charleston
Women's Apparel,25,Northeast,350,8750,2021,2,17,West Gear,3500,Charleston
Men's Street Footwear,30,Northeast,570,17100,2021,3,16,West Gear,6840,Charleston
Men's Athletic Footwear,30,Northeast,275,8250,2021,3,16,West Gear,3300,Charleston
Women's Street Footwear,20,Northeast,325,6500,2021,3,16,West Gear,2600,Charleston
Women's Athletic Footwear,25,Northeast,175,4375,2021,3,16,West Gear,1750,Charleston
Men's Apparel,40,Northeast,225,9000,2021,3,16,West Gear,3600,Charleston
Women's Apparel,30,Northeast,325,9750,2021,3,16,West Gear,3900,Charleston
Men's Street Footwear,30,Northeast,550,16500,2021,4,17,West Gear,6600,Charleston
Men's Athletic Footwear,30,Northeast,250,7500,2021,4,17,West Gear,3000,Charleston
Women's Street Footwear,20,Northeast,250,5000,2021,4,17,West Gear,2000,Charleston
Women's Athletic Footwear,25,Northeast,175,4375,2021,4,17,West Gear,1750,Charleston
Men's Apparel,65,Northeast,200,13000,2021,4,17,West Gear,5200,Charleston
Women's Apparel,50,Northeast,325,16250,2021,4,17,West Gear,6500,Charleston
Men's Street Footwear,60,Northeast,595,35700,2021,5,18,West Gear,14280,Charleston
Men's Athletic Footwear,40,Northeast,300,12000,2021,5,18,West Gear,4800,Charleston
Women's Street Footwear,35,Northeast,275,9625,2021,5,18,West Gear,3850,Charleston
Women's Athletic Footwear,35,Northeast,200,7000,2021,5,18,West Gear,2800,Charleston
Men's Apparel,45,Northeast,225,10125,2021,5,18,West Gear,4050,Charleston
Women's Apparel,55,Northeast,350,19250,2021,5,18,West Gear,7700,Charleston
Men's Street Footwear,45,Northeast,600,27000,2021,6,17,West Gear,10800,Charleston
Men's Athletic Footwear,40,Northeast,425,17000,2021,6,17,West Gear,6800,Charleston
Women's Street Footwear,35,Northeast,300,10500,2021,6,17,West Gear,4200,Charleston
Women's Athletic Footwear,35,Northeast,275,9625,2021,6,17,West Gear,3850,Charleston
Men's Apparel,45,Northeast,275,12375,2021,6,17,West Gear,4950,Charleston
Women's Apparel,65,Northeast,425,27625,2021,6,17,West Gear,11050,Charleston
Men's Street Footwear,60,Northeast,650,39000,2021,7,16,West Gear,15600,Charleston
Men's Athletic Footwear,55,Northeast,400,22000,2021,7,16,West Gear,8800,Charleston
Women's Street Footwear,50,Northeast,325,16250,2021,7,16,West Gear,6500,Charleston
Women's Athletic Footwear,50,Northeast,275,13750,2021,7,16,West Gear,5500,Charleston
Men's Apparel,60,Northeast,300,18000,2021,7,16,West Gear,7200,Charleston
Women's Apparel,65,Northeast,475,30875,2021,7,16,West Gear,12350,Charleston
Men's Street Footwear,50,Northeast,525,26250,2021,8,17,West Gear,10500,Charleston
Men's Athletic Footwear,45,Northeast,300,13500,2021,8,17,West Gear,5400,Charleston
Women's Street Footwear,40,Northeast,300,12000,2021,8,17,West Gear,4800,Charleston
Women's Athletic Footwear,40,Northeast,275,11000,2021,8,17,West Gear,4400,Charleston
Men's Apparel,50,Northeast,250,12500,2021,8,17,West Gear,5000,Charleston
Women's Apparel,55,Northeast,425,23375,2021,8,17,West Gear,9350,Charleston
Men's Street Footwear,35,Northeast,550,19250,2021,9,18,West Gear,7700,Charleston
Men's Athletic Footwear,30,Northeast,350,10500,2021,9,18,West Gear,4200,Charleston
Women's Street Footwear,25,Northeast,250,6250,2021,9,18,West Gear,2500,Charleston
Women's Athletic Footwear,25,Northeast,225,5625,2021,9,18,West Gear,2250,Charleston
Men's Apparel,35,Northeast,225,7875,2021,9,18,West Gear,3150,Charleston
Women's Apparel,40,Northeast,300,12000,2021,9,18,West Gear,4800,Charleston
Men's Street Footwear,45,Northeast,425,19125,2021,10,17,West Gear,7650,Charleston
Men's Athletic Footwear,35,Northeast,275,9625,2021,10,17,West Gear,3850,Charleston
Women's Street Footwear,35,Northeast,175,6125,2021,10,17,West Gear,2450,Charleston
Women's Athletic Footwear,35,Northeast,175,6125,2021,10,17,West Gear,2450,Charleston
Men's Apparel,45,Northeast,175,7875,2021,10,17,West Gear,3150,Charleston
Women's Apparel,50,Northeast,300,15000,2021,10,17,Foot Locker,6000,Charleston
Men's Street Footwear,45,Northeast,450,20250,2021,11,17,Foot Locker,8100,Charleston
Men's Athletic Footwear,35,Northeast,350,12250,2021,11,17,Foot Locker,4900,Charleston
Women's Street Footwear,35,Northeast,295,10325,2021,11,17,Foot Locker,4130,Charleston
Women's Athletic Footwear,40,Northeast,325,13000,2021,11,17,Foot Locker,5200,Charleston
Men's Apparel,65,Northeast,300,19500,2021,11,17,Foot Locker,7800,Charleston
Women's Apparel,70,Northeast,400,28000,2021,11,17,Foot Locker,11200,Charleston
Men's Street Footwear,65,Northeast,650,42250,2021,12,16,Foot Locker,16900,Charleston
Men's Athletic Footwear,55,Northeast,450,24750,2021,12,16,Foot Locker,9900,Charleston
Women's Street Footwear,55,Northeast,400,22000,2021,12,16,West Gear,8800,Charleston
Women's Athletic Footwear,55,Northeast,350,19250,2021,12,16,Foot Locker,7700,Charleston
Men's Apparel,65,Northeast,350,22750,2021,12,16,Foot Locker,9100,Charleston
Women's Apparel,70,Northeast,450,31500,2021,12,16,Foot Locker,12600,Charleston
Men's Street Footwear,35,Northeast,425,14875,2021,1,24,Foot Locker,5950,Charleston
Men's Athletic Footwear,35,Northeast,225,7875,2021,1,24,Foot Locker,2756,Charleston
Women's Street Footwear,25,Northeast,225,5625,2021,1,24,Foot Locker,1969,Charleston
Women's Athletic Footwear,30,Northeast,75,2250,2021,1,24,Foot Locker,788,Charleston
Men's Apparel,45,Northeast,125,5625,2021,1,24,Foot Locker,1688,Charleston
Women's Apparel,35,Northeast,225,7875,2021,1,24,Foot Locker,2363,Charleston
Men's Street Footwear,35,Northeast,475,16625,2021,2,22,Foot Locker,6650,Charleston
Men's Athletic Footwear,35,Northeast,125,4375,2021,2,22,West Gear,1531,Charleston
Women's Street Footwear,25,Northeast,175,4375,2021,2,22,West Gear,1531,Charleston
Women's Athletic Footwear,30,Northeast,50,1500,2021,2,22,West Gear,525,Baltimore
Men's Apparel,45,Northeast,125,5625,2021,2,22,West Gear,1688,Baltimore
Women's Apparel,35,Northeast,225,7875,2021,2,22,West Gear,2363,Baltimore
Men's Street Footwear,35,Northeast,445,15575,2021,3,20,West Gear,6230,Baltimore
Men's Athletic Footwear,35,Northeast,150,5250,2021,3,20,West Gear,1838,Baltimore
Women's Street Footwear,25,Northeast,175,4375,2021,3,20,West Gear,1531,Baltimore
Women's Athletic Footwear,30,Northeast,25,750,2021,3,20,West Gear,263,Baltimore
Men's Apparel,45,Northeast,75,3375,2021,3,20,West Gear,1013,Baltimore
Women's Apparel,35,Northeast,175,6125,2021,3,20,West Gear,1838,Baltimore
Men's Street Footwear,35,Northeast,425,14875,2021,4,21,West Gear,5950,Baltimore
Men's Athletic Footwear,35,Northeast,125,4375,2021,4,21,West Gear,1531,Baltimore
Women's Street Footwear,25,Northeast,125,3125,2021,4,21,West Gear,1094,Baltimore
Women's Athletic Footwear,30,Northeast,50,1500,2021,4,21,West Gear,525,Baltimore
Men's Apparel,45,Northeast,50,2250,2021,4,21,West Gear,675,Baltimore
Women's Apparel,35,Northeast,200,7000,2021,4,21,West Gear,2100,Baltimore
Men's Street Footwear,50,Northeast,470,23500,2021,5,20,West Gear,9400,Baltimore
Men's Athletic Footwear,45,Northeast,175,7875,2021,5,20,West Gear,2756,Baltimore
Women's Street Footwear,40,Northeast,150,6000,2021,5,20,West Gear,2100,Baltimore
Women's Athletic Footwear,40,Northeast,100,4000,2021,5,20,West Gear,1400,Baltimore
Men's Apparel,50,Northeast,125,6250,2021,5,20,West Gear,1875,Baltimore
Women's Apparel,55,Northeast,250,13750,2021,5,20,West Gear,4125,Baltimore
Men's Street Footwear,50,Northeast,500,25000,2021,6,22,West Gear,10000,Baltimore
Men's Athletic Footwear,45,Northeast,250,11250,2021,6,22,West Gear,3938,Baltimore
Women's Street Footwear,40,Northeast,175,7000,2021,6,22,Foot Locker,2450,Baltimore
Women's Athletic Footwear,40,Northeast,150,6000,2021,6,22,Foot Locker,2100,Baltimore
Men's Apparel,50,Northeast,150,7500,2021,6,22,Foot Locker,2250,Baltimore
Women's Apparel,55,Northeast,300,16500,2021,6,22,Foot Locker,4950,Baltimore
Men's Street Footwear,50,Northeast,525,26250,2021,7,20,Foot Locker,10500,Baltimore
Men's Athletic Footwear,45,Northeast,275,12375,2021,7,20,Sports Direct,4331,Baltimore
Women's Street Footwear,40,Northeast,200,8000,2021,7,20,Sports Direct,2800,Baltimore
Women's Athletic Footwear,40,Northeast,150,6000,2021,7,20,Sports Direct,2100,Baltimore
Men's Apparel,50,Northeast,175,8750,2021,7,20,Sports Direct,2625,Baltimore
Women's Apparel,55,Northeast,350,19250,2021,7,20,Sports Direct,5775,Baltimore
Men's Street Footwear,50,Northeast,500,25000,2021,8,21,Sports Direct,10000,Baltimore
Men's Athletic Footwear,45,Northeast,275,12375,2021,8,21,Sports Direct,4331,Baltimore
Women's Street Footwear,40,Northeast,200,8000,2021,8,21,Sports Direct,2800,Baltimore
Women's Athletic Footwear,40,Northeast,150,6000,2021,8,21,Sports Direct,2100,Baltimore
Men's Apparel,50,Northeast,125,6250,2021,8,21,Sports Direct,1875,Baltimore
Women's Apparel,55,Northeast,300,16500,2021,8,21,Sports Direct,4950,Baltimore
Men's Street Footwear,50,Northeast,425,21250,2021,9,20,Sports Direct,8500,Baltimore
Men's Athletic Footwear,45,Northeast,225,10125,2021,9,20,Sports Direct,3544,Baltimore
Women's Street Footwear,40,Northeast,125,5000,2021,9,20,Sports Direct,1750,Baltimore
Women's Athletic Footwear,40,Northeast,100,4000,2021,9,20,Sports Direct,1400,Baltimore
Men's Apparel,50,Northeast,100,5000,2021,9,20,Sports Direct,1500,Baltimore
Women's Apparel,55,Northeast,200,11000,2021,9,20,Sports Direct,3300,Baltimore
Men's Street Footwear,55,Northeast,375,20625,2021,10,22,Sports Direct,8250,Baltimore
Men's Athletic Footwear,50,Northeast,200,10000,2021,10,22,Sports Direct,3500,Baltimore
Women's Street Footwear,50,Northeast,100,5000,2021,10,22,Sports Direct,1750,Baltimore
Women's Athletic Footwear,50,Northeast,75,3750,2021,10,22,Foot Locker,1313,Baltimore
Men's Apparel,60,Northeast,75,4500,2021,10,22,Foot Locker,1350,Baltimore
Women's Apparel,65,Northeast,200,13000,2021,10,22,Foot Locker,3900,Baltimore
Men's Street Footwear,60,Northeast,350,21000,2021,11,21,Foot Locker,8400,Baltimore
Men's Athletic Footwear,50,Northeast,175,8750,2021,11,21,Foot Locker,3063,Baltimore
Women's Street Footwear,50,Northeast,170,8500,2021,11,21,Foot Locker,2975,Baltimore
Women's Athletic Footwear,50,Northeast,150,7500,2021,11,21,Foot Locker,2625,Baltimore
Men's Apparel,60,Northeast,125,7500,2021,11,21,Foot Locker,2250,Baltimore
Women's Apparel,65,Northeast,225,14625,2021,11,21,Foot Locker,4388,Baltimore
Men's Street Footwear,60,Northeast,450,27000,2021,12,20,Foot Locker,10800,Baltimore
Men's Athletic Footwear,50,Northeast,250,12500,2021,12,20,Foot Locker,4375,Baltimore
Women's Street Footwear,50,Northeast,225,11250,2021,12,20,Foot Locker,3938,Baltimore
Women's Athletic Footwear,50,Northeast,175,8750,2021,12,20,Foot Locker,3063,Baltimore
Men's Apparel,60,Northeast,175,10500,2021,12,20,Foot Locker,3150,Baltimore
Women's Apparel,65,Northeast,275,17875,2021,12,20,Foot Locker,5363,Baltimore
Men's Street Footwear,40,Northeast,525,21000,2021,1,17,Foot Locker,7350,Baltimore
Men's Athletic Footwear,40,Northeast,325,13000,2021,1,17,Foot Locker,4550,Baltimore
Women's Street Footwear,30,Northeast,325,9750,2021,1,17,Foot Locker,3900,Baltimore
Women's Athletic Footwear,35,Northeast,175,6125,2021,1,17,Foot Locker,2450,Baltimore
Men's Apparel,50,Northeast,225,11250,2021,1,17,Foot Locker,3375,Baltimore
Women's Apparel,40,Northeast,325,13000,2021,1,17,Foot Locker,5200,Baltimore
Men's Street Footwear,40,Northeast,575,23000,2021,2,15,Foot Locker,8050,Baltimore
Men's Athletic Footwear,40,Northeast,225,9000,2021,2,15,Foot Locker,3150,Baltimore
Women's Street Footwear,30,Northeast,275,8250,2021,2,15,Foot Locker,3300,Baltimore
Women's Athletic Footwear,35,Northeast,150,5250,2021,2,15,Foot Locker,2100,Wilmington
Men's Apparel,50,Northeast,225,11250,2021,2,15,Foot Locker,3375,Wilmington
Women's Apparel,40,Northeast,325,13000,2021,2,15,Foot Locker,5200,Wilmington
Men's Street Footwear,40,Northeast,545,21800,2021,3,13,Foot Locker,7630,Wilmington
Men's Athletic Footwear,40,Northeast,250,10000,2021,3,13,Foot Locker,3500,Wilmington
Women's Street Footwear,30,Northeast,275,8250,2021,3,13,Foot Locker,3300,Wilmington
Women's Athletic Footwear,35,Northeast,125,4375,2021,3,13,Foot Locker,1750,Wilmington
Men's Apparel,50,Northeast,175,8750,2021,3,13,Foot Locker,2625,Wilmington
Women's Apparel,40,Northeast,275,11000,2021,3,13,Foot Locker,4400,Wilmington
Men's Street Footwear,40,Northeast,525,21000,2021,4,14,Foot Locker,7350,Wilmington
Men's Athletic Footwear,40,Northeast,225,9000,2021,4,14,Foot Locker,3150,Wilmington
Women's Street Footwear,30,Northeast,225,6750,2021,4,14,Foot Locker,2700,Wilmington
Women's Athletic Footwear,35,Northeast,150,5250,2021,4,14,Foot Locker,2100,Wilmington
Men's Apparel,50,Northeast,150,7500,2021,4,14,Foot Locker,2250,Wilmington
Women's Apparel,40,Northeast,300,12000,2021,4,14,Foot Locker,4800,Wilmington
Men's Street Footwear,55,Northeast,570,31350,2021,5,13,Foot Locker,10973,Wilmington
Men's Athletic Footwear,50,Northeast,275,13750,2021,5,13,Foot Locker,4813,Wilmington
Women's Street Footwear,45,Northeast,300,13500,2021,5,13,Foot Locker,5400,Wilmington
Women's Athletic Footwear,45,Northeast,250,11250,2021,5,13,Foot Locker,4500,Wilmington
Men's Apparel,55,Northeast,275,15125,2021,5,13,Foot Locker,4538,Wilmington
Women's Apparel,60,Northeast,400,24000,2021,5,13,Foot Locker,9600,Wilmington
Men's Street Footwear,55,Northeast,650,35750,2021,6,15,Foot Locker,12513,Wilmington
Men's Athletic Footwear,50,Northeast,400,20000,2021,6,15,Foot Locker,7000,Wilmington
Women's Street Footwear,45,Northeast,325,14625,2021,6,15,Foot Locker,5850,Wilmington
Women's Athletic Footwear,45,Northeast,300,13500,2021,6,15,Foot Locker,5400,Wilmington
Men's Apparel,55,Northeast,300,16500,2021,6,15,Foot Locker,4950,Wilmington
Women's Apparel,60,Northeast,450,27000,2021,6,15,Foot Locker,10800,Wilmington
Men's Street Footwear,55,Northeast,675,37125,2021,7,13,Foot Locker,12994,Wilmington
Men's Athletic Footwear,50,Northeast,425,21250,2021,7,13,Foot Locker,7438,Wilmington
Women's Street Footwear,45,Northeast,350,15750,2021,7,13,Foot Locker,6300,Wilmington
Women's Athletic Footwear,45,Northeast,300,13500,2021,7,13,Foot Locker,5400,Wilmington
Men's Apparel,55,Northeast,325,17875,2021,7,13,Foot Locker,5363,Wilmington
Women's Apparel,60,Northeast,500,30000,2021,7,13,Foot Locker,12000,Wilmington
Men's Street Footwear,55,Northeast,650,35750,2021,8,14,Foot Locker,12513,Wilmington
Men's Athletic Footwear,50,Northeast,425,21250,2021,8,14,Foot Locker,7438,Wilmington
Women's Street Footwear,45,Northeast,350,15750,2021,8,14,Foot Locker,6300,Wilmington
Women's Athletic Footwear,45,Northeast,250,11250,2021,8,14,Foot Locker,4500,Wilmington
Men's Apparel,55,Northeast,225,12375,2021,8,14,Foot Locker,3713,Wilmington
Women's Apparel,60,Northeast,400,24000,2021,8,14,Foot Locker,9600,Wilmington
Men's Street Footwear,55,Northeast,525,28875,2021,9,13,Foot Locker,10106,Wilmington
Men's Athletic Footwear,50,Northeast,325,16250,2021,9,13,Foot Locker,5688,Wilmington
Women's Street Footwear,45,Northeast,225,10125,2021,9,13,Foot Locker,4050,Wilmington
Women's Athletic Footwear,45,Northeast,200,9000,2021,9,13,Foot Locker,3600,Wilmington
Men's Apparel,55,Northeast,200,11000,2021,9,13,Foot Locker,3300,Wilmington
Women's Apparel,60,Northeast,300,18000,2021,9,13,Foot Locker,7200,Wilmington
Men's Street Footwear,60,Northeast,475,28500,2021,10,15,Foot Locker,9975,Wilmington
Men's Athletic Footwear,55,Northeast,300,16500,2021,10,15,Foot Locker,5775,Wilmington
Women's Street Footwear,55,Northeast,200,11000,2021,10,15,Foot Locker,4400,Wilmington
Women's Athletic Footwear,55,Northeast,175,9625,2021,10,15,Foot Locker,3850,Wilmington
Men's Apparel,65,Northeast,175,11375,2021,10,15,Foot Locker,3413,Wilmington
Women's Apparel,70,Northeast,300,21000,2021,10,15,Kohl'S,8400,Wilmington
Men's Street Footwear,65,Northeast,450,29250,2021,11,14,Kohl'S,10238,Wilmington
Men's Athletic Footwear,55,Northeast,325,17875,2021,11,14,Kohl'S,6256,Wilmington
Women's Street Footwear,55,Northeast,320,17600,2021,11,14,Kohl'S,7040,Wilmington
Women's Athletic Footwear,55,Northeast,300,16500,2021,11,14,Kohl'S,6600,Wilmington
Men's Apparel,65,Northeast,275,17875,2021,11,14,Kohl'S,5363,Wilmington
Women's Apparel,70,Northeast,375,26250,2021,11,14,Kohl'S,10500,Wilmington
Men's Street Footwear,65,Northeast,600,39000,2021,12,13,Kohl'S,13650,Wilmington
Men's Athletic Footwear,55,Northeast,400,22000,2021,12,13,Kohl'S,7700,Wilmington
Women's Street Footwear,55,Northeast,375,20625,2021,12,13,Kohl'S,8250,Wilmington
Women's Athletic Footwear,55,Northeast,325,17875,2021,12,13,Kohl'S,7150,Wilmington
Men's Apparel,65,Northeast,325,21125,2021,12,13,Kohl'S,6338,Wilmington
Women's Apparel,70,Northeast,425,29750,2021,12,13,Kohl'S,11900,Wilmington
Men's Street Footwear,35,Northeast,475,16625,2021,1,10,Kohl'S,5819,Wilmington
Men's Athletic Footwear,35,Northeast,275,9625,2021,1,10,Kohl'S,3369,Wilmington
Women's Street Footwear,25,Northeast,275,6875,2021,1,10,Kohl'S,2750,Wilmington
Women's Athletic Footwear,30,Northeast,125,3750,2021,1,10,Kohl'S,1500,Wilmington
Men's Apparel,45,Northeast,175,7875,2021,1,10,Kohl'S,2363,Wilmington
Women's Apparel,35,Northeast,275,9625,2021,1,10,Kohl'S,3850,Wilmington
Men's Street Footwear,35,Northeast,525,18375,2021,2,8,Kohl'S,6431,Wilmington
Men's Athletic Footwear,35,Northeast,175,6125,2021,2,8,Kohl'S,2144,Wilmington
Women's Street Footwear,25,Northeast,225,5625,2021,2,8,Kohl'S,2250,Wilmington
Women's Athletic Footwear,30,Northeast,100,3000,2021,2,8,Kohl'S,1200,Newark
Men's Apparel,45,Northeast,175,7875,2021,2,8,Kohl'S,2363,Newark
Women's Apparel,35,Northeast,275,9625,2021,2,8,Kohl'S,3850,Newark
Men's Street Footwear,35,Northeast,495,17325,2021,3,6,Kohl'S,6064,Newark
Men's Athletic Footwear,35,Northeast,200,7000,2021,3,6,Kohl'S,2450,Newark
Women's Street Footwear,25,Northeast,225,5625,2021,3,6,Kohl'S,2250,Newark
Women's Athletic Footwear,30,Northeast,75,2250,2021,3,6,Kohl'S,900,Newark
Men's Apparel,45,Northeast,125,5625,2021,3,6,Kohl'S,1688,Newark
Women's Apparel,35,Northeast,225,7875,2021,3,6,Kohl'S,3150,Newark
Men's Street Footwear,35,Northeast,475,16625,2021,4,7,Kohl'S,5819,Newark
Men's Athletic Footwear,35,Northeast,175,6125,2021,4,7,Kohl'S,2144,Newark
Women's Street Footwear,25,Northeast,175,4375,2021,4,7,Kohl'S,1750,Newark
Women's Athletic Footwear,30,Northeast,100,3000,2021,4,7,Kohl'S,1200,Newark
Men's Apparel,45,Northeast,100,4500,2021,4,7,Kohl'S,1350,Newark
Women's Apparel,35,Northeast,250,8750,2021,4,7,Kohl'S,3500,Newark
Men's Street Footwear,50,Northeast,520,26000,2021,5,6,Kohl'S,9100,Newark
Men's Athletic Footwear,45,Northeast,225,10125,2021,5,6,Kohl'S,3544,Newark
Women's Street Footwear,40,Northeast,250,10000,2021,5,6,Kohl'S,4000,Newark
Women's Athletic Footwear,40,Northeast,200,8000,2021,5,6,Kohl'S,3200,Newark
Men's Apparel,50,Northeast,225,11250,2021,5,6,Kohl'S,3375,Newark
Women's Apparel,55,Northeast,350,19250,2021,5,6,Kohl'S,7700,Newark
Men's Street Footwear,50,Northeast,600,30000,2021,6,8,Kohl'S,10500,Newark
Men's Athletic Footwear,45,Northeast,350,15750,2021,6,8,Kohl'S,5513,Newark
Women's Street Footwear,40,Northeast,275,11000,2021,6,8,Kohl'S,4400,Newark
Women's Athletic Footwear,40,Northeast,250,10000,2021,6,8,Kohl'S,4000,Newark
Men's Apparel,50,Northeast,250,12500,2021,6,8,Kohl'S,3750,Newark
Women's Apparel,55,Northeast,400,22000,2021,6,8,Kohl'S,8800,Newark
Men's Street Footwear,50,Northeast,625,31250,2021,7,6,Kohl'S,10938,Newark
Men's Athletic Footwear,45,Northeast,375,16875,2021,7,6,Kohl'S,5906,Newark
Women's Street Footwear,40,Northeast,300,12000,2021,7,6,Kohl'S,4800,Newark
Women's Athletic Footwear,40,Northeast,250,10000,2021,7,6,Kohl'S,4000,Newark
Men's Apparel,50,Northeast,275,13750,2021,7,6,Kohl'S,4125,Newark
Women's Apparel,55,Northeast,450,24750,2021,7,6,Kohl'S,9900,Newark
Men's Street Footwear,50,Northeast,600,30000,2021,8,7,Kohl'S,10500,Newark
Men's Athletic Footwear,45,Northeast,375,16875,2021,8,7,Kohl'S,5906,Newark
Women's Street Footwear,40,Northeast,300,12000,2021,8,7,Kohl'S,4800,Newark
Women's Athletic Footwear,40,Northeast,200,8000,2021,8,7,Kohl'S,3200,Newark
Men's Apparel,50,Northeast,175,8750,2021,8,7,Kohl'S,2625,Newark
Women's Apparel,55,Northeast,350,19250,2021,8,7,Kohl'S,7700,Newark
Men's Street Footwear,50,Northeast,475,23750,2021,9,6,Kohl'S,8313,Newark
Men's Athletic Footwear,45,Northeast,275,12375,2021,9,6,Kohl'S,4331,Newark
Women's Street Footwear,40,Northeast,175,7000,2021,9,6,Kohl'S,2800,Newark
Women's Athletic Footwear,40,Northeast,150,6000,2021,9,6,Kohl'S,2400,Newark
Men's Apparel,50,Northeast,150,7500,2021,9,6,Kohl'S,2250,Newark
Women's Apparel,55,Northeast,250,13750,2021,9,6,Kohl'S,5500,Newark
Men's Street Footwear,55,Northeast,425,23375,2021,10,8,Kohl'S,8181,Newark
Men's Athletic Footwear,50,Northeast,250,12500,2021,10,8,Kohl'S,4375,Newark
Women's Street Footwear,50,Northeast,150,7500,2021,10,8,Kohl'S,3000,Newark
Women's Athletic Footwear,50,Northeast,125,6250,2021,10,8,Kohl'S,2500,Newark
Men's Apparel,60,Northeast,125,7500,2021,10,8,Kohl'S,2250,Newark
Women's Apparel,65,Northeast,250,16250,2021,10,8,Sports Direct,6500,Newark
Men's Street Footwear,60,Northeast,400,24000,2021,11,7,Sports Direct,8400,Newark
Men's Athletic Footwear,50,Northeast,275,13750,2021,11,7,Sports Direct,4813,Newark
Women's Street Footwear,50,Northeast,270,13500,2021,11,7,Sports Direct,5400,Newark
Women's Athletic Footwear,50,Northeast,250,12500,2021,11,7,Sports Direct,5000,Newark
Men's Apparel,60,Northeast,225,13500,2021,11,7,Sports Direct,4050,Newark
Women's Apparel,65,Northeast,325,21125,2021,11,7,Sports Direct,8450,Newark
Men's Street Footwear,60,Northeast,550,33000,2021,12,6,Sports Direct,11550,Newark
Men's Athletic Footwear,50,Northeast,350,17500,2021,12,6,Sports Direct,6125,Newark
Women's Street Footwear,50,Northeast,325,16250,2021,12,6,Sports Direct,6500,Newark
Women's Athletic Footwear,50,Northeast,275,13750,2021,12,6,Sports Direct,5500,Newark
Men's Apparel,60,Northeast,275,16500,2021,12,6,Sports Direct,4950,Newark
Women's Apparel,65,Northeast,375,24375,2021,12,6,Sports Direct,9750,Newark
Men's Street Footwear,40,Northeast,500,20000,2021,1,7,Sports Direct,8000,Newark
Men's Athletic Footwear,40,Northeast,300,12000,2021,1,7,Sports Direct,4800,Newark
Women's Street Footwear,30,Northeast,300,9000,2021,1,7,Sports Direct,2700,Newark
Women's Athletic Footwear,35,Northeast,150,5250,2021,1,7,Sports Direct,1575,Newark
Men's Apparel,50,Northeast,200,10000,2021,1,7,Sports Direct,3000,Newark
Women's Apparel,40,Northeast,300,12000,2021,1,7,Sports Direct,4200,Newark
Men's Street Footwear,40,Northeast,550,22000,2021,2,5,Sports Direct,8800,Newark
Men's Athletic Footwear,40,Northeast,200,8000,2021,2,5,Sports Direct,3200,Newark
Women's Street Footwear,30,Northeast,250,7500,2021,2,5,Sports Direct,2250,Newark
Women's Athletic Footwear,35,Northeast,125,4375,2021,2,5,Sports Direct,1313,Hartford
Men's Apparel,50,Northeast,200,10000,2021,2,5,Sports Direct,3000,Hartford
Women's Apparel,40,Northeast,300,12000,2021,2,5,Sports Direct,4200,Hartford
Men's Street Footwear,40,Northeast,520,20800,2021,3,3,Sports Direct,8320,Hartford
Men's Athletic Footwear,40,Northeast,225,9000,2021,3,3,Sports Direct,3600,Hartford
Women's Street Footwear,30,Northeast,250,7500,2021,3,3,Sports Direct,2250,Hartford
Women's Athletic Footwear,35,Northeast,100,3500,2021,3,3,Sports Direct,1050,Hartford
Men's Apparel,50,Northeast,150,7500,2021,3,3,Sports Direct,2250,Hartford
Women's Apparel,40,Northeast,250,10000,2021,3,3,Sports Direct,3500,Hartford
Men's Street Footwear,40,Northeast,500,20000,2021,4,4,Sports Direct,8000,Hartford
Men's Athletic Footwear,40,Northeast,200,8000,2021,4,4,Sports Direct,3200,Hartford
Women's Street Footwear,30,Northeast,200,6000,2021,4,4,Sports Direct,1800,Hartford
Women's Athletic Footwear,35,Northeast,125,4375,2021,4,4,Sports Direct,1313,Hartford
Men's Apparel,50,Northeast,125,6250,2021,4,4,Sports Direct,1875,Hartford
Women's Apparel,40,Northeast,275,11000,2021,4,4,Sports Direct,3850,Hartford
Men's Street Footwear,55,Northeast,545,29975,2021,5,3,Sports Direct,11990,Hartford
Men's Athletic Footwear,50,Northeast,250,12500,2021,5,3,Sports Direct,5000,Hartford
Women's Street Footwear,45,Northeast,275,12375,2021,5,3,Sports Direct,3713,Hartford
Women's Athletic Footwear,45,Northeast,225,10125,2021,5,3,Sports Direct,3038,Hartford
Men's Apparel,55,Northeast,250,13750,2021,5,3,Sports Direct,4125,Hartford
Women's Apparel,60,Northeast,375,22500,2021,5,3,Sports Direct,7875,Hartford
Men's Street Footwear,55,Northeast,625,34375,2021,6,5,Sports Direct,13750,Hartford
Men's Athletic Footwear,50,Northeast,375,18750,2021,6,5,Sports Direct,7500,Hartford
Women's Street Footwear,45,Northeast,300,13500,2021,6,5,Sports Direct,4050,Hartford
Women's Athletic Footwear,45,Northeast,275,12375,2021,6,5,Sports Direct,3713,Hartford
Men's Apparel,55,Northeast,275,15125,2021,6,5,Sports Direct,4538,Hartford
Women's Apparel,60,Northeast,425,25500,2021,6,5,Sports Direct,8925,Hartford
Men's Street Footwear,55,Northeast,650,35750,2021,7,3,Sports Direct,14300,Hartford
Men's Athletic Footwear,50,Northeast,400,20000,2021,7,3,Sports Direct,8000,Hartford
Women's Street Footwear,45,Northeast,325,14625,2021,7,3,Sports Direct,4388,Hartford
Women's Athletic Footwear,45,Northeast,275,12375,2021,7,3,Sports Direct,3713,Hartford
Men's Apparel,55,Northeast,300,16500,2021,7,3,Sports Direct,4950,Hartford
Women's Apparel,60,Northeast,475,28500,2021,7,3,Sports Direct,9975,Hartford
Men's Street Footwear,55,Northeast,625,34375,2021,8,4,Sports Direct,13750,Hartford
Men's Athletic Footwear,50,Northeast,400,20000,2021,8,4,Sports Direct,8000,Hartford
Women's Street Footwear,45,Northeast,325,14625,2021,8,4,Sports Direct,4388,Hartford
Women's Athletic Footwear,45,Northeast,225,10125,2021,8,4,Sports Direct,3038,Hartford
Men's Apparel,55,Northeast,200,11000,2021,8,4,Sports Direct,3300,Hartford
Women's Apparel,60,Northeast,375,22500,2021,8,4,Sports Direct,7875,Hartford
Men's Street Footwear,55,Northeast,500,27500,2021,9,3,Sports Direct,11000,Hartford
Men's Athletic Footwear,50,Northeast,300,15000,2021,9,3,Sports Direct,6000,Hartford
Women's Street Footwear,45,Northeast,200,9000,2021,9,3,Sports Direct,2700,Hartford
Women's Athletic Footwear,45,Northeast,175,7875,2021,9,3,Sports Direct,2363,Hartford
Men's Apparel,55,Northeast,175,9625,2021,9,3,Sports Direct,2888,Hartford
Women's Apparel,60,Northeast,275,16500,2021,9,3,Sports Direct,5775,Hartford
Men's Street Footwear,60,Northeast,450,27000,2021,10,5,Sports Direct,10800,Hartford
Men's Athletic Footwear,55,Northeast,275,15125,2021,10,5,Sports Direct,6050,Hartford
Women's Street Footwear,55,Northeast,175,9625,2021,10,5,Sports Direct,2888,Hartford
Women's Athletic Footwear,55,Northeast,150,8250,2021,10,5,Sports Direct,2475,Hartford
Men's Apparel,65,Northeast,150,9750,2021,10,5,Sports Direct,2925,Hartford
Women's Apparel,70,Northeast,275,19250,2021,10,5,Foot Locker,6738,Hartford
Men's Street Footwear,65,Northeast,425,27625,2021,11,4,Foot Locker,11050,Hartford
Men's Athletic Footwear,55,Northeast,300,16500,2021,11,4,Foot Locker,6600,Hartford
Women's Street Footwear,55,Northeast,295,16225,2021,11,4,Foot Locker,4868,Hartford
Women's Athletic Footwear,55,Northeast,275,15125,2021,11,4,Foot Locker,4538,Hartford
Men's Apparel,65,Northeast,250,16250,2021,11,4,Foot Locker,4875,Hartford
Women's Apparel,70,Northeast,350,24500,2021,11,4,Foot Locker,8575,Hartford
Men's Street Footwear,65,Northeast,575,37375,2021,12,3,Foot Locker,14950,Hartford
Men's Athletic Footwear,55,Northeast,375,20625,2021,12,3,Foot Locker,8250,Hartford
Women's Street Footwear,55,Northeast,350,19250,2021,12,3,Foot Locker,5775,Hartford
Women's Athletic Footwear,55,Northeast,300,16500,2021,12,3,Foot Locker,4950,Hartford
Men's Apparel,65,Northeast,300,19500,2021,12,3,Foot Locker,5850,Hartford
Women's Apparel,70,Northeast,400,28000,2021,12,3,Foot Locker,9800,Hartford
Men's Street Footwear,35,Northeast,425,14875,2021,1,10,Foot Locker,5206,Hartford
Men's Athletic Footwear,35,Northeast,225,7875,2021,1,10,Foot Locker,2756,Hartford
Women's Street Footwear,25,Northeast,225,5625,2021,1,10,Foot Locker,2250,Hartford
Women's Athletic Footwear,30,Northeast,75,2250,2021,1,10,Foot Locker,900,Hartford
Men's Apparel,45,Northeast,125,5625,2021,1,10,Foot Locker,1688,Hartford
Women's Apparel,35,Northeast,225,7875,2021,1,10,Foot Locker,3150,Hartford
Men's Street Footwear,35,Northeast,475,16625,2021,2,8,Foot Locker,5819,Hartford
Men's Athletic Footwear,35,Northeast,125,4375,2021,2,8,Foot Locker,1531,Hartford
Women's Street Footwear,25,Northeast,175,4375,2021,2,8,Foot Locker,1750,Hartford
Women's Athletic Footwear,30,Northeast,50,1500,2021,2,8,Foot Locker,600,Providence
Men's Apparel,45,Northeast,125,5625,2021,2,8,Foot Locker,1688,Providence
Women's Apparel,35,Northeast,225,7875,2021,2,8,Foot Locker,3150,Providence
Men's Street Footwear,35,Northeast,445,15575,2021,3,6,Foot Locker,5451,Providence
Men's Athletic Footwear,35,Northeast,150,5250,2021,3,6,Foot Locker,1838,Providence
Women's Street Footwear,25,Northeast,175,4375,2021,3,6,Foot Locker,1750,Providence
Women's Athletic Footwear,30,Northeast,25,750,2021,3,6,Foot Locker,300,Providence
Men's Apparel,45,Northeast,75,3375,2021,3,6,Foot Locker,1013,Providence
Women's Apparel,35,Northeast,175,6125,2021,3,6,Foot Locker,2450,Providence
Men's Street Footwear,35,Northeast,425,14875,2021,4,7,Foot Locker,5206,Providence
Men's Athletic Footwear,35,Northeast,125,4375,2021,4,7,Foot Locker,1531,Providence
Women's Street Footwear,25,Northeast,125,3125,2021,4,7,Foot Locker,1250,Providence
Women's Athletic Footwear,30,Northeast,50,1500,2021,4,7,Foot Locker,600,Providence
Men's Apparel,45,Northeast,50,2250,2021,4,7,Foot Locker,675,Providence
Women's Apparel,35,Northeast,200,7000,2021,4,7,Foot Locker,2800,Providence
Men's Street Footwear,50,Northeast,470,23500,2021,5,6,Foot Locker,8225,Providence
Men's Athletic Footwear,45,Northeast,175,7875,2021,5,6,Foot Locker,2756,Providence
Women's Street Footwear,40,Northeast,200,8000,2021,5,6,Foot Locker,3200,Providence
Women's Athletic Footwear,40,Northeast,150,6000,2021,5,6,Foot Locker,2400,Providence
Men's Apparel,50,Northeast,175,8750,2021,5,6,Foot Locker,2625,Providence
Women's Apparel,55,Northeast,300,16500,2021,5,6,Foot Locker,6600,Providence
Men's Street Footwear,50,Northeast,550,27500,2021,6,8,Foot Locker,9625,Providence
Men's Athletic Footwear,45,Northeast,300,13500,2021,6,8,Foot Locker,4725,Providence
Women's Street Footwear,40,Northeast,225,9000,2021,6,8,Foot Locker,3600,Providence
Women's Athletic Footwear,40,Northeast,200,8000,2021,6,8,Foot Locker,3200,Providence
Men's Apparel,50,Northeast,200,10000,2021,6,8,Foot Locker,3000,Providence
Women's Apparel,55,Northeast,350,19250,2021,6,8,Foot Locker,7700,Providence
Men's Street Footwear,50,Northeast,575,28750,2021,7,6,Foot Locker,10063,Providence
Men's Athletic Footwear,45,Northeast,325,14625,2021,7,6,Foot Locker,5119,Providence
Women's Street Footwear,40,Northeast,250,10000,2021,7,6,Foot Locker,4000,Providence
Women's Athletic Footwear,40,Northeast,200,8000,2021,7,6,Foot Locker,3200,Providence
Men's Apparel,50,Northeast,225,11250,2021,7,6,Foot Locker,3375,Providence
Women's Apparel,55,Northeast,400,22000,2021,7,6,Foot Locker,8800,Providence
Men's Street Footwear,50,Northeast,550,27500,2021,8,7,Foot Locker,9625,Providence
Men's Athletic Footwear,45,Northeast,325,14625,2021,8,7,Foot Locker,5119,Providence
Women's Street Footwear,40,Northeast,250,10000,2021,8,7,Foot Locker,4000,Providence
Women's Athletic Footwear,40,Northeast,150,6000,2021,8,7,Foot Locker,2400,Providence
Men's Apparel,50,Northeast,125,6250,2021,8,7,Foot Locker,1875,Providence
Women's Apparel,55,Northeast,300,16500,2021,8,7,Foot Locker,6600,Providence
Men's Street Footwear,50,Northeast,425,21250,2021,9,6,Foot Locker,7438,Providence
Men's Athletic Footwear,45,Northeast,225,10125,2021,9,6,Foot Locker,3544,Providence
Women's Street Footwear,40,Northeast,125,5000,2021,9,6,Foot Locker,2000,Providence
Women's Athletic Footwear,40,Northeast,100,4000,2021,9,6,Foot Locker,1600,Providence
Men's Apparel,50,Northeast,100,5000,2021,9,6,Foot Locker,1500,Providence
Women's Apparel,55,Northeast,200,11000,2021,9,6,Foot Locker,4400,Providence
Men's Street Footwear,55,Northeast,375,20625,2021,10,8,Foot Locker,7219,Providence
Men's Athletic Footwear,50,Northeast,200,10000,2021,10,8,Foot Locker,3500,Providence
Women's Street Footwear,50,Northeast,100,5000,2021,10,8,Foot Locker,2000,Providence
Women's Athletic Footwear,50,Northeast,75,3750,2021,10,8,Foot Locker,1500,Providence
Men's Apparel,60,Northeast,75,4500,2021,10,8,Foot Locker,1350,Providence
Women's Apparel,65,Northeast,200,13000,2021,10,8,Sports Direct,5200,Providence
Men's Street Footwear,60,Northeast,350,21000,2021,11,7,Sports Direct,7350,Providence
Men's Athletic Footwear,50,Northeast,225,11250,2021,11,7,Sports Direct,3938,Providence
Women's Street Footwear,50,Northeast,220,11000,2021,11,7,Sports Direct,4400,Providence
Women's Athletic Footwear,50,Northeast,200,10000,2021,11,7,Sports Direct,4000,Providence
Men's Apparel,60,Northeast,175,10500,2021,11,7,Sports Direct,3150,Providence
Women's Apparel,65,Northeast,275,17875,2021,11,7,Sports Direct,7150,Providence
Men's Street Footwear,60,Northeast,500,30000,2021,12,6,Sports Direct,10500,Providence
Men's Athletic Footwear,50,Northeast,300,15000,2021,12,6,Sports Direct,5250,Providence
Women's Street Footwear,50,Northeast,275,13750,2021,12,6,Sports Direct,5500,Providence
Women's Athletic Footwear,50,Northeast,225,11250,2021,12,6,Sports Direct,4500,Providence
Men's Apparel,60,Northeast,225,13500,2021,12,6,Sports Direct,4050,Providence
Women's Apparel,65,Northeast,325,21125,2021,12,6,Sports Direct,8450,Providence
Men's Street Footwear,40,Northeast,450,18000,2021,1,17,Sports Direct,5400,Providence
Men's Athletic Footwear,40,Northeast,250,10000,2021,1,17,Sports Direct,3000,Providence
Women's Street Footwear,30,Northeast,250,7500,2021,1,17,Sports Direct,1875,Providence
Women's Athletic Footwear,35,Northeast,100,3500,2021,1,17,Sports Direct,875,Providence
Men's Apparel,50,Northeast,150,7500,2021,1,17,Sports Direct,1875,Providence
Women's Apparel,40,Northeast,250,10000,2021,1,17,Sports Direct,3000,Providence
Men's Street Footwear,40,Northeast,500,20000,2021,2,15,Sports Direct,6000,Providence
Men's Athletic Footwear,40,Northeast,150,6000,2021,2,15,Sports Direct,1800,Providence
Women's Street Footwear,30,Northeast,200,6000,2021,2,15,Sports Direct,1500,Providence
Women's Athletic Footwear,35,Northeast,250,8750,2021,2,15,Sports Direct,2188,Boston
Men's Apparel,50,Northeast,150,7500,2021,2,15,Sports Direct,1875,Boston
Women's Apparel,40,Northeast,250,10000,2021,2,15,Sports Direct,3000,Boston
Men's Street Footwear,40,Northeast,470,18800,2021,3,13,Sports Direct,5640,Boston
Men's Athletic Footwear,40,Northeast,175,7000,2021,3,13,Sports Direct,2100,Boston
Women's Street Footwear,30,Northeast,200,6000,2021,3,13,Sports Direct,1500,Boston
Women's Athletic Footwear,35,Northeast,300,10500,2021,3,13,Sports Direct,2625,Boston
Men's Apparel,50,Northeast,100,5000,2021,3,13,Sports Direct,1250,Boston
Women's Apparel,40,Northeast,200,8000,2021,3,13,Sports Direct,2400,Boston
Men's Street Footwear,40,Northeast,450,18000,2021,4,14,Sports Direct,5400,Boston
Men's Athletic Footwear,40,Northeast,150,6000,2021,4,14,Sports Direct,1800,Boston
Women's Street Footwear,30,Northeast,150,4500,2021,4,14,Sports Direct,1125,Boston
Women's Athletic Footwear,35,Northeast,125,4375,2021,4,14,Sports Direct,1094,Boston
Men's Apparel,50,Northeast,125,6250,2021,4,14,Sports Direct,1563,Boston
Women's Apparel,40,Northeast,275,11000,2021,4,14,Sports Direct,3300,Boston
Men's Street Footwear,55,Northeast,495,27225,2021,5,13,Sports Direct,8168,Boston
Men's Athletic Footwear,50,Northeast,200,10000,2021,5,13,Sports Direct,3000,Boston
Women's Street Footwear,45,Northeast,225,10125,2021,5,13,Sports Direct,2531,Boston
Women's Athletic Footwear,45,Northeast,175,7875,2021,5,13,Sports Direct,1969,Boston
Men's Apparel,55,Northeast,200,11000,2021,5,13,Sports Direct,2750,Boston
Women's Apparel,60,Northeast,325,19500,2021,5,13,Sports Direct,5850,Boston
Men's Street Footwear,55,Northeast,575,31625,2021,6,15,Sports Direct,9488,Boston
Men's Athletic Footwear,50,Northeast,325,16250,2021,6,15,Sports Direct,4875,Boston
Women's Street Footwear,45,Northeast,250,11250,2021,6,15,Sports Direct,2813,Boston
Women's Athletic Footwear,45,Northeast,225,10125,2021,6,15,Sports Direct,2531,Boston
Men's Apparel,55,Northeast,225,12375,2021,6,15,Sports Direct,3094,Boston
Women's Apparel,60,Northeast,375,22500,2021,6,15,Sports Direct,6750,Boston
Men's Street Footwear,55,Northeast,600,33000,2021,7,13,Sports Direct,9900,Boston
Men's Athletic Footwear,50,Northeast,350,17500,2021,7,13,Sports Direct,5250,Boston
Women's Street Footwear,45,Northeast,275,12375,2021,7,13,Sports Direct,3094,Boston
Women's Athletic Footwear,45,Northeast,225,10125,2021,7,13,Sports Direct,2531,Boston
Men's Apparel,55,Northeast,250,13750,2021,7,13,Sports Direct,3438,Boston
Women's Apparel,60,Northeast,425,25500,2021,7,13,Sports Direct,7650,Boston
Men's Street Footwear,55,Northeast,575,31625,2021,8,14,Sports Direct,9488,Boston
Men's Athletic Footwear,50,Northeast,350,17500,2021,8,14,Sports Direct,5250,Boston
Women's Street Footwear,45,Northeast,275,12375,2021,8,14,Sports Direct,3094,Boston
Women's Athletic Footwear,45,Northeast,175,7875,2021,8,14,Sports Direct,1969,Boston
Men's Apparel,55,Northeast,150,8250,2021,8,14,Sports Direct,2063,Boston
Women's Apparel,60,Northeast,325,19500,2021,8,14,Sports Direct,5850,Boston
Men's Street Footwear,55,Northeast,450,24750,2021,9,13,Sports Direct,7425,Boston
Men's Athletic Footwear,50,Northeast,250,12500,2021,9,13,Sports Direct,3750,Boston
Women's Street Footwear,45,Northeast,150,6750,2021,9,13,Sports Direct,1688,Boston
Women's Athletic Footwear,45,Northeast,125,5625,2021,9,13,Sports Direct,1406,Boston
Men's Apparel,55,Northeast,125,6875,2021,9,13,Sports Direct,1719,Boston
Women's Apparel,60,Northeast,225,13500,2021,9,13,Sports Direct,4050,Boston
Men's Street Footwear,60,Northeast,400,24000,2021,10,15,Sports Direct,7200,Boston
Men's Athletic Footwear,55,Northeast,225,12375,2021,10,15,Sports Direct,3713,Boston
Women's Street Footwear,55,Northeast,125,6875,2021,10,15,Sports Direct,1719,Boston
Women's Athletic Footwear,55,Northeast,100,5500,2021,10,15,Sports Direct,1375,Boston
Men's Apparel,65,Northeast,100,6500,2021,10,15,Sports Direct,1625,Boston
Women's Apparel,70,Northeast,225,15750,2021,10,15,Amazon,4725,Boston
Men's Street Footwear,65,Northeast,375,24375,2021,11,14,Amazon,7313,Boston
Men's Athletic Footwear,55,Northeast,300,16500,2021,11,14,Amazon,4950,Boston
Women's Street Footwear,55,Northeast,295,16225,2021,11,14,Amazon,4056,Boston
Women's Athletic Footwear,55,Northeast,275,15125,2021,11,14,Amazon,3781,Boston
Men's Apparel,65,Northeast,250,16250,2021,11,14,Amazon,4063,Boston
Women's Apparel,70,Northeast,350,24500,2021,11,14,Amazon,7350,Boston
Men's Street Footwear,65,Northeast,575,37375,2021,12,13,Amazon,11213,Boston
Men's Athletic Footwear,55,Northeast,375,20625,2021,12,13,Amazon,6188,Boston
Women's Street Footwear,55,Northeast,350,19250,2021,12,13,Amazon,4813,Boston
Women's Athletic Footwear,55,Northeast,300,16500,2021,12,13,Amazon,4125,Boston
Men's Apparel,65,Northeast,300,19500,2021,12,13,Amazon,4875,Boston
Women's Apparel,70,Northeast,400,28000,2021,12,13,Amazon,8400,Boston
Men's Street Footwear,45,Northeast,525,23625,2021,1,14,Amazon,10631,Boston
Men's Athletic Footwear,45,Northeast,325,14625,2021,1,14,Amazon,6581,Boston
Women's Street Footwear,35,Northeast,325,11375,2021,1,14,Amazon,3981,Boston
Women's Athletic Footwear,40,Northeast,175,7000,2021,1,14,Amazon,2450,Boston
Men's Apparel,55,Northeast,225,12375,2021,1,14,Amazon,4331,Boston
Women's Apparel,45,Northeast,325,14625,2021,1,14,Amazon,5850,Boston
Men's Street Footwear,45,Northeast,575,25875,2021,2,12,Amazon,11644,Boston
Men's Athletic Footwear,45,Northeast,225,10125,2021,2,12,Amazon,4556,Boston
Women's Street Footwear,35,Northeast,275,9625,2021,2,12,Amazon,3369,Boston
Women's Athletic Footwear,40,Northeast,150,6000,2021,2,12,Amazon,2100,Burlington
Men's Apparel,55,Northeast,225,12375,2021,2,12,Amazon,4331,Burlington
Women's Apparel,45,Northeast,325,14625,2021,2,12,Amazon,5850,Burlington
Men's Street Footwear,45,Northeast,545,24525,2021,3,10,Amazon,11036,Burlington
Men's Athletic Footwear,45,Northeast,250,11250,2021,3,10,Amazon,5063,Burlington
Women's Street Footwear,35,Northeast,275,9625,2021,3,10,Amazon,3369,Burlington
Women's Athletic Footwear,40,Northeast,125,5000,2021,3,10,Amazon,1750,Burlington
Men's Apparel,55,Northeast,175,9625,2021,3,10,Amazon,3369,Burlington
Women's Apparel,45,Northeast,275,12375,2021,3,10,Amazon,4950,Burlington
Men's Street Footwear,45,Northeast,525,23625,2021,4,11,Amazon,10631,Burlington
Men's Athletic Footwear,45,Northeast,225,10125,2021,4,11,Amazon,4556,Burlington
Women's Street Footwear,35,Northeast,225,7875,2021,4,11,Amazon,2756,Burlington
Women's Athletic Footwear,40,Northeast,150,6000,2021,4,11,Amazon,2100,Burlington
Men's Apparel,55,Northeast,150,8250,2021,4,11,Amazon,2888,Burlington
Women's Apparel,45,Northeast,300,13500,2021,4,11,Amazon,5400,Burlington
Men's Street Footwear,60,Northeast,570,34200,2021,5,10,Amazon,15390,Burlington
Men's Athletic Footwear,55,Northeast,275,15125,2021,5,10,Amazon,6806,Burlington
Women's Street Footwear,50,Northeast,300,15000,2021,5,10,Amazon,5250,Burlington
Women's Athletic Footwear,50,Northeast,250,12500,2021,5,10,Amazon,4375,Burlington
Men's Apparel,60,Northeast,275,16500,2021,5,10,Amazon,5775,Burlington
Women's Apparel,65,Northeast,400,26000,2021,5,10,Amazon,10400,Burlington
Men's Street Footwear,60,Northeast,650,39000,2021,6,12,Amazon,17550,Burlington
Men's Athletic Footwear,55,Northeast,400,22000,2021,6,12,Amazon,9900,Burlington
Women's Street Footwear,50,Northeast,325,16250,2021,6,12,Amazon,5688,Burlington
Women's Athletic Footwear,50,Northeast,300,15000,2021,6,12,Amazon,5250,Burlington
Men's Apparel,60,Northeast,300,18000,2021,6,12,Amazon,6300,Burlington
Women's Apparel,65,Northeast,450,29250,2021,6,12,Amazon,11700,Burlington
Men's Street Footwear,60,Northeast,675,40500,2021,7,10,Amazon,18225,Burlington
Men's Athletic Footwear,55,Northeast,425,23375,2021,7,10,Amazon,10519,Burlington
Women's Street Footwear,50,Northeast,350,17500,2021,7,10,Amazon,6125,Burlington
Women's Athletic Footwear,50,Northeast,300,15000,2021,7,10,Amazon,5250,Burlington
Men's Apparel,60,Northeast,325,19500,2021,7,10,Amazon,6825,Burlington
Women's Apparel,65,Northeast,500,32500,2021,7,10,Amazon,13000,Burlington
Men's Street Footwear,60,Northeast,650,39000,2021,8,11,Amazon,17550,Burlington
Men's Athletic Footwear,55,Northeast,425,23375,2021,8,11,Amazon,10519,Burlington
Women's Street Footwear,50,Northeast,350,17500,2021,8,11,Amazon,6125,Burlington
Women's Athletic Footwear,50,Northeast,250,12500,2021,8,11,Amazon,4375,Burlington
Men's Apparel,60,Northeast,225,13500,2021,8,11,Amazon,4725,Burlington
Women's Apparel,65,Northeast,400,26000,2021,8,11,Amazon,10400,Burlington
Men's Street Footwear,60,Northeast,525,31500,2021,9,10,Amazon,14175,Burlington
Men's Athletic Footwear,55,Northeast,325,17875,2021,9,10,Amazon,8044,Burlington
Women's Street Footwear,50,Northeast,225,11250,2021,9,10,Amazon,3938,Burlington
Women's Athletic Footwear,50,Northeast,200,10000,2021,9,10,Amazon,3500,Burlington
Men's Apparel,60,Northeast,200,12000,2021,9,10,Amazon,4200,Burlington
Women's Apparel,65,Northeast,300,19500,2021,9,10,Amazon,7800,Burlington
Men's Street Footwear,65,Northeast,475,30875,2021,10,12,Amazon,13894,Burlington
Men's Athletic Footwear,60,Northeast,300,18000,2021,10,12,Amazon,8100,Burlington
Women's Street Footwear,60,Northeast,200,12000,2021,10,12,Amazon,4200,Burlington
Women's Athletic Footwear,60,Northeast,175,10500,2021,10,12,Amazon,3675,Burlington
Men's Apparel,70,Northeast,175,12250,2021,10,12,Amazon,4288,Burlington
Women's Apparel,75,Northeast,300,22500,2021,10,12,West Gear,9000,Burlington
Men's Street Footwear,70,Northeast,450,31500,2021,11,11,West Gear,14175,Burlington
Men's Athletic Footwear,60,Northeast,325,19500,2021,11,11,West Gear,8775,Burlington
Women's Street Footwear,60,Northeast,320,19200,2021,11,11,West Gear,6720,Burlington
Women's Athletic Footwear,60,Northeast,300,18000,2021,11,11,Amazon,6300,Burlington
Men's Apparel,70,Northeast,275,19250,2021,11,11,Amazon,6738,Burlington
Women's Apparel,75,Northeast,375,28125,2021,11,11,Amazon,11250,Burlington
Men's Street Footwear,70,Northeast,600,42000,2021,12,10,Amazon,18900,Burlington
Men's Athletic Footwear,60,Northeast,400,24000,2021,12,10,Amazon,10800,Burlington
Women's Street Footwear,60,Northeast,375,22500,2021,12,10,Amazon,7875,Burlington
Women's Athletic Footwear,60,Northeast,325,19500,2021,12,10,Amazon,6825,Burlington
Men's Apparel,70,Northeast,325,22750,2021,12,10,Amazon,7963,Burlington
Women's Apparel,75,Northeast,425,31875,2021,12,10,Amazon,12750,Burlington
Men's Street Footwear,50,Northeast,525,26250,2021,1,21,Amazon,10500,Burlington
Men's Athletic Footwear,50,Northeast,325,16250,2021,1,21,Amazon,6500,Burlington
Women's Street Footwear,40,Northeast,325,13000,2021,1,21,Amazon,3900,Burlington
Women's Athletic Footwear,45,Northeast,175,7875,2021,1,21,Amazon,2363,Burlington
Men's Apparel,60,Northeast,225,13500,2021,1,21,Amazon,4050,Burlington
Women's Apparel,50,Northeast,325,16250,2021,1,21,Amazon,5688,Burlington
Men's Street Footwear,50,Northeast,600,30000,2021,2,19,Amazon,12000,Burlington
Men's Athletic Footwear,50,Northeast,250,12500,2021,2,19,Amazon,5000,Burlington
Women's Street Footwear,40,Northeast,300,12000,2021,2,19,Amazon,3600,Burlington
Women's Athletic Footwear,45,Northeast,200,9000,2021,2,19,Amazon,2700,Manchester
Men's Apparel,60,Northeast,275,16500,2021,2,19,Amazon,4950,Manchester
Women's Apparel,50,Northeast,375,18750,2021,2,19,Amazon,6563,Manchester
Men's Street Footwear,50,Northeast,570,28500,2021,3,17,Amazon,11400,Manchester
Men's Athletic Footwear,50,Northeast,275,13750,2021,3,17,Amazon,5500,Manchester
Women's Street Footwear,40,Northeast,300,12000,2021,3,17,Amazon,3600,Manchester
Women's Athletic Footwear,45,Northeast,150,6750,2021,3,17,Amazon,2025,Manchester
Men's Apparel,60,Northeast,200,12000,2021,3,17,Amazon,3600,Manchester
Women's Apparel,50,Northeast,300,15000,2021,3,17,Amazon,5250,Manchester
Men's Street Footwear,50,Northeast,550,27500,2021,4,18,Amazon,11000,Manchester
Men's Athletic Footwear,50,Northeast,250,12500,2021,4,18,Amazon,5000,Manchester
Women's Street Footwear,40,Northeast,250,10000,2021,4,18,Amazon,3000,Manchester
Women's Athletic Footwear,45,Northeast,175,7875,2021,4,18,Amazon,2363,Manchester
Men's Apparel,60,Northeast,175,10500,2021,4,18,Amazon,3150,Manchester
Women's Apparel,50,Northeast,325,16250,2021,4,18,Amazon,5688,Manchester
Men's Street Footwear,65,Northeast,595,38675,2021,5,17,Amazon,15470,Manchester
Men's Athletic Footwear,60,Northeast,300,18000,2021,5,17,Amazon,7200,Manchester
Women's Street Footwear,55,Northeast,325,17875,2021,5,17,Amazon,5363,Manchester
Women's Athletic Footwear,55,Northeast,275,15125,2021,5,17,Amazon,4538,Manchester
Men's Apparel,65,Northeast,300,19500,2021,5,17,Amazon,5850,Manchester
Women's Apparel,70,Northeast,425,29750,2021,5,17,Amazon,10413,Manchester
Men's Street Footwear,65,Northeast,675,43875,2021,6,19,Amazon,17550,Manchester
Men's Athletic Footwear,60,Northeast,425,25500,2021,6,19,Amazon,10200,Manchester
Women's Street Footwear,55,Northeast,350,19250,2021,6,19,Amazon,5775,Manchester
Women's Athletic Footwear,55,Northeast,325,17875,2021,6,19,Amazon,5363,Manchester
Men's Apparel,65,Northeast,325,21125,2021,6,19,Amazon,6338,Manchester
Women's Apparel,70,Northeast,475,33250,2021,6,19,Amazon,11638,Manchester
Men's Street Footwear,65,Northeast,700,45500,2021,7,17,Amazon,18200,Manchester
Men's Athletic Footwear,60,Northeast,450,27000,2021,7,17,Amazon,10800,Manchester
Women's Street Footwear,55,Northeast,375,20625,2021,7,17,Amazon,6188,Manchester
Women's Athletic Footwear,55,Northeast,325,17875,2021,7,17,Amazon,5363,Manchester
Men's Apparel,65,Northeast,350,22750,2021,7,17,Amazon,6825,Manchester
Women's Apparel,70,Northeast,525,36750,2021,7,17,Amazon,12863,Manchester
Men's Street Footwear,65,Northeast,675,43875,2021,8,18,Amazon,17550,Manchester
Men's Athletic Footwear,60,Northeast,450,27000,2021,8,18,Amazon,10800,Manchester
Women's Street Footwear,55,Northeast,375,20625,2021,8,18,Amazon,6188,Manchester
Women's Athletic Footwear,55,Northeast,275,15125,2021,8,18,Amazon,4538,Manchester
Men's Apparel,65,Northeast,250,16250,2021,8,18,Amazon,4875,Manchester
Women's Apparel,70,Northeast,425,29750,2021,8,18,Amazon,10413,Manchester
Men's Street Footwear,65,Northeast,550,35750,2021,9,17,Amazon,14300,Manchester
Men's Athletic Footwear,60,Northeast,350,21000,2021,9,17,Amazon,8400,Manchester
Women's Street Footwear,55,Northeast,250,13750,2021,9,17,Amazon,4125,Manchester
Women's Athletic Footwear,55,Northeast,225,12375,2021,9,17,Amazon,3713,Manchester
Men's Apparel,65,Northeast,225,14625,2021,9,17,Amazon,4388,Manchester
Women's Apparel,70,Northeast,325,22750,2021,9,17,Amazon,7963,Manchester
Men's Street Footwear,70,Northeast,475,33250,2021,10,19,Foot Locker,13300,Manchester
Men's Athletic Footwear,65,Northeast,300,19500,2021,10,19,Foot Locker,7800,Manchester
Women's Street Footwear,65,Northeast,200,13000,2021,10,19,Foot Locker,3900,Manchester
Women's Athletic Footwear,65,Northeast,175,11375,2021,10,19,Foot Locker,3413,Manchester
Men's Apparel,75,Northeast,175,13125,2021,10,19,Foot Locker,3938,Manchester
Women's Apparel,80,Northeast,300,24000,2021,10,19,Foot Locker,8400,Manchester
Men's Street Footwear,75,Northeast,450,33750,2021,11,18,Foot Locker,13500,Manchester
Men's Athletic Footwear,65,Northeast,325,21125,2021,11,18,Foot Locker,8450,Manchester
Women's Street Footwear,65,Northeast,345,22425,2021,11,18,Foot Locker,6728,Manchester
Women's Athletic Footwear,65,Northeast,325,21125,2021,11,18,Foot Locker,6338,Manchester
Men's Apparel,75,Northeast,300,22500,2021,11,18,Foot Locker,6750,Manchester
Women's Apparel,80,Northeast,400,32000,2021,11,18,Foot Locker,11200,Manchester
Men's Street Footwear,75,Northeast,625,46875,2021,12,17,Foot Locker,18750,Manchester
Men's Athletic Footwear,65,Northeast,425,27625,2021,12,17,Foot Locker,11050,Manchester
Women's Street Footwear,65,Northeast,400,26000,2021,12,17,Foot Locker,7800,Manchester
Women's Athletic Footwear,65,Northeast,350,22750,2021,12,17,Foot Locker,6825,Manchester
Men's Apparel,75,Northeast,350,26250,2021,12,17,Foot Locker,7875,Manchester
Women's Apparel,80,Northeast,450,36000,2021,12,17,Foot Locker,12600,Manchester
Men's Street Footwear,55,Northeast,500,27500,2021,1,24,Foot Locker,9625,Manchester
Men's Athletic Footwear,55,Northeast,300,16500,2021,1,24,Foot Locker,5775,Manchester
Women's Street Footwear,45,Northeast,300,13500,2021,1,24,Foot Locker,3375,Manchester
Women's Athletic Footwear,50,Northeast,150,7500,2021,1,24,Foot Locker,1875,Manchester
Men's Apparel,65,Northeast,200,13000,2021,1,24,Foot Locker,3250,Manchester
Women's Apparel,55,Northeast,300,16500,2021,1,24,Foot Locker,4950,Manchester
Men's Street Footwear,55,Northeast,575,31625,2021,2,22,Foot Locker,11069,Manchester
Men's Athletic Footwear,55,Northeast,225,12375,2021,2,22,Foot Locker,4331,Manchester
Women's Street Footwear,45,Northeast,275,12375,2021,2,22,Foot Locker,3094,Manchester
Men's Street Footwear,4,Northeast,336,1579,2020,1,1,Foot Locker,963,New York
Men's Athletic Footwear,4,Northeast,260,1222,2020,1,2,Foot Locker,513,New York
Women's Street Footwear,3,Northeast,250,900,2020,1,3,Foot Locker,414,New York
Women's Athletic Footwear,4,Northeast,247,1013,2020,1,4,Foot Locker,466,New York
Men's Apparel,5,Northeast,234,1287,2020,1,5,Foot Locker,515,New York
Women's Apparel,4,Northeast,260,1196,2020,1,6,Foot Locker,443,New York
Men's Street Footwear,4,Northeast,313,1440,2020,1,7,Foot Locker,893,New York
Men's Athletic Footwear,4,Northeast,261,1201,2020,1,8,Foot Locker,528,New York
Women's Street Footwear,3,Northeast,276,994,2020,1,21,Foot Locker,467,New York
Women's Athletic Footwear,4,Northeast,206,906,2020,1,22,Foot Locker,444,New York
Men's Apparel,5,Northeast,243,1409,2020,1,23,Foot Locker,606,New York
Women's Apparel,4,Northeast,290,1392,2020,1,24,Foot Locker,529,New York
Men's Street Footwear,4,Northeast,354,1628,2020,1,25,Foot Locker,1026,New York
Men's Athletic Footwear,4,Northeast,259,1243,2020,1,26,Foot Locker,535,New York
Women's Street Footwear,3,Northeast,247,963,2020,1,27,Foot Locker,472,New York
Women's Athletic Footwear,4,Northeast,216,929,2020,1,28,Foot Locker,464,New York
Men's Apparel,5,Northeast,230,1357,2020,1,29,Foot Locker,570,New York
Women's Apparel,4,Northeast,238,1071,2020,1,30,Foot Locker,375,New York
Men's Street Footwear,4,Northeast,300,1350,2020,1,31,Foot Locker,837,New York
Men's Athletic Footwear,4,Northeast,234,1100,2020,2,1,Foot Locker,451,New York
Women's Street Footwear,3,Northeast,252,983,2020,2,2,Foot Locker,491,New York
Women's Athletic Footwear,4,Northeast,239,980,2020,2,3,Foot Locker,480,New York
Men's Apparel,5,Northeast,215,1204,2020,2,4,Foot Locker,506,New York
Women's Apparel,4,Northeast,238,1166,2020,2,5,Foot Locker,431,New York
Men's Street Footwear,5,Northeast,317,1712,2020,2,6,Foot Locker,1096,New York
Men's Athletic Footwear,5,Northeast,259,1295,2020,2,7,Foot Locker,518,New York
Women's Street Footwear,4,Northeast,261,1201,2020,2,8,Foot Locker,564,New York
Women's Athletic Footwear,4,Northeast,230,1058,2020,2,9,Foot Locker,508,New York
Men's Apparel,5,Northeast,245,1446,2020,2,10,Foot Locker,650,New York
Women's Apparel,5,Northeast,290,1711,2020,3,3,Foot Locker,616,New York
Men's Street Footwear,5,Northeast,313,1722,2020,3,4,Foot Locker,1050,New York
Men's Athletic Footwear,5,Northeast,270,1458,2020,3,5,Foot Locker,598,New York
Women's Street Footwear,4,Northeast,278,1279,2020,3,6,Foot Locker,614,New York
Women's Athletic Footwear,4,Northeast,261,1227,2020,3,7,Foot Locker,552,New York
Men's Apparel,5,Northeast,252,1386,2020,3,8,Foot Locker,624,New York
Women's Apparel,6,Northeast,305,1952,2020,3,9,Foot Locker,761,New York
Men's Street Footwear,5,Northeast,319,1882,2020,3,10,Foot Locker,1129,New York
Men's Athletic Footwear,5,Northeast,267,1415,2020,3,11,Foot Locker,594,New York
Women's Street Footwear,4,Northeast,247,1136,2020,3,12,Foot Locker,511,New York
Women's Athletic Footwear,4,Northeast,243,1118,2020,3,13,Foot Locker,514,New York
Men's Apparel,5,Northeast,231,1340,2020,3,14,Foot Locker,576,New York
Women's Apparel,6,Northeast,286,1745,2020,3,15,Foot Locker,698,New York
Men's Street Footwear,5,Northeast,325,1885,2020,3,16,Foot Locker,1150,New York
Men's Athletic Footwear,5,Northeast,308,1632,2020,3,17,Foot Locker,669,New York
Women's Street Footwear,4,Northeast,257,1157,2020,3,18,Foot Locker,532,New York
Women's Athletic Footwear,4,Northeast,241,1133,2020,3,31,Foot Locker,532,New York
Men's Apparel,5,Northeast,270,1458,2020,4,17,Walmart,656,New York
Women's Apparel,6,Northeast,290,1798,2020,4,18,Walmart,665,New York
Men's Street Footwear,5,Northeast,360,2016,2020,4,19,Walmart,1250,New York
Men's Athletic Footwear,5,Northeast,270,1350,2020,4,20,Walmart,594,New York
Women's Street Footwear,4,Northeast,268,1260,2020,4,21,Walmart,592,New York
Women's Athletic Footwear,4,Northeast,252,1184,2020,4,22,Walmart,545,New York
Men's Apparel,5,Northeast,252,1462,2020,4,23,Walmart,585,New York
Women's Apparel,5,Northeast,280,1652,2020,4,24,Walmart,661,New York
Men's Apparel,6,Northeast,236,1510,2020,4,25,Walmart,634,New York
Women's Apparel,6,Northeast,290,1972,2020,4,26,Walmart,749,New York
Men's Street Footwear,6,Northeast,299,1794,2020,4,27,Walmart,1076,New York
Men's Athletic Footwear,5,Northeast,273,1447,2020,4,28,Walmart,622,New York
Women's Street Footwear,5,Northeast,258,1342,2020,4,29,Walmart,644,New York
Women's Athletic Footwear,5,Northeast,252,1260,2020,4,30,Walmart,617,New York
Men's Apparel,6,Northeast,254,1626,2020,5,1,Walmart,683,New York
Women's Apparel,6,Northeast,263,1736,2020,5,2,Walmart,642,New York
Men's Street Footwear,6,Northeast,312,1934,2020,5,3,Walmart,1238,New York
Men's Athletic Footwear,5,Northeast,300,1530,2020,5,4,Walmart,643,New York
Women's Street Footwear,5,Northeast,285,1539,2020,5,5,Walmart,723,New York
Women's Athletic Footwear,5,Northeast,225,1215,2020,5,6,Walmart,559,New York
Men's Apparel,6,Northeast,261,1566,2020,5,7,Walmart,673,New York
Women's Apparel,6,Northeast,290,1972,2020,7,18,Walmart,690,New York
Men's Street Footwear,2,Northeast,234,562,2020,7,19,Sports Direct,264,New York
Men's Athletic Footwear,3,Northeast,225,765,2020,7,20,Sports Direct,375,New York
Women's Street Footwear,3,Northeast,210,693,2020,7,21,Sports Direct,319,New York
Women's Athletic Footwear,3,Northeast,175,595,2020,7,22,Sports Direct,327,New York
Men's Apparel,3,South,154,554,2020,7,23,Sports Direct,238,Houston
Women's Apparel,3,South,203,690,2020,7,24,Sports Direct,442,Houston
Men's Street Footwear,2,South,213,490,2020,7,25,Sports Direct,245,Houston
Men's Athletic Footwear,3,South,255,842,2020,7,26,Sports Direct,379,Houston
Women's Street Footwear,3,South,176,563,2020,7,27,Sports Direct,253,Houston
Women's Athletic Footwear,3,South,175,595,2020,7,28,Sports Direct,357,Houston
Men's Apparel,3,South,125,475,2020,7,29,Sports Direct,214,Houston
Women's Apparel,3,South,196,666,2020,7,30,Sports Direct,420,Houston
Men's Street Footwear,2,South,254,737,2020,7,31,Sports Direct,331,Houston
Men's Athletic Footwear,3,South,236,920,2020,8,1,Sports Direct,414,Houston
Women's Street Footwear,3,South,182,582,2020,8,2,Sports Direct,285,Houston
Women's Athletic Footwear,3,South,174,644,2020,8,3,Sports Direct,373,Houston
Men's Apparel,4,South,125,513,2020,8,4,Sports Direct,205,Houston
Women's Apparel,3,South,189,737,2020,8,5,Sports Direct,442,Houston
Men's Street Footwear,2,South,234,632,2020,8,6,Sports Direct,303,Houston
Men's Athletic Footwear,3,South,225,855,2020,8,7,Sports Direct,385,Houston
Women's Street Footwear,3,South,203,690,2020,8,8,Sports Direct,317,Houston
Women's Athletic Footwear,3,South,163,587,2020,8,9,Sports Direct,346,Houston
Men's Apparel,4,South,147,617,2020,8,10,Walmart,259,Houston
Women's Apparel,3,South,232,905,2020,8,11,Walmart,552,Houston
Men's Street Footwear,2,South,268,777,2020,8,12,Walmart,373,Houston
Men's Athletic Footwear,3,South,259,984,2020,8,13,Walmart,453,Houston
Women's Street Footwear,3,South,225,743,2020,8,14,Walmart,356,Houston
Women's Athletic Footwear,3,South,189,737,2020,8,15,Walmart,428,Houston
Men's Apparel,4,South,168,706,2020,8,16,Walmart,282,Houston
Women's Apparel,3,South,276,1021,2020,8,17,Walmart,643,Houston
Men's Street Footwear,3,South,238,928,2020,8,18,Walmart,436,Houston
Men's Athletic Footwear,4,South,238,1000,2020,8,19,Walmart,450,Houston
Women's Street Footwear,3,South,232,858,2020,8,20,Walmart,421,Houston
Women's Athletic Footwear,3,South,203,771,2020,8,21,Walmart,440,Houston
Men's Apparel,4,South,169,693,2020,8,22,Walmart,312,Houston
Women's Apparel,4,South,250,1175,2020,8,23,Walmart,752,Houston
Men's Street Footwear,3,South,238,881,2020,8,24,Walmart,396,Houston
Men's Athletic Footwear,4,South,238,1000,2020,8,25,Walmart,460,Houston
Women's Street Footwear,3,South,319,1180,2020,8,26,Walmart,531,Houston
Women's Athletic Footwear,3,South,210,756,2020,8,27,Walmart,454,Houston
Men's Apparel,4,South,196,804,2020,8,28,Walmart,321,Houston
Women's Apparel,4,South,293,1377,2020,8,29,Walmart,868,Houston
Men's Street Footwear,3,South,268,992,2020,8,30,Walmart,486,Houston
Men's Athletic Footwear,4,South,259,1062,2020,8,31,Walmart,478,Houston
Women's Street Footwear,3,South,297,1158,2020,9,1,Walmart,533,Houston
Women's Athletic Footwear,3,South,189,718,2020,9,2,Walmart,424,Houston
Men's Apparel,4,South,169,693,2020,9,3,Walmart,277,Houston
Women's Apparel,4,South,225,1035,2020,9,4,Walmart,673,Houston
Men's Street Footwear,4,South,255,1122,2020,9,5,Walmart,539,Houston
Men's Athletic Footwear,4,South,213,873,2020,9,6,Walmart,402,Houston
Women's Street Footwear,4,South,234,1076,2020,9,7,Walmart,527,Houston
Women's Athletic Footwear,4,South,181,851,2020,9,8,Walmart,468,Houston
Men's Apparel,4,South,175,770,2020,9,9,Walmart,331,Houston
Women's Apparel,5,South,213,1065,2020,9,10,Walmart,682,Houston
Men's Street Footwear,4,South,240,1056,2020,9,11,Walmart,528,Houston
Men's Athletic Footwear,4,South,216,929,2020,9,12,Walmart,437,Houston
Women's Street Footwear,4,South,188,902,2020,9,13,Walmart,424,Houston
Women's Athletic Footwear,4,South,168,756,2020,9,14,Walmart,438,Houston
Men's Apparel,4,South,150,630,2020,9,15,Walmart,258,Houston
Women's Apparel,5,South,210,1113,2020,9,16,Walmart,690,Houston
Men's Street Footwear,4,South,234,1006,2020,10,20,Walmart,493,Houston
Men's Athletic Footwear,4,South,243,1045,2020,10,21,Walmart,512,Houston
Women's Street Footwear,4,South,206,968,2020,10,22,Walmart,465,Houston
Women's Athletic Footwear,4,South,203,974,2020,10,23,Walmart,536,Houston
Men's Apparel,4,South,195,819,2020,10,24,Walmart,369,Houston
Women's Apparel,5,South,247,1260,2020,10,25,Walmart,781,Houston
Men's Street Footwear,4,South,238,976,2020,10,26,Walmart,468,Houston
Men's Athletic Footwear,4,South,285,1254,2020,10,27,Walmart,602,Houston
Women's Street Footwear,4,South,255,1199,2020,10,28,Walmart,587,Houston
Women's Athletic Footwear,4,South,182,855,2020,10,29,Walmart,496,Houston
Men's Apparel,4,South,169,710,2020,10,30,Walmart,319,Houston
Women's Apparel,5,South,261,1383,2020,10,31,Walmart,858,Houston
Men's Street Footwear,3,South,209,773,2020,11,1,West Gear,348,Houston
Men's Athletic Footwear,4,South,194,951,2020,11,2,West Gear,295,Houston
Women's Street Footwear,4,South,217,998,2020,11,3,West Gear,449,Houston
Women's Athletic Footwear,4,South,175,840,2020,11,4,West Gear,336,Houston
Men's Apparel,5,West,161,821,2020,11,5,West Gear,517,San Francisco
Women's Apparel,4,West,233,1142,2020,11,6,West Gear,285,San Francisco
Men's Street Footwear,3,West,223,825,2020,11,7,West Gear,413,San Francisco
Men's Athletic Footwear,4,West,210,1029,2020,11,8,West Gear,319,San Francisco
Women's Street Footwear,4,West,196,960,2020,11,9,West Gear,471,San Francisco
Women's Athletic Footwear,4,West,150,705,2020,11,10,West Gear,296,San Francisco
Men's Apparel,5,West,140,700,2020,11,11,West Gear,427,San Francisco
Women's Apparel,4,West,182,837,2020,11,12,West Gear,234,San Francisco
Men's Street Footwear,4,West,230,1127,2020,11,13,West Gear,507,San Francisco
Men's Athletic Footwear,5,West,175,1015,2020,11,14,West Gear,305,San Francisco
Women's Street Footwear,5,West,203,1117,2020,11,15,West Gear,525,San Francisco
Women's Athletic Footwear,5,West,174,1009,2020,12,22,West Gear,434,San Francisco
Men's Apparel,6,West,145,899,2020,12,23,West Gear,566,San Francisco
Women's Apparel,5,West,210,1134,2020,12,24,West Gear,306,San Francisco
Men's Street Footwear,5,West,228,1277,2020,12,25,West Gear,600,San Francisco
Men's Athletic Footwear,6,West,203,1259,2020,12,26,West Gear,378,San Francisco
Women's Street Footwear,6,West,210,1344,2020,12,27,West Gear,672,San Francisco
Women's Athletic Footwear,5,West,188,1015,2020,12,28,West Gear,416,San Francisco
Men's Apparel,5,West,152,897,2020,12,29,West Gear,583,San Francisco
Women's Apparel,7,West,203,1462,2020,12,30,West Gear,395,San Francisco
Men's Street Footwear,5,West,252,1411,2020,12,31,West Gear,706,San Francisco
Men's Athletic Footwear,6,West,225,1440,2021,1,1,West Gear,518,San Francisco
Women's Street Footwear,6,West,218,1308,2021,1,2,West Gear,667,San Francisco
Women's Athletic Footwear,5,West,182,1019,2021,1,3,West Gear,459,San Francisco
Men's Apparel,6,West,154,924,2021,1,4,West Gear,610,San Francisco
Women's Apparel,7,West,189,1361,2021,1,5,West Gear,449,San Francisco
Men's Street Footwear,5,West,273,1529,2021,1,6,West Gear,764,San Francisco
Men's Athletic Footwear,6,West,248,1562,2021,1,7,West Gear,578,San Francisco
Women's Street Footwear,6,West,206,1318,2021,1,8,West Gear,725,San Francisco
Women's Athletic Footwear,5,West,210,1239,2021,1,9,West Gear,607,San Francisco
Men's Apparel,6,West,155,961,2021,1,10,West Gear,634,San Francisco
Women's Apparel,7,West,219,1577,2021,1,11,West Gear,552,San Francisco
Men's Street Footwear,5,West,277,1551,2021,1,12,West Gear,698,San Francisco
Men's Athletic Footwear,5,West,245,1446,2021,1,13,West Gear,491,San Francisco
Women's Street Footwear,6,West,248,1538,2021,1,14,West Gear,707,San Francisco
Women's Athletic Footwear,5,West,218,1199,2021,1,15,West Gear,480,San Francisco
Men's Apparel,6,West,233,1491,2021,1,16,West Gear,954,San Francisco
Women's Apparel,7,West,233,1678,2021,1,17,West Gear,487,San Francisco
Men's Street Footwear,6,West,273,1693,2021,1,18,West Gear,779,San Francisco
Men's Athletic Footwear,6,West,259,1709,2021,1,19,West Gear,513,San Francisco
Women's Street Footwear,6,West,200,1200,2021,1,20,West Gear,564,San Francisco
Women's Athletic Footwear,5,West,188,1109,2021,1,21,West Gear,455,San Francisco
Men's Apparel,6,West,188,1297,2021,1,22,West Gear,791,San Francisco
Women's Apparel,7,West,181,1376,2021,1,23,West Gear,344,San Francisco
Men's Street Footwear,5,West,241,1229,2021,1,24,West Gear,516,San Francisco
Men's Athletic Footwear,5,West,268,1501,2021,1,25,West Gear,420,San Francisco
Women's Street Footwear,5,West,225,1170,2021,1,26,West Gear,468,San Francisco
Women's Athletic Footwear,5,West,203,1076,2021,1,27,West Gear,377,San Francisco
Men's Apparel,6,West,218,1373,2021,1,28,West Gear,797,San Francisco
Women's Apparel,6,West,217,1411,2021,1,29,West Gear,339,San Francisco
Men's Street Footwear,5,West,236,1204,2021,1,30,West Gear,542,San Francisco
Men's Athletic Footwear,5,West,219,1292,2021,1,31,West Gear,375,San Francisco
Women's Street Footwear,5,West,182,910,2021,2,1,West Gear,382,San Francisco
Women's Athletic Footwear,5,West,203,1035,2021,2,2,West Gear,373,San Francisco
Men's Apparel,5,West,182,1074,2021,2,3,West Gear,623,San Francisco
Women's Apparel,6,West,196,1235,2021,2,4,West Gear,284,San Francisco
Men's Street Footwear,5,West,263,1368,2021,2,5,West Gear,602,San Francisco
Men's Athletic Footwear,5,West,236,1369,2021,2,6,West Gear,342,San Francisco
Women's Street Footwear,5,West,210,1050,2021,2,7,West Gear,420,San Francisco
Women's Athletic Footwear,5,West,210,1113,2021,2,8,West Gear,445,San Francisco
Men's Apparel,6,West,163,1027,2021,2,9,West Gear,585,San Francisco
Women's Apparel,6,West,202,1353,2021,2,10,West Gear,284,San Francisco
Men's Street Footwear,5,West,293,1494,2021,2,11,West Gear,598,San Francisco
Men's Athletic Footwear,5,West,273,1583,2021,2,12,West Gear,428,San Francisco
Women's Street Footwear,5,West,233,1212,2021,2,13,West Gear,485,San Francisco
Women's Athletic Footwear,5,West,194,989,2021,2,14,West Gear,396,San Francisco
Men's Apparel,5,West,175,1033,2021,2,15,West Gear,620,San Francisco
Women's Apparel,6,West,208,1394,2021,2,16,West Gear,321,San Francisco
Men's Street Footwear,3,West,203,650,2021,2,17,Kohl'S,331,San Francisco
Men's Athletic Footwear,4,West,196,804,2021,2,18,Kohl'S,289,San Francisco
Women's Street Footwear,4,West,189,775,2021,3,9,Kohl'S,403,San Francisco
Women's Athletic Footwear,4,West,160,656,2021,3,10,Kohl'S,321,San Francisco
Men's Apparel,4,West,145,711,2021,3,11,Kohl'S,469,Los Angeles
Women's Apparel,4,West,182,746,2021,3,12,Kohl'S,231,Los Angeles
Men's Street Footwear,3,West,225,765,2021,3,13,Kohl'S,405,Los Angeles
Men's Athletic Footwear,4,West,195,839,2021,3,14,Kohl'S,335,Los Angeles
Women's Street Footwear,4,West,169,744,2021,3,15,Kohl'S,372,Los Angeles
Women's Athletic Footwear,4,West,152,623,2021,3,16,Kohl'S,305,Los Angeles
Men's Apparel,4,West,113,520,2021,3,17,Kohl'S,353,Los Angeles
Women's Apparel,4,West,176,722,2021,3,18,Kohl'S,216,Los Angeles
Men's Street Footwear,3,West,216,691,2021,3,19,Kohl'S,346,Los Angeles
Men's Athletic Footwear,4,West,195,800,2021,3,20,Kohl'S,280,Los Angeles
Women's Street Footwear,4,West,169,710,2021,3,21,Kohl'S,390,Los Angeles
Women's Athletic Footwear,4,West,154,631,2021,3,22,Kohl'S,284,Los Angeles
Men's Apparel,4,West,106,488,2021,3,23,Kohl'S,332,Los Angeles
Women's Apparel,4,West,188,771,2021,4,6,Kohl'S,270,Los Angeles
Men's Street Footwear,4,West,240,1032,2021,4,7,Kohl'S,516,Los Angeles
Men's Athletic Footwear,4,West,156,764,2021,4,8,Kohl'S,275,Los Angeles
Women's Street Footwear,4,West,175,858,2021,4,9,Kohl'S,472,Los Angeles
Women's Athletic Footwear,4,West,152,654,2021,4,10,Kohl'S,320,Los Angeles
Men's Apparel,4,West,119,583,2021,4,11,Kohl'S,385,Los Angeles
Women's Apparel,6,West,174,1079,2021,4,12,Kohl'S,356,Los Angeles
Men's Street Footwear,4,West,208,853,2021,4,13,Kohl'S,443,Los Angeles
Men's Athletic Footwear,4,West,169,794,2021,4,14,Kohl'S,278,Los Angeles
Women's Street Footwear,4,West,163,734,2021,4,15,Kohl'S,381,Los Angeles
Women's Athletic Footwear,4,West,154,631,2021,4,16,Kohl'S,303,Los Angeles
Men's Apparel,4,West,131,590,2021,4,17,Kohl'S,383,Los Angeles
Women's Apparel,6,West,181,1158,2021,4,18,Kohl'S,359,Los Angeles
Men's Street Footwear,4,West,270,1188,2021,4,19,Kohl'S,653,Los Angeles
Men's Athletic Footwear,4,West,225,1058,2021,4,20,Kohl'S,370,Los Angeles
Women's Street Footwear,4,West,203,974,2021,4,21,Kohl'S,536,Los Angeles
Women's Athletic Footwear,4,West,175,770,2021,4,22,Kohl'S,370,Los Angeles
Men's Apparel,4,West,125,563,2021,4,23,Kohl'S,388,Los Angeles
Women's Apparel,6,West,200,1200,2021,4,24,Kohl'S,372,Los Angeles
Men's Street Footwear,4,West,238,976,2021,4,25,Kohl'S,498,Los Angeles
Men's Athletic Footwear,4,West,216,994,2021,4,26,Kohl'S,378,Los Angeles
Women's Street Footwear,4,West,218,1025,2021,4,27,Kohl'S,533,Los Angeles
Women's Athletic Footwear,4,West,189,832,2021,4,28,Kohl'S,399,Los Angeles
Men's Apparel,4,West,189,869,2021,4,29,Kohl'S,574,Los Angeles
Women's Apparel,5,West,203,1198,2021,4,30,Kohl'S,359,Los Angeles
Men's Street Footwear,4,West,252,1184,2021,5,1,Kohl'S,616,Los Angeles
Men's Athletic Footwear,5,West,221,1127,2021,5,2,Kohl'S,451,Los Angeles
Women's Street Footwear,4,West,218,1046,2021,5,3,Kohl'S,534,Los Angeles
Women's Athletic Footwear,4,West,169,794,2021,5,4,Kohl'S,381,Los Angeles
Men's Apparel,5,West,182,1056,2021,5,5,Kohl'S,707,Los Angeles
Women's Apparel,6,West,189,1153,2021,5,6,Kohl'S,404,Los Angeles
Men's Street Footwear,4,West,213,1001,2021,5,7,Kohl'S,541,Los Angeles
Men's Athletic Footwear,5,West,247,1235,2021,5,8,Kohl'S,457,Los Angeles
Women's Street Footwear,4,West,196,902,2021,5,9,Kohl'S,451,Los Angeles
Women's Athletic Footwear,4,West,176,810,2021,5,10,Kohl'S,405,Los Angeles
Men's Apparel,5,West,163,945,2021,5,11,Kohl'S,633,Los Angeles
Women's Apparel,5,West,189,1115,2021,5,12,Kohl'S,346,Los Angeles
Men's Street Footwear,4,West,224,1098,2021,5,13,Kohl'S,549,Los Angeles
Men's Athletic Footwear,5,West,232,1183,2021,5,14,Kohl'S,426,Los Angeles
Women's Street Footwear,4,West,176,862,2021,5,15,Kohl'S,440,Los Angeles
Women's Athletic Footwear,4,West,175,840,2021,5,16,Kohl'S,378,Los Angeles
Men's Apparel,5,West,174,974,2021,5,17,Kohl'S,663,Los Angeles
Women's Apparel,6,West,176,1091,2021,5,18,Kohl'S,382,Los Angeles
Men's Street Footwear,4,West,231,1132,2021,5,19,Kohl'S,566,Los Angeles
Men's Athletic Footwear,5,West,215,1161,2021,5,20,Kohl'S,441,Los Angeles
Women's Street Footwear,4,West,169,794,2021,5,21,Kohl'S,397,Los Angeles
Women's Athletic Footwear,4,West,176,827,2021,5,22,Kohl'S,372,Los Angeles
Men's Apparel,5,West,174,957,2021,5,23,Kohl'S,660,Los Angeles
Women's Apparel,5,West,189,1115,2021,5,24,Kohl'S,379,Los Angeles
Men's Street Footwear,4,West,225,1103,2021,5,25,Kohl'S,562,Los Angeles
Men's Athletic Footwear,5,West,243,1215,2021,5,26,Kohl'S,462,Los Angeles
Women's Street Footwear,4,West,182,837,2021,5,27,Kohl'S,452,Los Angeles
Women's Athletic Footwear,4,West,210,1029,2021,5,28,Kohl'S,515,Los Angeles
Men's Apparel,5,West,156,858,2021,5,29,Kohl'S,558,Los Angeles
Women's Apparel,5,West,196,1156,2021,5,30,Kohl'S,405,Los Angeles
Men's Street Footwear,4,West,124,546,2021,5,31,Foot Locker,284,Los Angeles
Men's Athletic Footwear,4,West,77,316,2021,6,1,Foot Locker,145,Los Angeles
Women's Street Footwear,3,West,83,266,2021,6,2,Foot Locker,125,Los Angeles
Women's Athletic Footwear,3,West,34,126,2021,6,3,Foot Locker,65,Los Angeles
Men's Apparel,5,Midwest,47,249,2021,6,4,Foot Locker,122,Chicago
Women's Apparel,4,Midwest,69,283,2021,6,5,Foot Locker,170,Chicago
Men's Street Footwear,4,Midwest,158,695,2021,6,6,Foot Locker,355,Chicago
Men's Athletic Footwear,4,Midwest,51,219,2021,6,7,Foot Locker,103,Chicago
Women's Street Footwear,3,Midwest,61,195,2021,6,8,Foot Locker,90,Chicago
Women's Athletic Footwear,3,Midwest,28,109,2021,6,9,Foot Locker,58,Chicago
Men's Apparel,5,Midwest,44,220,2021,6,10,Foot Locker,103,Chicago
Women's Apparel,4,Midwest,77,331,2021,6,11,Foot Locker,215,Chicago
Men's Street Footwear,4,Midwest,144,677,2021,6,12,Foot Locker,372,Chicago
Men's Athletic Footwear,4,Midwest,60,276,2021,6,13,Foot Locker,132,Chicago
Women's Street Footwear,3,Midwest,68,252,2021,6,14,Foot Locker,113,Chicago
Women's Athletic Footwear,4,Midwest,19,78,2021,6,15,Foot Locker,41,Chicago
Men's Apparel,5,Midwest,38,213,2021,6,16,Foot Locker,100,Chicago
Women's Apparel,4,Midwest,63,284,2021,6,17,Foot Locker,179,Chicago
Men's Street Footwear,4,Midwest,122,586,2021,6,18,Foot Locker,305,Chicago
Men's Athletic Footwear,4,Midwest,44,211,2021,6,19,Foot Locker,97,Chicago
Women's Street Footwear,3,Midwest,42,151,2021,6,20,Foot Locker,73,Chicago
Women's Athletic Footwear,4,Midwest,20,88,2021,6,21,Foot Locker,44,Chicago
Men's Apparel,5,Midwest,28,151,2021,6,22,Foot Locker,71,Chicago
Women's Apparel,4,Midwest,65,319,2021,6,23,Foot Locker,191,Chicago
Men's Street Footwear,5,Midwest,134,777,2021,6,24,Foot Locker,420,Chicago
Men's Athletic Footwear,5,Midwest,54,286,2021,6,25,Foot Locker,129,Chicago
Women's Street Footwear,4,Midwest,44,216,2021,6,26,Foot Locker,99,Chicago
Women's Athletic Footwear,4,Midwest,28,134,2021,6,27,Foot Locker,71,Chicago
Men's Apparel,5,Midwest,35,207,2021,6,28,Foot Locker,95,Chicago
Women's Apparel,6,Midwest,63,403,2021,6,29,Foot Locker,242,Chicago
Men's Street Footwear,4,Midwest,135,621,2021,6,30,Foot Locker,342,Chicago
Men's Athletic Footwear,4,Midwest,63,271,2021,7,1,Foot Locker,122,Chicago
Women's Street Footwear,3,Midwest,54,211,2021,7,2,Foot Locker,95,Chicago
Women's Athletic Footwear,3,Midwest,47,179,2021,7,3,Foot Locker,95,Chicago
Men's Apparel,4,Midwest,51,235,2021,7,4,Foot Locker,117,Chicago
Women's Apparel,5,Midwest,105,536,2021,7,5,Foot Locker,337,Chicago
Men's Street Footwear,4,Midwest,161,757,2021,7,6,Foot Locker,393,Chicago
Men's Athletic Footwear,4,Midwest,81,348,2021,7,7,Foot Locker,157,Chicago
Women's Street Footwear,3,Midwest,65,234,2021,7,8,Foot Locker,105,Chicago
Women's Athletic Footwear,3,Midwest,50,195,2021,7,9,Foot Locker,105,Chicago
Men's Apparel,4,Midwest,56,263,2021,7,10,Foot Locker,121,Chicago
Women's Apparel,5,Midwest,120,648,2021,7,11,Foot Locker,395,Chicago
Men's Street Footwear,4,Midwest,149,730,2021,7,12,Foot Locker,372,Chicago
Men's Athletic Footwear,4,Midwest,94,385,2021,7,13,Foot Locker,177,Chicago
Women's Street Footwear,3,Midwest,75,285,2021,7,14,Foot Locker,140,Chicago
Women's Athletic Footwear,3,Midwest,63,233,2021,7,15,Foot Locker,117,Chicago
Men's Apparel,4,Midwest,50,245,2021,7,16,Foot Locker,123,Chicago
Women's Apparel,5,Midwest,94,470,2021,7,17,Foot Locker,306,Chicago
Men's Street Footwear,4,Midwest,135,635,2021,7,18,Foot Locker,317,Chicago
Men's Athletic Footwear,4,Midwest,84,344,2021,7,19,Foot Locker,169,Chicago
Women's Street Footwear,3,Midwest,60,216,2021,7,20,Foot Locker,102,Chicago
Women's Athletic Footwear,3,Midwest,44,158,2021,7,21,Foot Locker,84,Chicago
Men's Apparel,4,Midwest,49,240,2021,7,22,Foot Locker,110,Chicago
Women's Apparel,5,Midwest,73,387,2021,7,23,Foot Locker,248,Chicago
Men's Street Footwear,5,Midwest,115,644,2021,7,24,Foot Locker,354,Chicago
Men's Athletic Footwear,4,Midwest,75,368,2021,7,25,Foot Locker,180,Chicago
Women's Street Footwear,4,Midwest,39,187,2021,7,26,Foot Locker,84,Chicago
Women's Athletic Footwear,4,Midwest,33,155,2021,7,27,Foot Locker,79,Chicago
Men's Apparel,5,Midwest,33,185,2021,7,28,Foot Locker,87,Chicago
Women's Apparel,6,Midwest,65,390,2021,7,29,Foot Locker,234,Chicago
Men's Street Footwear,5,Midwest,112,616,2021,7,30,Foot Locker,333,Chicago
Men's Athletic Footwear,4,Midwest,65,299,2021,7,31,Foot Locker,141,Chicago
Women's Street Footwear,4,Midwest,49,235,2021,8,1,Foot Locker,111,Chicago
Women's Athletic Footwear,4,Midwest,53,244,2021,8,2,Foot Locker,129,Chicago
Men's Apparel,5,Midwest,41,230,2021,8,3,Foot Locker,115,Chicago
Women's Apparel,6,Midwest,65,397,2021,8,4,Foot Locker,238,Chicago
Men's Street Footwear,5,Midwest,150,855,2021,8,5,Foot Locker,470,Chicago
Men's Athletic Footwear,4,Midwest,75,345,2021,8,6,Foot Locker,166,Chicago
Women's Street Footwear,4,Midwest,75,345,2021,8,7,Foot Locker,169,Chicago
Women's Athletic Footwear,4,Midwest,54,265,2021,8,8,Foot Locker,140,Chicago
Men's Apparel,5,Midwest,58,342,2021,8,9,Foot Locker,154,Chicago
Women's Apparel,6,Midwest,81,518,2021,8,10,Foot Locker,327,Chicago
Men's Street Footwear,2,Midwest,189,378,2021,8,11,Sports Direct,151,Chicago
Men's Athletic Footwear,2,Midwest,196,549,2021,8,12,Sports Direct,220,Chicago
Women's Street Footwear,2,Midwest,158,427,2021,8,13,Sports Direct,175,Chicago
Women's Athletic Footwear,3,Midwest,152,517,2021,8,14,Sports Direct,264,Chicago
Men's Apparel,3,South,94,348,2021,8,15,Sports Direct,122,Dallas
Women's Apparel,3,South,147,485,2021,8,16,Sports Direct,267,Dallas
Men's Street Footwear,2,South,176,405,2021,8,17,Sports Direct,174,Dallas
Men's Athletic Footwear,3,South,163,522,2021,8,18,Sports Direct,209,Dallas
Women's Street Footwear,3,South,119,405,2021,8,19,Sports Direct,174,Dallas
Women's Athletic Footwear,3,South,128,410,2021,8,20,Sports Direct,217,Dallas
Men's Apparel,3,South,75,285,2021,8,21,Sports Direct,100,Dallas
Women's Apparel,3,South,140,448,2021,8,22,Sports Direct,251,Dallas
Men's Street Footwear,2,South,182,528,2021,8,23,Sports Direct,264,Dallas
Men's Athletic Footwear,3,South,169,659,2021,8,24,Sports Direct,330,Dallas
Women's Street Footwear,2,South,145,406,2021,8,25,Sports Direct,191,Dallas
Women's Athletic Footwear,3,South,116,371,2021,8,26,Sports Direct,212,Dallas
Men's Apparel,3,South,81,308,2021,8,27,Sports Direct,139,Dallas
Women's Apparel,3,South,135,432,2021,8,28,Sports Direct,272,Dallas
Men's Street Footwear,1,South,182,328,2021,8,29,Sports Direct,147,Dallas
Men's Athletic Footwear,2,South,175,490,2021,8,30,Sports Direct,235,Dallas
Women's Street Footwear,2,South,152,380,2021,8,31,Sports Direct,186,Dallas
Women's Athletic Footwear,2,South,128,371,2021,9,1,Sports Direct,219,Dallas
Men's Apparel,3,South,85,289,2021,9,2,Sports Direct,116,Dallas
Women's Apparel,2,South,156,452,2021,9,3,Sports Direct,280,Dallas
Men's Street Footwear,1,South,195,371,2021,9,4,Sports Direct,185,Dallas
Men's Athletic Footwear,2,South,194,563,2021,9,5,Sports Direct,276,Dallas
Women's Street Footwear,2,South,175,420,2021,9,6,Sports Direct,197,Dallas
Women's Athletic Footwear,3,South,154,524,2021,9,7,Sports Direct,314,Dallas
Men's Apparel,4,South,131,642,2021,9,8,Sports Direct,289,Dallas
Women's Apparel,4,South,224,963,2021,9,9,Sports Direct,626,Dallas
Men's Street Footwear,4,South,224,918,2021,9,10,Sports Direct,413,Dallas
Men's Athletic Footwear,4,South,200,980,2021,9,11,Sports Direct,470,Dallas
Women's Street Footwear,4,South,176,774,2021,9,12,Sports Direct,364,Dallas
Women's Athletic Footwear,4,South,174,748,2021,9,13,Sports Direct,412,Dallas
Men's Apparel,4,South,145,653,2021,9,14,Sports Direct,281,Dallas
Women's Apparel,5,South,263,1394,2021,9,15,Sports Direct,878,Dallas
Men's Street Footwear,4,South,231,947,2021,9,16,Sports Direct,492,Dallas
Men's Athletic Footwear,4,South,215,1032,2021,9,17,Sports Direct,557,Dallas
Women's Street Footwear,4,South,254,1118,2021,9,18,Sports Direct,615,Dallas
Women's Athletic Footwear,4,South,150,645,2021,9,19,Sports Direct,393,Dallas
Men's Apparel,4,South,167,785,2021,9,20,Sports Direct,361,Dallas
Women's Apparel,5,South,255,1377,2021,9,21,Sports Direct,923,Dallas
Men's Street Footwear,4,South,208,1019,2021,9,22,Sports Direct,520,Dallas
Men's Athletic Footwear,5,South,208,1102,2021,9,23,Sports Direct,551,Dallas
Women's Street Footwear,4,South,273,1256,2021,9,24,Sports Direct,691,Dallas
Women's Athletic Footwear,4,South,147,691,2021,9,25,Sports Direct,449,Dallas
Men's Apparel,5,South,142,753,2021,9,26,Sports Direct,361,Dallas
Women's Apparel,5,South,233,1305,2021,9,27,Sports Direct,913,Dallas
Men's Street Footwear,5,South,181,959,2021,9,28,Sports Direct,528,Dallas
Men's Athletic Footwear,5,South,176,950,2021,9,29,Sports Direct,485,Dallas
Women's Street Footwear,5,South,203,1198,2021,9,30,Sports Direct,635,Dallas
Women's Athletic Footwear,5,South,126,706,2021,10,1,Sports Direct,459,Dallas
Men's Apparel,5,South,135,716,2021,10,2,Sports Direct,351,Dallas
Women's Apparel,4,South,203,974,2021,10,3,Sports Direct,682,Dallas
Men's Street Footwear,3,South,156,608,2021,10,4,Sports Direct,304,Dallas
Men's Athletic Footwear,3,South,169,642,2021,10,5,Sports Direct,328,Dallas
Women's Street Footwear,4,South,144,590,2021,10,6,Sports Direct,307,Dallas
Women's Athletic Footwear,4,South,111,455,2021,10,7,Sports Direct,273,Dallas
Men's Apparel,3,South,100,360,2021,10,8,Sports Direct,162,Dallas
Women's Apparel,4,South,161,725,2021,10,9,Sports Direct,507,Dallas
Men's Street Footwear,3,South,181,688,2021,10,10,Sports Direct,378,Dallas
Men's Athletic Footwear,3,South,218,807,2021,10,11,Sports Direct,403,Dallas
Women's Street Footwear,6,South,176,1109,2021,10,12,Sports Direct,610,Dallas
Women's Athletic Footwear,5,South,145,856,2021,10,13,Sports Direct,530,Dallas
Men's Apparel,5,South,138,773,2021,10,14,Sports Direct,371,Dallas
Women's Apparel,6,South,176,1179,2021,10,15,Sports Direct,766,Dallas
Men's Street Footwear,5,South,223,1316,2021,10,16,Sports Direct,710,Dallas
Men's Athletic Footwear,5,South,231,1294,2021,10,17,Sports Direct,673,Dallas
Women's Street Footwear,6,South,189,1172,2021,10,18,Sports Direct,633,Dallas
Women's Athletic Footwear,5,South,173,1021,2021,10,19,Sports Direct,633,Dallas
Men's Apparel,5,South,158,916,2021,10,20,Sports Direct,458,Dallas
Women's Apparel,6,South,233,1515,2021,10,21,Sports Direct,1000,Dallas
Men's Street Footwear,4,South,111,488,2021,10,22,Foot Locker,342,Dallas
Men's Athletic Footwear,4,South,68,279,2021,10,23,Foot Locker,131,Dallas
Women's Street Footwear,3,South,56,185,2021,10,24,Foot Locker,94,Dallas
Women's Athletic Footwear,3,South,19,72,2021,10,25,Foot Locker,37,Dallas
Men's Apparel,5,Northeast,36,194,2021,10,26,Foot Locker,87,Philadelphia
Women's Apparel,4,Northeast,61,262,2021,10,27,Foot Locker,115,Philadelphia
Men's Street Footwear,4,Northeast,119,500,2021,10,28,Foot Locker,335,Philadelphia
Men's Athletic Footwear,4,Northeast,35,154,2021,10,29,Foot Locker,74,Philadelphia
Women's Street Footwear,3,Northeast,46,156,2021,10,30,Foot Locker,81,Philadelphia
Women's Athletic Footwear,3,Northeast,13,51,2021,10,31,Foot Locker,26,Philadelphia
Men's Apparel,5,Northeast,36,184,2021,11,1,Foot Locker,84,Philadelphia
Women's Apparel,4,Northeast,68,299,2021,11,2,Foot Locker,135,Philadelphia
Men's Street Footwear,4,Northeast,120,588,2021,11,3,Foot Locker,412,Philadelphia
Men's Athletic Footwear,4,Northeast,38,179,2021,11,4,Foot Locker,88,Philadelphia
Women's Street Footwear,3,Northeast,51,184,2021,11,5,Foot Locker,99,Philadelphia
Women's Athletic Footwear,4,Northeast,8,34,2021,11,6,Foot Locker,18,Philadelphia
Men's Apparel,5,Northeast,20,116,2021,11,7,Foot Locker,46,Philadelphia
Women's Apparel,4,Northeast,44,207,2021,11,8,Foot Locker,72,Philadelphia
Men's Street Footwear,4,Northeast,122,561,2021,11,9,Foot Locker,354,Philadelphia
Men's Athletic Footwear,4,Northeast,45,203,2021,11,10,Foot Locker,85,Philadelphia
Women's Street Footwear,3,Northeast,38,144,2021,11,11,Foot Locker,66,Philadelphia
Women's Athletic Footwear,4,Northeast,20,84,2021,11,12,Foot Locker,39,Philadelphia
Men's Apparel,5,Northeast,22,121,2021,11,13,Foot Locker,51,Philadelphia
Women's Apparel,4,Northeast,54,259,2021,11,14,Foot Locker,93,Philadelphia
Men's Street Footwear,5,Northeast,136,789,2021,11,15,Foot Locker,497,Philadelphia
Men's Athletic Footwear,5,Northeast,53,286,2021,11,16,Foot Locker,114,Philadelphia
Women's Street Footwear,5,Northeast,42,218,2021,11,17,Foot Locker,100,Philadelphia
Women's Athletic Footwear,5,Northeast,29,148,2021,11,18,Foot Locker,70,Philadelphia
Men's Apparel,5,Northeast,31,183,2021,11,19,Foot Locker,77,Philadelphia
Women's Apparel,6,Northeast,63,403,2021,11,20,Foot Locker,181,Philadelphia
Men's Street Footwear,6,Northeast,135,864,2021,11,21,Foot Locker,562,Philadelphia
Men's Athletic Footwear,5,Northeast,70,413,2021,11,22,Foot Locker,190,Philadelphia
Women's Street Footwear,5,Northeast,44,229,2021,11,23,Foot Locker,114,Philadelphia
Women's Athletic Footwear,5,Northeast,39,203,2021,11,24,Foot Locker,107,Philadelphia
Men's Apparel,6,Northeast,45,270,2021,11,25,Foot Locker,124,Philadelphia
Women's Apparel,6,Northeast,81,527,2021,11,26,Foot Locker,221,Philadelphia
Men's Street Footwear,6,Northeast,145,870,2021,11,27,Foot Locker,583,Philadelphia
Men's Athletic Footwear,5,Northeast,90,495,2021,11,28,Foot Locker,248,Philadelphia
Women's Street Footwear,5,Northeast,59,301,2021,11,29,Foot Locker,150,Philadelphia
Women's Athletic Footwear,5,Northeast,44,224,2021,11,30,Foot Locker,119,Philadelphia
Men's Apparel,6,Northeast,60,384,2021,12,1,Foot Locker,184,Philadelphia
Women's Apparel,6,Northeast,98,627,2021,12,2,Foot Locker,263,Philadelphia
Men's Street Footwear,6,Northeast,158,948,2021,12,3,Foot Locker,626,Philadelphia
Men's Athletic Footwear,5,Northeast,75,405,2021,12,4,Foot Locker,190,Philadelphia
Women's Street Footwear,5,Northeast,61,329,2021,12,5,Foot Locker,181,Philadelphia
Women's Athletic Footwear,5,Northeast,58,307,2021,12,6,Foot Locker,166,Philadelphia
Men's Apparel,6,Northeast,46,281,2021,12,7,Foot Locker,129,Philadelphia
Women's Apparel,6,Northeast,95,608,2021,12,8,Foot Locker,261,Philadelphia
Men's Street Footwear,6,Northeast,143,887,2021,12,9,Foot Locker,532,Philadelphia
Men's Athletic Footwear,4,Northeast,80,384,2021,12,10,Foot Locker,154,Philadelphia
Women's Street Footwear,4,Northeast,50,205,2021,12,11,Foot Locker,92,Philadelphia
Women's Athletic Footwear,4,Northeast,53,217,2021,12,12,Foot Locker,102,Philadelphia
Men's Apparel,5,Northeast,36,180,2021,12,13,Foot Locker,81,Philadelphia
Women's Apparel,5,Northeast,61,336,2021,12,14,Foot Locker,134,Philadelphia
Men's Street Footwear,5,Northeast,104,572,2021,12,15,Foot Locker,355,Philadelphia
Men's Athletic Footwear,4,Northeast,63,296,2021,12,16,Foot Locker,124,Philadelphia
Women's Street Footwear,4,Northeast,34,163,2021,12,17,Foot Locker,73,Philadelphia
Women's Athletic Footwear,4,Northeast,29,139,2021,12,18,Foot Locker,63,Philadelphia
Men's Apparel,5,Northeast,27,151,2021,12,19,Foot Locker,65,Philadelphia
Women's Apparel,6,Northeast,63,378,2021,12,20,Foot Locker,147,Philadelphia
Men's Street Footwear,6,Northeast,113,746,2021,12,21,Foot Locker,485,Philadelphia
Men's Athletic Footwear,5,Northeast,60,330,2021,12,22,Foot Locker,155,Philadelphia
Women's Street Footwear,5,Northeast,55,303,2021,12,23,Foot Locker,160,Philadelphia
Women's Athletic Footwear,5,Northeast,44,246,2021,12,24,Foot Locker,126,Philadelphia
Men's Apparel,6,Northeast,42,269,2021,12,25,Foot Locker,129,Philadelphia
Women's Apparel,7,Northeast,65,462,2021,12,26,Foot Locker,203,Philadelphia
Men's Street Footwear,6,Northeast,124,831,2021,12,27,Foot Locker,573,Philadelphia
Men's Athletic Footwear,5,Northeast,69,380,2021,12,28,Foot Locker,171,Philadelphia
Women's Street Footwear,5,Northeast,65,358,2021,12,29,Foot Locker,189,Philadelphia
Women's Athletic Footwear,5,Northeast,53,302,2021,12,30,Foot Locker,160,Philadelphia
Men's Apparel,6,Northeast,47,296,2021,12,31,Foot Locker,136,Philadelphia
Women's Apparel,6,Northeast,83,564,2020,1,1,Foot Locker,243,Philadelphia
Men's Street Footwear,3,Northeast,122,390,2020,1,2,West Gear,199,Philadelphia
Men's Athletic Footwear,4,Northeast,117,515,2020,1,3,West Gear,190,Philadelphia
Women's Street Footwear,4,Northeast,117,480,2020,1,4,West Gear,259,Philadelphia
Women's Athletic Footwear,4,Northeast,87,374,2020,1,5,West Gear,187,Philadelphia
Men's Apparel,4,West,70,329,2020,1,6,West Gear,214,Las Vegas
Women's Apparel,4,West,128,525,2020,1,7,West Gear,157,Las Vegas
Men's Street Footwear,3,West,158,537,2020,1,8,West Gear,269,Las Vegas
Men's Athletic Footwear,4,West,128,550,2020,1,9,West Gear,220,Las Vegas
Women's Street Footwear,4,West,119,488,2020,1,10,West Gear,259,Las Vegas
Women's Athletic Footwear,4,West,74,326,2020,1,11,West Gear,150,Las Vegas
Men's Apparel,4,West,52,239,2020,1,12,West Gear,167,Las Vegas
Women's Apparel,4,West,116,476,2020,1,13,West Gear,162,Las Vegas
Men's Street Footwear,4,West,160,688,2020,1,14,West Gear,378,Las Vegas
Men's Athletic Footwear,5,West,120,600,2020,1,15,West Gear,240,Las Vegas
Women's Street Footwear,5,West,104,541,2020,1,16,West Gear,287,Las Vegas
Women's Athletic Footwear,5,West,84,420,2020,1,17,West Gear,197,Las Vegas
Men's Apparel,5,West,47,259,2020,1,18,West Gear,181,Las Vegas
Women's Apparel,5,West,94,508,2020,1,19,West Gear,173,Las Vegas
Men's Street Footwear,5,West,143,829,2020,1,20,West Gear,423,Las Vegas
Men's Athletic Footwear,6,West,102,632,2020,1,21,West Gear,240,Las Vegas
Women's Street Footwear,6,West,120,732,2020,1,22,West Gear,388,Las Vegas
Women's Athletic Footwear,5,West,75,443,2020,1,23,West Gear,204,Las Vegas
Men's Apparel,6,West,52,328,2020,1,24,West Gear,216,Las Vegas
Women's Apparel,7,West,95,741,2020,1,25,West Gear,252,Las Vegas
Men's Street Footwear,5,West,149,864,2020,1,26,West Gear,501,Las Vegas
Men's Athletic Footwear,6,West,104,624,2020,1,27,West Gear,268,Las Vegas
Women's Street Footwear,6,West,116,731,2020,1,28,West Gear,417,Las Vegas
Women's Athletic Footwear,5,West,90,513,2020,1,29,West Gear,257,Las Vegas
Men's Apparel,6,West,60,360,2020,1,30,West Gear,252,Las Vegas
Women's Apparel,7,West,131,1022,2020,1,31,West Gear,358,Las Vegas
Men's Street Footwear,5,West,189,1058,2020,2,1,West Gear,603,Las Vegas
Men's Athletic Footwear,6,West,165,1023,2020,2,2,West Gear,419,Las Vegas
Women's Street Footwear,6,West,165,1023,2020,2,3,West Gear,604,Las Vegas
Women's Athletic Footwear,5,West,111,644,2020,2,4,West Gear,328,Las Vegas
Men's Apparel,5,West,81,478,2020,2,5,West Gear,354,Las Vegas
Women's Apparel,7,West,174,1270,2020,2,6,West Gear,508,Las Vegas
Men's Street Footwear,5,West,218,1264,2020,2,7,West Gear,670,Las Vegas
Men's Athletic Footwear,6,West,174,1061,2020,2,8,West Gear,382,Las Vegas
Women's Street Footwear,6,West,143,872,2020,2,9,West Gear,462,Las Vegas
Women's Athletic Footwear,5,West,117,644,2020,2,10,West Gear,315,Las Vegas
Men's Apparel,6,West,130,780,2020,2,11,West Gear,546,Las Vegas
Women's Apparel,7,West,145,1131,2020,2,12,West Gear,339,Las Vegas
Men's Street Footwear,6,West,210,1302,2020,2,13,West Gear,690,Las Vegas
Men's Athletic Footwear,6,West,182,1165,2020,2,14,West Gear,454,Las Vegas
Women's Street Footwear,6,West,152,912,2020,2,15,West Gear,474,Las Vegas
Women's Athletic Footwear,6,West,124,794,2020,2,16,West Gear,373,Las Vegas
Men's Apparel,6,West,138,938,2020,2,17,West Gear,638,Las Vegas
Women's Apparel,7,West,108,842,2020,2,18,West Gear,286,Las Vegas
Men's Street Footwear,5,West,174,974,2020,2,19,West Gear,468,Las Vegas
Men's Athletic Footwear,6,West,162,988,2020,2,20,West Gear,336,Las Vegas
Women's Street Footwear,5,West,117,667,2020,2,21,West Gear,333,Las Vegas
Women's Athletic Footwear,5,West,112,650,2020,2,22,West Gear,286,Las Vegas
Men's Apparel,6,West,120,804,2020,2,23,West Gear,490,Las Vegas
Women's Apparel,7,West,113,836,2020,2,24,West Gear,251,Las Vegas
Men's Street Footwear,5,West,138,773,2020,2,25,West Gear,379,Las Vegas
Men's Athletic Footwear,5,West,165,974,2020,2,26,West Gear,341,Las Vegas
Women's Street Footwear,5,West,109,589,2020,2,27,West Gear,265,Las Vegas
Women's Athletic Footwear,5,West,105,567,2020,2,28,West Gear,238,Las Vegas
Men's Apparel,6,West,81,510,2020,3,1,West Gear,311,Las Vegas
Women's Apparel,6,West,94,639,2020,3,2,West Gear,160,Las Vegas
Men's Street Footwear,5,West,155,884,2020,3,3,West Gear,424,Las Vegas
Men's Athletic Footwear,6,West,150,960,2020,3,4,West Gear,326,Las Vegas
Women's Street Footwear,5,West,106,583,2020,3,5,West Gear,268,Las Vegas
Women's Athletic Footwear,5,West,108,605,2020,3,6,West Gear,248,Las Vegas
Men's Apparel,6,West,88,563,2020,3,7,West Gear,360,Las Vegas
Women's Apparel,6,West,133,904,2020,3,8,West Gear,235,Las Vegas
Men's Street Footwear,5,West,196,1137,2020,3,9,West Gear,534,Las Vegas
Men's Athletic Footwear,6,West,189,1172,2020,3,10,West Gear,398,Las Vegas
Women's Street Footwear,5,West,119,702,2020,3,11,West Gear,330,Las Vegas
Women's Athletic Footwear,5,West,133,758,2020,3,12,West Gear,334,Las Vegas
Men's Apparel,6,West,112,773,2020,3,13,West Gear,464,Las Vegas
Women's Apparel,7,West,150,1110,2020,3,14,West Gear,300,Las Vegas
Men's Street Footwear,2,West,123,344,2020,3,15,West Gear,172,Las Vegas
Men's Athletic Footwear,3,West,123,467,2020,3,16,West Gear,154,Las Vegas
Women's Street Footwear,3,West,115,449,2020,3,17,West Gear,206,Las Vegas
Women's Athletic Footwear,3,West,72,274,2020,3,18,West Gear,123,Las Vegas
Men's Apparel,4,West,56,230,2020,3,19,West Gear,147,Denver
Women's Apparel,3,West,128,474,2020,3,20,West Gear,123,Denver
Men's Street Footwear,2,West,131,354,2020,3,21,West Gear,170,Denver
Men's Athletic Footwear,3,West,111,422,2020,3,22,West Gear,127,Denver
Women's Street Footwear,3,West,123,467,2020,3,23,West Gear,234,Denver
Women's Athletic Footwear,3,West,72,259,2020,3,24,West Gear,117,Denver
Men's Apparel,4,West,58,249,2020,3,25,West Gear,155,Denver
Women's Apparel,3,West,116,429,2020,3,26,West Gear,116,Denver
Men's Street Footwear,3,West,165,611,2020,3,27,West Gear,293,Denver
Men's Athletic Footwear,4,West,112,538,2020,3,28,West Gear,183,Denver
Women's Street Footwear,5,West,116,592,2020,3,29,West Gear,290,Denver
Women's Athletic Footwear,5,West,90,459,2020,3,30,West Gear,197,Denver
Men's Apparel,5,West,39,218,2020,3,31,West Gear,131,Denver
Women's Apparel,5,West,95,494,2020,4,1,West Gear,143,Denver
Men's Street Footwear,5,West,131,721,2020,4,2,West Gear,339,Denver
Men's Athletic Footwear,5,West,94,555,2020,4,3,West Gear,194,Denver
Women's Street Footwear,6,West,113,689,2020,4,4,West Gear,345,Denver
Women's Athletic Footwear,5,West,74,414,2020,4,5,West Gear,178,Denver
Men's Apparel,6,West,44,273,2020,4,6,West Gear,166,Denver
Women's Apparel,7,West,98,706,2020,4,7,West Gear,176,Denver
Men's Street Footwear,5,West,131,721,2020,4,8,West Gear,440,Denver
Men's Athletic Footwear,6,West,105,630,2020,4,9,West Gear,290,Denver
Women's Street Footwear,5,West,98,578,2020,4,10,West Gear,347,Denver
Women's Athletic Footwear,5,West,69,400,2020,4,11,West Gear,236,Denver
Men's Apparel,6,West,44,277,2020,4,12,West Gear,211,Denver
Women's Apparel,7,West,133,984,2020,4,13,West Gear,423,Denver
Men's Street Footwear,5,West,189,1021,2020,4,14,West Gear,653,Denver
Men's Athletic Footwear,5,West,144,850,2020,4,15,West Gear,425,Denver
Women's Street Footwear,6,West,150,960,2020,4,16,West Gear,614,Denver
Women's Athletic Footwear,6,West,135,837,2020,4,17,West Gear,502,Denver
Men's Apparel,6,West,91,601,2020,4,18,West Gear,462,Denver
Women's Apparel,8,West,181,1502,2020,4,19,West Gear,646,Denver
Men's Street Footwear,6,West,202,1293,2020,4,20,West Gear,776,Denver
Men's Athletic Footwear,6,West,188,1260,2020,4,21,West Gear,504,Denver
Women's Street Footwear,6,West,161,1079,2020,4,22,West Gear,593,Denver
Women's Athletic Footwear,6,West,143,872,2020,4,23,West Gear,454,Denver
Men's Apparel,6,West,131,878,2020,4,24,West Gear,614,Denver
Women's Apparel,7,West,137,1069,2020,4,25,West Gear,427,Denver
Men's Street Footwear,6,West,196,1235,2020,4,26,West Gear,729,Denver
Men's Athletic Footwear,7,West,189,1380,2020,4,27,West Gear,579,Denver
Women's Street Footwear,6,West,143,958,2020,4,28,West Gear,546,Denver
Women's Athletic Footwear,6,West,135,851,2020,4,29,West Gear,459,Denver
Men's Apparel,7,West,140,1036,2020,4,30,West Gear,756,Denver
Women's Apparel,7,West,100,740,2020,5,1,West Gear,259,Denver
Men's Street Footwear,5,West,162,956,2020,5,2,West Gear,507,Denver
Men's Athletic Footwear,6,West,168,1159,2020,5,3,West Gear,417,Denver
Women's Street Footwear,6,West,113,678,2020,5,4,West Gear,339,Denver
Women's Athletic Footwear,5,West,100,590,2020,5,5,West Gear,283,Denver
Men's Apparel,7,West,120,888,2020,5,6,West Gear,613,Denver
Women's Apparel,6,West,106,689,2020,5,7,West Gear,214,Denver
Men's Street Footwear,5,West,137,699,2020,5,8,West Gear,349,Denver
Men's Athletic Footwear,5,West,152,821,2020,5,9,West Gear,287,Denver
Women's Street Footwear,5,West,102,520,2020,5,10,West Gear,260,Denver
Women's Athletic Footwear,5,West,85,451,2020,5,11,West Gear,207,Denver
Men's Apparel,6,West,75,480,2020,5,12,West Gear,317,Denver
Women's Apparel,6,West,105,683,2020,5,13,West Gear,205,Denver
Men's Street Footwear,5,West,150,780,2020,5,14,West Gear,429,Denver
Men's Athletic Footwear,5,West,150,825,2020,5,15,West Gear,305,Denver
Women's Street Footwear,5,West,128,653,2020,5,16,West Gear,346,Denver
Women's Athletic Footwear,6,West,116,696,2020,5,17,West Gear,334,Denver
Men's Apparel,6,West,105,714,2020,5,18,West Gear,493,Denver
Women's Apparel,7,West,130,949,2020,5,19,West Gear,294,Denver
Men's Street Footwear,5,West,203,1198,2020,5,20,West Gear,623,Denver
Men's Athletic Footwear,6,West,182,1165,2020,5,21,West Gear,443,Denver
Women's Street Footwear,6,West,125,750,2020,5,22,West Gear,413,Denver
Women's Athletic Footwear,6,West,125,788,2020,5,23,West Gear,354,Denver
Men's Apparel,6,West,115,782,2020,5,24,West Gear,524,Denver
Women's Apparel,7,West,137,1028,2020,5,25,West Gear,339,Denver
Men's Street Footwear,3,West,117,421,2020,5,26,West Gear,173,Denver
Men's Athletic Footwear,4,West,131,629,2020,5,27,West Gear,252,Denver
Women's Street Footwear,4,West,135,621,2020,5,28,West Gear,217,Denver
Women's Athletic Footwear,4,West,78,382,2020,5,29,West Gear,157,Denver
Men's Apparel,5,West,73,372,2020,5,30,West Gear,145,Seattle
Women's Apparel,4,West,125,575,2020,5,31,West Gear,178,Seattle
Men's Street Footwear,3,West,138,497,2020,6,1,West Gear,214,Seattle
Men's Athletic Footwear,4,West,131,616,2020,6,2,West Gear,240,Seattle
Women's Street Footwear,4,West,122,573,2020,6,3,West Gear,224,Seattle
Women's Athletic Footwear,4,West,87,418,2020,6,4,West Gear,175,Seattle
Men's Apparel,5,West,65,338,2020,6,5,West Gear,135,Seattle
Women's Apparel,4,West,123,566,2020,6,6,West Gear,175,Seattle
Men's Street Footwear,4,West,167,768,2020,6,7,West Gear,346,Seattle
Men's Athletic Footwear,5,West,115,667,2020,6,8,West Gear,240,Seattle
Women's Street Footwear,6,West,115,690,2020,6,9,West Gear,276,Seattle
Women's Athletic Footwear,6,West,85,544,2020,6,10,West Gear,228,Seattle
Men's Apparel,6,West,46,317,2020,6,11,West Gear,121,Seattle
Women's Apparel,6,West,105,651,2020,6,12,West Gear,221,Seattle
Men's Street Footwear,6,West,160,1088,2020,6,13,West Gear,479,Seattle
Men's Athletic Footwear,7,West,88,625,2020,6,14,West Gear,244,Seattle
Women's Street Footwear,7,West,120,888,2020,6,15,West Gear,346,Seattle
Women's Athletic Footwear,5,West,90,495,2020,6,16,West Gear,208,Seattle
Men's Apparel,5,West,56,330,2020,6,17,West Gear,132,Seattle
Women's Apparel,7,West,88,686,2020,6,18,West Gear,220,Seattle
Men's Street Footwear,5,West,165,908,2020,6,19,West Gear,372,Seattle
Men's Athletic Footwear,6,West,108,648,2020,6,20,West Gear,246,Seattle
Women's Street Footwear,6,West,120,732,2020,6,21,West Gear,278,Seattle
Women's Athletic Footwear,5,West,90,531,2020,6,22,West Gear,234,Seattle
Men's Apparel,6,West,52,312,2020,6,23,West Gear,119,Seattle
Women's Apparel,7,West,125,938,2020,6,24,West Gear,309,Seattle
Men's Street Footwear,7,West,195,1385,2020,6,25,West Gear,581,Seattle
Men's Athletic Footwear,7,West,188,1391,2020,6,26,West Gear,515,Seattle
Women's Street Footwear,7,West,163,1174,2020,6,27,West Gear,446,Seattle
Women's Athletic Footwear,7,West,125,938,2020,6,28,West Gear,375,Seattle
Men's Apparel,8,West,105,861,2020,6,29,West Gear,336,Seattle
Women's Apparel,9,West,182,1784,2020,6,30,West Gear,606,Seattle
Men's Street Footwear,7,West,239,1745,2020,7,1,West Gear,698,Seattle
Men's Athletic Footwear,8,West,182,1492,2020,7,2,West Gear,537,Seattle
Women's Street Footwear,7,West,175,1365,2020,7,3,West Gear,478,Seattle
Women's Athletic Footwear,7,West,137,1069,2020,7,4,West Gear,438,Seattle
Men's Apparel,7,West,144,1109,2020,7,5,West Gear,388,Seattle
Women's Apparel,9,West,155,1473,2020,7,6,West Gear,515,Seattle
Men's Street Footwear,8,West,217,1736,2020,7,7,West Gear,781,Seattle
Men's Athletic Footwear,7,West,210,1617,2020,7,8,West Gear,631,Seattle
Women's Street Footwear,7,West,163,1190,2020,7,9,West Gear,416,Seattle
Women's Athletic Footwear,7,West,155,1147,2020,7,10,West Gear,505,Seattle
Men's Apparel,7,West,155,1101,2020,7,11,West Gear,429,Seattle
Women's Apparel,7,West,108,821,2020,7,12,West Gear,271,Seattle
Men's Street Footwear,6,West,156,998,2020,7,13,West Gear,409,Seattle
Men's Athletic Footwear,7,West,174,1235,2020,7,14,West Gear,432,Seattle
Women's Street Footwear,6,West,135,851,2020,7,15,West Gear,315,Seattle
Women's Athletic Footwear,6,West,112,750,2020,7,16,West Gear,300,Seattle
Men's Apparel,7,West,111,799,2020,7,17,West Gear,320,Seattle
Women's Apparel,6,West,113,701,2020,7,18,West Gear,245,Seattle
Men's Street Footwear,5,West,149,864,2020,7,19,West Gear,346,Seattle
Men's Athletic Footwear,6,West,138,883,2020,7,20,West Gear,327,Seattle
Women's Street Footwear,5,West,113,633,2020,7,21,West Gear,228,Seattle
Women's Athletic Footwear,5,West,98,568,2020,7,22,West Gear,250,Seattle
Men's Apparel,6,West,94,649,2020,7,23,West Gear,227,Seattle
Women's Apparel,7,West,101,717,2020,7,24,West Gear,251,Seattle
Men's Street Footwear,5,West,162,875,2020,7,25,West Gear,385,Seattle
Men's Athletic Footwear,6,West,188,1128,2020,7,26,West Gear,417,Seattle
Women's Street Footwear,5,West,124,670,2020,7,27,West Gear,248,Seattle
Women's Athletic Footwear,6,West,117,807,2020,7,28,West Gear,347,Seattle
Men's Apparel,8,West,115,978,2020,7,29,West Gear,391,Seattle
Women's Apparel,8,West,138,1214,2020,7,30,West Gear,376,Seattle
Men's Street Footwear,7,West,188,1466,2020,7,31,West Gear,587,Seattle
Men's Athletic Footwear,7,West,195,1502,2020,8,1,West Gear,571,Seattle
Women's Street Footwear,7,West,138,1007,2020,8,2,West Gear,393,Seattle
Women's Athletic Footwear,7,West,138,1049,2020,8,3,West Gear,451,Seattle
Men's Apparel,8,West,133,1091,2020,8,4,West Gear,414,Seattle
Women's Apparel,8,West,150,1290,2020,8,5,West Gear,439,Seattle
Men's Street Footwear,4,West,273,1201,2020,8,6,Foot Locker,661,Seattle
Men's Athletic Footwear,4,West,221,906,2020,8,7,Foot Locker,444,Seattle
Women's Street Footwear,3,West,230,782,2020,8,8,Foot Locker,305,Seattle
Women's Athletic Footwear,3,West,175,665,2020,8,9,Foot Locker,266,Seattle
Men's Apparel,5,Southeast,195,975,2020,8,10,Foot Locker,488,Miami
Women's Apparel,4,Southeast,247,1013,2020,8,11,Foot Locker,628,Miami
Men's Street Footwear,4,Southeast,319,1372,2020,8,12,Foot Locker,782,Miami
Men's Athletic Footwear,4,Southeast,195,839,2020,8,13,Foot Locker,411,Miami
Women's Street Footwear,3,Southeast,240,768,2020,8,14,Foot Locker,292,Miami
Women's Athletic Footwear,3,Southeast,169,642,2020,8,15,West Gear,283,Miami
Men's Apparel,5,Southeast,218,1155,2020,8,16,Foot Locker,555,Miami
Women's Apparel,4,Southeast,221,906,2020,8,17,Foot Locker,589,Miami
Men's Street Footwear,4,Southeast,268,1099,2020,8,18,Foot Locker,659,Miami
Men's Athletic Footwear,4,Southeast,225,945,2020,8,19,Foot Locker,454,Miami
Women's Street Footwear,3,Southeast,217,694,2020,8,20,Foot Locker,243,Miami
Women's Athletic Footwear,3,Southeast,175,630,2020,8,21,Foot Locker,252,Miami
Men's Apparel,5,Southeast,182,965,2020,8,22,Foot Locker,444,Miami
Women's Apparel,4,Southeast,225,945,2020,8,23,Foot Locker,605,Miami
Men's Street Footwear,4,Southeast,256,1075,2020,4,24,Foot Locker,624,Miami
Men's Athletic Footwear,4,Southeast,210,861,2020,4,24,Foot Locker,431,Miami
Women's Street Footwear,3,Southeast,203,650,2020,4,24,West Gear,260,Miami
Women's Athletic Footwear,3,Southeast,189,718,2020,4,24,West Gear,323,Miami
Men's Apparel,5,Southeast,196,1019,2020,4,24,West Gear,459,Miami
Women's Apparel,4,Southeast,208,915,2020,4,24,West Gear,549,Miami
Men's Street Footwear,5,Southeast,300,1560,2020,4,24,West Gear,874,Miami
Men's Athletic Footwear,5,Southeast,194,1048,2020,4,24,West Gear,524,Miami
Women's Street Footwear,4,Southeast,188,884,2020,4,24,West Gear,327,Miami
Women's Athletic Footwear,4,Southeast,175,858,2020,4,24,West Gear,369,Miami
Men's Apparel,5,Southeast,196,1137,2020,4,24,West Gear,534,Miami
Women's Apparel,6,Southeast,248,1587,2020,4,24,West Gear,1016,Miami
Men's Street Footwear,5,Southeast,290,1595,2020,4,24,West Gear,941,Miami
Men's Athletic Footwear,5,Southeast,206,1112,2020,4,24,West Gear,545,Miami
Women's Street Footwear,4,Southeast,208,1019,2020,9,7,West Gear,357,Miami
Women's Athletic Footwear,4,Southeast,217,1020,2020,9,8,West Gear,408,Miami
Men's Apparel,6,Southeast,233,1445,2020,9,9,West Gear,708,Miami
Women's Apparel,6,Southeast,259,1632,2020,9,10,West Gear,1061,Miami
Men's Street Footwear,6,Southeast,299,1794,2020,9,11,West Gear,1076,Miami
Men's Athletic Footwear,5,Southeast,225,1283,2020,9,12,West Gear,590,Miami
Women's Street Footwear,5,Southeast,215,1075,2020,9,13,West Gear,398,Miami
Women's Athletic Footwear,5,Southeast,233,1235,2020,9,14,West Gear,531,Miami
Men's Apparel,6,Southeast,208,1269,2020,9,15,West Gear,622,Miami
Women's Apparel,6,Southeast,244,1635,2020,9,16,West Gear,1063,Miami
Men's Street Footwear,6,Southeast,304,1824,2020,9,17,West Gear,1040,Miami
Men's Athletic Footwear,5,Southeast,252,1386,2020,9,18,West Gear,624,Miami
Women's Street Footwear,5,Southeast,231,1224,2020,9,19,West Gear,453,Miami
Women's Athletic Footwear,4,Southeast,233,1025,2020,9,20,Foot Locker,410,Miami
Men's Apparel,5,Southeast,225,1170,2020,9,21,Foot Locker,527,Miami
Women's Apparel,5,Southeast,278,1557,2020,9,22,Foot Locker,950,Miami
Men's Street Footwear,5,Southeast,284,1505,2020,9,23,Foot Locker,828,Miami
Men's Athletic Footwear,4,Southeast,255,1173,2020,9,24,Foot Locker,528,Miami
Women's Street Footwear,4,Southeast,225,923,2020,9,25,Sports Direct,341,Miami
Women's Athletic Footwear,4,Southeast,210,882,2020,9,26,Sports Direct,379,Miami
Men's Apparel,5,Southeast,210,1050,2020,9,27,Sports Direct,525,Miami
Women's Apparel,5,Southeast,223,1227,2020,9,28,Sports Direct,773,Miami
Men's Street Footwear,5,Southeast,270,1512,2020,9,29,Sports Direct,907,Miami
Men's Athletic Footwear,4,Southeast,215,1011,2020,9,30,Sports Direct,455,Miami
Women's Street Footwear,4,Southeast,203,954,2020,10,1,Sports Direct,372,Miami
Women's Athletic Footwear,4,Southeast,182,819,2020,10,2,Sports Direct,360,Miami
Men's Apparel,5,Southeast,189,1077,2020,10,3,Sports Direct,539,Miami
Women's Apparel,5,Southeast,223,1316,2020,10,4,Sports Direct,855,Miami
Men's Street Footwear,5,Southeast,244,1366,2020,10,5,Sports Direct,793,Miami
Men's Athletic Footwear,4,Southeast,224,1098,2020,10,6,Sports Direct,527,Miami
Women's Street Footwear,4,Southeast,224,1030,2020,10,7,Sports Direct,381,Miami
Women's Athletic Footwear,4,Southeast,202,990,2020,10,8,Sports Direct,436,Miami
Men's Apparel,6,Southeast,195,1248,2020,10,9,Sports Direct,624,Miami
Women's Apparel,6,Southeast,213,1363,2020,10,10,Sports Direct,818,Miami
Men's Street Footwear,6,Southeast,323,2035,2020,5,24,Sports Direct,1140,Miami
Men's Athletic Footwear,5,Southeast,254,1295,2020,5,24,Sports Direct,609,Miami
Women's Street Footwear,5,Southeast,248,1290,2020,5,24,Sports Direct,477,Miami
Women's Athletic Footwear,5,Southeast,209,1129,2020,5,24,Sports Direct,485,Miami
Men's Apparel,6,Southeast,202,1212,2020,5,24,Foot Locker,594,Miami
Women's Apparel,6,Southeast,219,1402,2020,5,24,Foot Locker,883,Miami
Men's Street Footwear,3,Southeast,131,432,2020,10,17,Foot Locker,195,Miami
Men's Athletic Footwear,3,Southeast,65,215,2020,10,18,Foot Locker,86,Miami
Women's Street Footwear,2,Southeast,63,151,2020,10,19,Foot Locker,67,Miami
Women's Athletic Footwear,2,Southeast,26,75,2020,10,20,Foot Locker,34,Miami
Men's Apparel,4,Midwest,39,168,2020,10,21,Foot Locker,75,Minneapolis
Women's Apparel,3,Midwest,65,208,2020,10,22,Foot Locker,116,Minneapolis
Men's Street Footwear,3,Midwest,135,432,2020,10,23,Foot Locker,194,Minneapolis
Men's Athletic Footwear,3,Midwest,38,129,2020,10,24,Foot Locker,58,Minneapolis
Women's Street Footwear,2,Midwest,56,140,2020,10,25,Foot Locker,59,Minneapolis
Women's Athletic Footwear,2,Midwest,20,54,2020,10,26,Foot Locker,25,Minneapolis
Men's Apparel,4,Midwest,44,180,2020,10,27,Foot Locker,74,Minneapolis
Women's Apparel,3,Midwest,65,221,2020,10,28,Foot Locker,122,Minneapolis
Men's Street Footwear,3,Midwest,116,452,2020,10,29,Foot Locker,226,Minneapolis
Men's Athletic Footwear,3,Midwest,35,133,2020,10,30,Foot Locker,53,Minneapolis
Women's Street Footwear,2,Midwest,53,154,2020,10,31,Foot Locker,69,Minneapolis
Women's Athletic Footwear,3,Midwest,7,22,2020,11,1,Foot Locker,11,Minneapolis
Men's Apparel,4,Midwest,19,89,2020,11,2,Foot Locker,38,Minneapolis
Women's Apparel,3,Midwest,47,179,2020,11,3,Foot Locker,98,Minneapolis
Men's Street Footwear,3,Midwest,120,432,2020,11,4,Foot Locker,203,Minneapolis
Men's Athletic Footwear,3,Midwest,28,106,2020,11,5,Foot Locker,45,Minneapolis
Women's Street Footwear,2,Midwest,26,75,2020,11,6,Foot Locker,33,Minneapolis
Women's Athletic Footwear,3,Midwest,7,22,2020,11,7,Foot Locker,11,Minneapolis
Men's Apparel,4,Midwest,14,66,2020,11,8,Foot Locker,26,Minneapolis
Women's Apparel,3,Midwest,53,191,2020,11,9,Foot Locker,114,Minneapolis
Men's Street Footwear,4,Midwest,116,557,2020,11,10,Foot Locker,262,Minneapolis
Men's Athletic Footwear,4,Midwest,44,194,2020,11,11,Foot Locker,79,Minneapolis
Women's Street Footwear,3,Midwest,38,141,2020,11,12,Foot Locker,62,Minneapolis
Women's Athletic Footwear,3,Midwest,13,47,2020,11,13,Foot Locker,23,Minneapolis
Men's Apparel,5,Midwest,20,100,2020,11,14,Foot Locker,41,Minneapolis
Women's Apparel,5,Midwest,51,296,2020,11,15,Foot Locker,175,Minneapolis
Men's Street Footwear,4,Midwest,106,466,2020,11,16,Foot Locker,229,Minneapolis
Men's Athletic Footwear,3,Midwest,49,186,2020,11,17,Foot Locker,76,Minneapolis
Women's Street Footwear,3,Midwest,47,155,2020,11,18,Foot Locker,70,Minneapolis
Women's Athletic Footwear,3,Midwest,45,144,2020,11,19,Foot Locker,68,Minneapolis
Men's Apparel,4,Midwest,45,221,2020,11,20,Foot Locker,93,Minneapolis
Women's Apparel,5,Midwest,81,429,2020,11,21,Foot Locker,240,Minneapolis
Men's Street Footwear,4,Midwest,160,784,2020,11,22,Foot Locker,368,Minneapolis
Men's Athletic Footwear,4,Midwest,75,315,2020,11,23,Foot Locker,142,Minneapolis
Women's Street Footwear,3,Midwest,63,227,2020,11,24,Foot Locker,95,Minneapolis
Women's Athletic Footwear,3,Midwest,51,194,2020,11,25,Foot Locker,93,Minneapolis
Men's Apparel,4,Midwest,58,284,2020,11,26,Foot Locker,117,Minneapolis
Women's Apparel,5,Midwest,98,529,2020,11,27,Foot Locker,291,Minneapolis
Men's Street Footwear,4,Midwest,137,644,2020,11,28,Foot Locker,303,Minneapolis
Men's Athletic Footwear,4,Midwest,87,374,2020,11,29,Foot Locker,153,Minneapolis
Women's Street Footwear,3,Midwest,68,252,2020,11,30,Foot Locker,101,Minneapolis
Women's Athletic Footwear,3,Midwest,47,155,2020,12,1,Foot Locker,76,Minneapolis
Men's Apparel,4,Midwest,42,176,2020,12,2,Foot Locker,72,Minneapolis
Women's Apparel,4,Midwest,88,405,2020,12,3,Foot Locker,231,Minneapolis
Men's Street Footwear,4,Midwest,113,486,2020,12,4,Foot Locker,233,Minneapolis
Men's Athletic Footwear,3,Midwest,73,270,2020,12,5,Foot Locker,122,Minneapolis
Women's Street Footwear,2,Midwest,41,98,2020,12,6,Foot Locker,39,Minneapolis
Women's Athletic Footwear,2,Midwest,31,74,2020,12,7,Foot Locker,34,Minneapolis
Men's Apparel,3,Midwest,34,109,2020,12,8,Foot Locker,48,Minneapolis
Women's Apparel,3,Midwest,52,203,2020,12,9,Foot Locker,116,Minneapolis
Men's Street Footwear,4,Midwest,98,402,2020,12,10,Foot Locker,189,Minneapolis
Men's Athletic Footwear,3,Midwest,58,197,2020,12,11,Foot Locker,85,Minneapolis
Women's Street Footwear,3,Midwest,25,80,2020,12,12,Foot Locker,34,Minneapolis
Women's Athletic Footwear,3,Midwest,21,67,2020,12,13,Foot Locker,31,Minneapolis
Men's Apparel,4,Midwest,19,78,2020,12,14,Foot Locker,33,Minneapolis
Women's Apparel,4,Midwest,60,294,2020,12,15,Foot Locker,176,Minneapolis
Men's Street Footwear,4,Midwest,91,419,2020,12,16,Foot Locker,197,Minneapolis
Men's Athletic Footwear,3,Midwest,52,198,2020,12,17,Foot Locker,79,Minneapolis
Women's Street Footwear,3,Midwest,38,137,2020,12,18,Foot Locker,55,Minneapolis
Women's Athletic Footwear,3,Midwest,45,171,2020,12,19,Foot Locker,84,Minneapolis
Men's Apparel,5,Midwest,34,177,2020,12,20,Foot Locker,74,Minneapolis
Women's Apparel,5,Midwest,61,360,2020,12,21,Foot Locker,216,Minneapolis
Men's Street Footwear,5,Midwest,124,620,2020,12,22,Foot Locker,310,Minneapolis
Men's Athletic Footwear,4,Midwest,77,323,2020,12,23,Foot Locker,146,Minneapolis
Women's Street Footwear,4,Midwest,56,246,2020,12,24,Foot Locker,101,Minneapolis
Women's Athletic Footwear,4,Midwest,49,216,2020,12,25,Foot Locker,106,Minneapolis
Men's Apparel,5,Midwest,44,238,2020,12,26,Foot Locker,97,Minneapolis
Women's Apparel,5,Midwest,77,416,2020,12,27,Foot Locker,237,Minneapolis
Men's Street Footwear,3,Midwest,119,381,2020,12,28,Kohl'S,221,Minneapolis
Men's Athletic Footwear,4,Midwest,128,550,2020,12,29,Kohl'S,231,Minneapolis
Women's Street Footwear,4,Midwest,119,488,2020,12,30,Kohl'S,288,Minneapolis
Women's Athletic Footwear,4,Midwest,98,431,2020,12,31,Kohl'S,224,Minneapolis
Men's Apparel,4,Midwest,77,362,2021,1,1,Kohl'S,271,Billings
Women's Apparel,4,Midwest,138,593,2021,1,2,Kohl'S,231,Billings
Men's Street Footwear,3,Midwest,158,537,2021,1,3,Kohl'S,306,Billings
Men's Athletic Footwear,4,Midwest,123,517,2021,1,4,Kohl'S,232,Billings
Women's Street Footwear,4,Midwest,122,525,2021,1,5,Kohl'S,299,Billings
Women's Athletic Footwear,4,Midwest,81,356,2021,1,6,Kohl'S,196,Billings
Men's Apparel,4,Midwest,59,283,2021,1,7,Kohl'S,204,Billings
Women's Apparel,4,Midwest,119,512,2021,1,8,Kohl'S,189,Billings
Men's Street Footwear,3,Midwest,173,554,2021,1,9,Kohl'S,304,Billings
Men's Athletic Footwear,4,Midwest,115,472,2021,1,10,Kohl'S,193,Billings
Women's Street Footwear,4,Midwest,128,538,2021,1,11,Kohl'S,306,Billings
Women's Athletic Footwear,4,Midwest,91,400,2021,1,12,Kohl'S,212,Billings
Men's Apparel,4,Midwest,60,288,2021,1,13,Kohl'S,204,Billings
Women's Apparel,4,Midwest,112,470,2021,1,14,Kohl'S,183,Billings
Men's Street Footwear,4,Midwest,161,708,2021,1,15,Kohl'S,418,Billings
Men's Athletic Footwear,4,Midwest,101,434,2021,1,16,Kohl'S,195,Billings
Women's Street Footwear,4,Midwest,120,528,2021,1,17,Kohl'S,317,Billings
Women's Athletic Footwear,3,Midwest,78,281,2021,1,18,Kohl'S,140,Billings
Men's Apparel,4,Midwest,56,246,2021,1,19,Kohl'S,182,Billings
Women's Apparel,5,Midwest,101,556,2021,1,20,Kohl'S,217,Billings
Men's Street Footwear,3,Midwest,150,585,2021,1,21,Kohl'S,333,Billings
Men's Athletic Footwear,4,Midwest,106,435,2021,1,22,Kohl'S,191,Billings
Women's Street Footwear,4,Midwest,111,488,2021,1,23,Kohl'S,269,Billings
Women's Athletic Footwear,3,Midwest,88,334,2021,1,24,Kohl'S,177,Billings
Men's Apparel,4,Midwest,61,250,2021,1,25,Kohl'S,185,Billings
Women's Apparel,5,Midwest,108,637,2021,1,26,Kohl'S,242,Billings
Men's Street Footwear,3,Midwest,169,608,2021,1,27,Kohl'S,359,Billings
Men's Athletic Footwear,4,Midwest,147,617,2021,1,28,Kohl'S,253,Billings
Women's Street Footwear,4,Midwest,165,726,2021,1,29,Kohl'S,399,Billings
Women's Athletic Footwear,3,Midwest,106,403,2021,1,30,Kohl'S,213,Billings
Men's Apparel,4,Midwest,75,308,2021,1,31,Kohl'S,228,Billings
Women's Apparel,5,Midwest,150,825,2021,2,1,Kohl'S,297,Billings
Men's Street Footwear,3,Midwest,203,751,2021,2,2,Kohl'S,443,Billings
Men's Athletic Footwear,4,Midwest,156,640,2021,2,3,Kohl'S,275,Billings
Women's Street Footwear,4,Midwest,143,629,2021,2,4,Kohl'S,371,Billings
Women's Athletic Footwear,3,Midwest,113,407,2021,2,5,Kohl'S,216,Billings
Men's Apparel,4,Midwest,124,521,2021,2,6,Kohl'S,365,Billings
Women's Apparel,5,Midwest,143,829,2021,2,7,Kohl'S,290,Billings
Men's Street Footwear,4,Midwest,203,853,2021,2,8,Kohl'S,495,Billings
Men's Athletic Footwear,5,Midwest,188,1015,2021,2,9,Kohl'S,437,Billings
Women's Street Footwear,4,Midwest,130,637,2021,2,10,Kohl'S,376,Billings
Women's Athletic Footwear,4,Midwest,106,435,2021,2,11,Kohl'S,235,Billings
Men's Apparel,5,Midwest,106,551,2021,2,12,Kohl'S,386,Billings
Women's Apparel,5,Midwest,112,627,2021,2,13,Kohl'S,238,Billings
Men's Street Footwear,4,Midwest,180,738,2021,2,14,Kohl'S,428,Billings
Men's Athletic Footwear,4,Midwest,156,749,2021,2,15,Kohl'S,329,Billings
Women's Street Footwear,4,Midwest,117,491,2021,2,16,Kohl'S,275,Billings
Women's Athletic Footwear,4,Midwest,116,476,2021,2,17,Kohl'S,262,Billings
Men's Apparel,5,Midwest,100,500,2021,2,18,Kohl'S,365,Billings
Women's Apparel,5,Midwest,122,720,2021,2,19,Kohl'S,288,Billings
Men's Street Footwear,4,Midwest,160,704,2021,2,20,Kohl'S,394,Billings
Men's Athletic Footwear,4,Midwest,160,784,2021,2,21,Kohl'S,337,Billings
Women's Street Footwear,4,Midwest,116,476,2021,2,22,Kohl'S,271,Billings
Women's Athletic Footwear,4,Midwest,105,462,2021,2,23,Kohl'S,240,Billings
Men's Apparel,5,Midwest,98,529,2021,2,24,Kohl'S,397,Billings
Women's Apparel,5,Midwest,108,626,2021,2,25,Kohl'S,244,Billings
Men's Street Footwear,3,Midwest,167,635,2021,2,26,Kohl'S,374,Billings
Men's Athletic Footwear,4,Midwest,173,727,2021,2,27,Kohl'S,298,Billings
Women's Street Footwear,3,Midwest,123,455,2021,2,28,Kohl'S,259,Billings
Women's Athletic Footwear,3,Midwest,119,464,2021,3,1,Kohl'S,255,Billings
Men's Apparel,5,Midwest,113,576,2021,3,2,Kohl'S,426,Billings
Women's Apparel,5,Midwest,133,745,2021,3,3,Kohl'S,283,Billings
Men's Street Footwear,4,Midwest,196,804,2021,3,4,Kohl'S,450,Billings
Men's Athletic Footwear,4,Midwest,182,819,2021,3,5,Kohl'S,352,Billings
Women's Street Footwear,4,Midwest,133,559,2021,3,6,Kohl'S,335,Billings
Women's Athletic Footwear,4,Midwest,143,615,2021,3,7,Kohl'S,314,Billings
Men's Apparel,5,Midwest,120,636,2021,3,8,Kohl'S,464,Billings
Women's Apparel,5,Midwest,130,715,2021,3,9,Kohl'S,286,Billings
Men's Street Footwear,1,Midwest,210,378,2021,3,10,Sports Direct,189,Billings
Men's Athletic Footwear,2,Midwest,182,528,2021,3,11,Sports Direct,243,Billings
Women's Street Footwear,2,Midwest,130,351,2021,3,12,Sports Direct,158,Billings
Women's Athletic Footwear,3,Midwest,135,432,2021,3,13,Sports Direct,246,Billings
Men's Apparel,3,South,95,371,2021,3,14,Sports Direct,148,Knoxville
Women's Apparel,3,South,125,413,2021,3,15,Sports Direct,268,Knoxville
Men's Street Footwear,2,South,169,406,2021,3,16,Sports Direct,203,Knoxville
Men's Athletic Footwear,3,South,181,597,2021,3,17,Sports Direct,287,Knoxville
Women's Street Footwear,3,South,122,390,2021,3,18,Sports Direct,187,Knoxville
Women's Athletic Footwear,3,South,108,356,2021,3,19,Sports Direct,214,Knoxville
Men's Apparel,3,South,83,307,2021,3,20,Sports Direct,126,Knoxville
Women's Apparel,3,South,133,426,2021,3,21,Sports Direct,272,Knoxville
Men's Street Footwear,2,South,189,510,2021,3,22,Sports Direct,260,Knoxville
Men's Athletic Footwear,3,South,163,603,2021,3,23,Sports Direct,314,Knoxville
Women's Street Footwear,2,South,124,347,2021,3,24,Sports Direct,191,Knoxville
Women's Athletic Footwear,3,South,101,333,2021,3,25,Sports Direct,213,Knoxville
Men's Apparel,3,South,69,269,2021,3,26,Sports Direct,126,Knoxville
Women's Apparel,3,South,111,366,2021,3,27,Sports Direct,242,Knoxville
Men's Street Footwear,1,South,169,321,2021,3,28,Sports Direct,161,Knoxville
Men's Athletic Footwear,2,South,176,422,2021,3,29,Sports Direct,215,Knoxville
Women's Street Footwear,1,South,135,257,2021,3,30,Sports Direct,141,Knoxville
Women's Athletic Footwear,2,South,112,258,2021,3,31,Sports Direct,167,Knoxville
Men's Apparel,2,South,84,235,2021,4,1,Sports Direct,106,Knoxville
Women's Apparel,2,South,161,386,2021,4,2,Sports Direct,263,Knoxville
Men's Street Footwear,1,South,189,265,2021,4,3,Sports Direct,132,Knoxville
Men's Athletic Footwear,2,South,218,501,2021,4,4,Sports Direct,251,Knoxville
Women's Street Footwear,1,South,180,342,2021,4,5,Sports Direct,185,Knoxville
Women's Athletic Footwear,2,South,142,383,2021,4,6,Sports Direct,230,Knoxville
Men's Apparel,4,South,106,435,2021,4,7,Sports Direct,213,Knoxville
Women's Apparel,3,South,202,768,2021,4,8,Sports Direct,514,Knoxville
Men's Street Footwear,3,South,217,781,2021,4,9,Sports Direct,398,Knoxville
Men's Athletic Footwear,4,South,202,848,2021,4,10,Sports Direct,433,Knoxville
Women's Street Footwear,3,South,169,608,2021,4,11,Sports Direct,310,Knoxville
Women's Athletic Footwear,3,South,174,626,2021,4,12,Sports Direct,382,Knoxville
Men's Apparel,4,South,145,624,2021,4,13,Sports Direct,299,Knoxville
Women's Apparel,4,South,236,1156,2021,4,14,Sports Direct,752,Knoxville
Men's Street Footwear,3,South,215,774,2021,4,15,Sports Direct,441,Knoxville
Men's Athletic Footwear,4,South,206,886,2021,4,16,Sports Direct,514,Knoxville
Women's Street Footwear,3,South,263,947,2021,4,17,Sports Direct,568,Knoxville
Women's Athletic Footwear,3,South,161,596,2021,4,18,Sports Direct,387,Knoxville
Men's Apparel,4,South,165,710,2021,4,19,Sports Direct,376,Knoxville
Women's Apparel,5,South,223,1160,2021,4,20,Sports Direct,812,Knoxville
Men's Street Footwear,4,South,233,955,2021,4,21,Sports Direct,545,Knoxville
Men's Athletic Footwear,5,South,233,1258,2021,4,22,Sports Direct,717,Knoxville
Women's Street Footwear,4,South,285,1311,2021,4,23,Sports Direct,787,Knoxville
Women's Athletic Footwear,4,South,133,559,2021,4,24,Sports Direct,385,Knoxville
Men's Apparel,4,South,133,652,2021,4,25,Sports Direct,345,Knoxville
Women's Apparel,5,South,181,959,2021,4,26,Sports Direct,681,Knoxville
Men's Street Footwear,4,South,182,892,2021,4,27,Sports Direct,535,Knoxville
Men's Athletic Footwear,4,South,169,794,2021,4,28,Sports Direct,477,Knoxville
Women's Street Footwear,5,South,182,983,2021,4,29,Sports Direct,580,Knoxville
Women's Athletic Footwear,5,South,100,530,2021,4,30,Sports Direct,371,Knoxville
Men's Apparel,4,South,120,564,2021,5,1,Sports Direct,288,Knoxville
Women's Apparel,4,South,163,685,2021,5,2,Sports Direct,507,Knoxville
Men's Street Footwear,3,South,173,571,2021,5,3,Sports Direct,325,Knoxville
Men's Athletic Footwear,3,South,150,480,2021,5,4,Sports Direct,288,Knoxville
Women's Street Footwear,3,South,147,529,2021,5,5,Sports Direct,307,Knoxville
Women's Athletic Footwear,3,South,98,372,2021,5,6,Sports Direct,261,Knoxville
Men's Apparel,3,South,88,282,2021,5,7,Sports Direct,144,Knoxville
Women's Apparel,4,South,131,563,2021,5,8,Sports Direct,400,Knoxville
Men's Street Footwear,2,South,196,568,2021,5,9,Sports Direct,318,Knoxville
Men's Athletic Footwear,2,South,189,548,2021,5,10,Sports Direct,307,Knoxville
Women's Street Footwear,5,South,174,870,2021,5,11,Sports Direct,487,Knoxville
Women's Athletic Footwear,5,South,133,692,2021,5,12,Sports Direct,477,Knoxville
Men's Apparel,5,South,113,576,2021,5,13,Sports Direct,305,Knoxville
Women's Apparel,5,South,169,997,2021,5,14,Sports Direct,708,Knoxville
Men's Street Footwear,5,South,200,1060,2021,5,15,Sports Direct,615,Knoxville
Men's Athletic Footwear,5,South,240,1224,2021,5,16,Sports Direct,673,Knoxville
Women's Street Footwear,5,South,210,1134,2021,5,17,Sports Direct,624,Knoxville
Women's Athletic Footwear,5,South,149,805,2021,5,18,Sports Direct,555,Knoxville
Men's Apparel,5,South,140,700,2021,5,19,Sports Direct,350,Knoxville
Women's Apparel,6,South,225,1373,2021,5,20,Sports Direct,1016,Knoxville
Men's Street Footwear,3,South,119,381,2021,5,21,Foot Locker,190,Knoxville
Men's Athletic Footwear,3,South,56,179,2021,5,22,Foot Locker,88,Knoxville
Women's Street Footwear,2,South,65,156,2021,5,23,Foot Locker,75,Knoxville
Women's Athletic Footwear,2,South,19,51,2021,5,24,Foot Locker,27,Knoxville
Men's Apparel,4,Midwest,35,151,2021,5,25,Foot Locker,68,Omaha
Women's Apparel,3,Midwest,68,218,2021,5,26,Foot Locker,133,Omaha
Men's Street Footwear,3,Midwest,119,381,2021,5,27,Foot Locker,206,Omaha
Men's Athletic Footwear,3,Midwest,38,125,2021,5,28,Foot Locker,63,Omaha
Women's Street Footwear,2,Midwest,47,108,2021,5,29,Foot Locker,54,Omaha
Women's Athletic Footwear,2,Midwest,14,41,2021,5,30,Foot Locker,20,Omaha
Men's Apparel,4,Midwest,31,127,2021,5,31,Foot Locker,62,Omaha
Women's Apparel,3,Midwest,60,192,2021,6,1,Foot Locker,119,Omaha
Men's Street Footwear,3,Midwest,122,464,2021,6,2,Foot Locker,250,Omaha
Men's Athletic Footwear,3,Midwest,26,101,2021,6,3,Foot Locker,47,Omaha
Women's Street Footwear,2,Midwest,39,113,2021,6,4,Foot Locker,57,Omaha
Men's Apparel,4,Midwest,13,59,2021,6,6,Foot Locker,27,Omaha
Women's Apparel,3,Midwest,38,141,2021,6,7,Foot Locker,86,Omaha
Men's Street Footwear,3,Midwest,105,399,2021,6,8,Foot Locker,211,Omaha
Men's Athletic Footwear,3,Midwest,23,74,2021,6,9,Foot Locker,33,Omaha
Women's Street Footwear,2,Midwest,21,48,2021,6,10,Foot Locker,22,Omaha
Men's Apparel,4,Midwest,6,25,2021,6,12,Foot Locker,12,Omaha
Women's Apparel,3,Midwest,39,133,2021,6,13,Foot Locker,82,Omaha
Men's Street Footwear,4,Midwest,118,519,2021,6,14,Foot Locker,280,Omaha
Men's Athletic Footwear,3,Midwest,33,125,2021,6,15,Foot Locker,63,Omaha
Women's Street Footwear,3,Midwest,30,96,2021,6,16,Foot Locker,46,Omaha
Women's Athletic Footwear,3,Midwest,7,24,2021,6,17,Foot Locker,13,Omaha
Men's Apparel,4,Midwest,13,60,2021,6,18,Foot Locker,28,Omaha
Women's Apparel,5,Midwest,41,209,2021,6,19,Foot Locker,130,Omaha
Men's Street Footwear,3,Midwest,120,432,2021,6,20,Foot Locker,229,Omaha
Men's Athletic Footwear,3,Midwest,45,144,2021,6,21,Foot Locker,72,Omaha
Women's Street Footwear,2,Midwest,46,124,2021,6,22,Foot Locker,56,Omaha
Women's Athletic Footwear,2,Midwest,39,105,2021,6,23,Foot Locker,57,Omaha
Men's Apparel,4,Midwest,42,176,2021,6,24,Foot Locker,88,Omaha
Women's Apparel,4,Midwest,85,417,2021,6,25,Foot Locker,258,Omaha
Men's Street Footwear,4,Midwest,165,710,2021,6,26,Foot Locker,362,Omaha
Men's Athletic Footwear,3,Midwest,81,300,2021,6,27,Foot Locker,135,Omaha
Women's Street Footwear,3,Midwest,63,214,2021,6,28,Foot Locker,96,Omaha
Women's Athletic Footwear,3,Midwest,46,152,2021,6,29,Foot Locker,79,Omaha
Men's Apparel,4,Midwest,44,180,2021,6,30,Foot Locker,88,Omaha
Women's Apparel,4,Midwest,91,446,2021,7,1,Foot Locker,281,Omaha
Men's Street Footwear,4,Midwest,145,595,2021,7,2,Foot Locker,315,Omaha
Men's Athletic Footwear,4,Midwest,80,336,2021,7,3,Foot Locker,165,Omaha
Women's Street Footwear,3,Midwest,52,187,2021,7,4,Foot Locker,90,Omaha
Women's Athletic Footwear,2,Midwest,38,110,2021,7,5,Foot Locker,56,Omaha
Men's Apparel,3,Midwest,27,100,2021,7,6,Foot Locker,48,Omaha
Women's Apparel,4,Midwest,69,304,2021,7,7,Foot Locker,182,Omaha
Men's Street Footwear,3,Midwest,112,426,2021,7,8,Foot Locker,230,Omaha
Men's Athletic Footwear,3,Midwest,56,185,2021,7,9,Foot Locker,85,Omaha
Women's Street Footwear,1,Midwest,25,45,2021,7,10,Foot Locker,22,Omaha
Women's Athletic Footwear,1,Midwest,23,44,2021,7,11,Foot Locker,23,Omaha
Men's Apparel,2,Midwest,21,61,2021,7,12,Foot Locker,29,Omaha
Women's Apparel,3,Midwest,39,133,2021,7,13,Foot Locker,82,Omaha
Men's Street Footwear,3,Midwest,94,338,2021,7,14,Foot Locker,183,Omaha
Men's Athletic Footwear,2,Midwest,41,119,2021,7,15,Foot Locker,55,Omaha
Women's Street Footwear,2,Midwest,14,41,2021,7,16,Foot Locker,20,Omaha
Women's Athletic Footwear,2,Midwest,7,20,2021,7,17,Foot Locker,11,Omaha
Men's Apparel,3,Midwest,7,26,2021,7,18,Foot Locker,12,Omaha
Women's Apparel,4,Midwest,38,167,2021,7,19,Foot Locker,105,Omaha
Men's Street Footwear,3,Midwest,84,311,2021,7,20,Foot Locker,168,Omaha
Men's Athletic Footwear,2,Midwest,41,119,2021,7,21,Foot Locker,55,Omaha
Women's Street Footwear,2,Midwest,25,73,2021,7,22,Foot Locker,34,Omaha
Women's Athletic Footwear,2,Midwest,36,97,2021,7,23,Foot Locker,53,Omaha
Men's Apparel,4,Midwest,27,130,2021,7,24,Foot Locker,58,Omaha
Women's Apparel,5,Midwest,58,307,2021,7,25,Foot Locker,191,Omaha
Men's Street Footwear,4,Midwest,117,573,2021,7,26,Foot Locker,287,Omaha
Men's Athletic Footwear,3,Midwest,63,227,2021,7,27,Foot Locker,113,Omaha
Women's Street Footwear,3,Midwest,60,234,2021,7,28,Foot Locker,115,Omaha
Women's Athletic Footwear,3,Midwest,38,144,2021,7,29,Foot Locker,79,Omaha
Men's Apparel,4,Midwest,39,176,2021,7,30,Foot Locker,84,Omaha
Women's Apparel,5,Midwest,65,351,2021,7,31,Foot Locker,218,Omaha
Men's Street Footwear,1,Midwest,203,386,2021,8,1,Sports Direct,204,Omaha
Men's Athletic Footwear,2,Midwest,196,568,2021,8,2,Sports Direct,307,Omaha
Women's Street Footwear,2,Midwest,138,386,2021,8,3,Sports Direct,213,Omaha
Women's Athletic Footwear,3,Midwest,138,455,2021,8,4,Sports Direct,291,Omaha
Men's Apparel,3,South,88,326,2021,8,5,Sports Direct,156,Birmingham
Women's Apparel,3,South,138,442,2021,8,6,Sports Direct,309,Birmingham
Men's Street Footwear,2,South,156,374,2021,8,7,Sports Direct,202,Birmingham
Men's Athletic Footwear,3,South,174,574,2021,8,8,Sports Direct,310,Birmingham
Women's Street Footwear,3,South,128,410,2021,8,9,Sports Direct,213,Birmingham
Women's Athletic Footwear,3,South,98,314,2021,8,10,Sports Direct,194,Birmingham
Men's Apparel,3,South,68,258,2021,8,11,Sports Direct,124,Birmingham
Women's Apparel,3,South,126,416,2021,8,12,Sports Direct,279,Birmingham
Men's Street Footwear,2,South,163,456,2021,8,13,Sports Direct,251,Birmingham
Men's Athletic Footwear,3,South,188,677,2021,8,14,Sports Direct,372,Birmingham
Women's Street Footwear,2,South,117,316,2021,8,15,Sports Direct,183,Birmingham
Women's Athletic Footwear,3,South,105,347,2021,8,16,Sports Direct,236,Birmingham
Men's Apparel,3,South,73,270,2021,8,17,Sports Direct,135,Birmingham
Women's Apparel,3,South,104,354,2021,8,18,Sports Direct,265,Birmingham
Men's Street Footwear,1,South,195,371,2021,8,19,Sports Direct,215,Birmingham
Men's Athletic Footwear,1,South,189,359,2021,8,20,Sports Direct,208,Birmingham
Women's Street Footwear,1,South,119,167,2021,8,21,Sports Direct,98,Birmingham
Women's Athletic Footwear,1,South,113,203,2021,8,22,Sports Direct,134,Birmingham
Men's Apparel,2,South,74,170,2021,8,23,Sports Direct,90,Birmingham
Women's Apparel,2,South,149,298,2021,8,24,Sports Direct,224,Birmingham
Men's Street Footwear,0,South,203,183,2021,8,25,Sports Direct,108,Birmingham
Men's Athletic Footwear,1,South,189,359,2021,8,26,Sports Direct,212,Birmingham
Women's Street Footwear,1,South,173,260,2021,8,27,Sports Direct,145,Birmingham
Women's Athletic Footwear,3,South,135,459,2021,8,28,Sports Direct,312,Birmingham
Men's Apparel,4,South,120,588,2021,8,29,Sports Direct,318,Birmingham
Women's Apparel,4,South,203,873,2021,8,30,Sports Direct,628,Birmingham
Men's Street Footwear,4,South,203,873,2021,8,31,Sports Direct,480,Birmingham
Men's Athletic Footwear,4,South,203,995,2021,9,1,Sports Direct,557,Birmingham
Women's Street Footwear,4,South,189,832,2021,9,2,Sports Direct,491,Birmingham
Women's Athletic Footwear,4,South,180,738,2021,9,3,Sports Direct,509,Birmingham
Men's Apparel,4,South,145,711,2021,9,4,Sports Direct,391,Birmingham
Women's Apparel,5,South,245,1225,2021,9,5,Sports Direct,882,Birmingham
Men's Street Footwear,4,South,206,906,2021,9,6,Sports Direct,580,Birmingham
Men's Athletic Footwear,4,South,215,1054,2021,9,7,Sports Direct,674,Birmingham
Women's Street Footwear,4,South,254,1041,2021,9,8,Sports Direct,656,Birmingham
Women's Athletic Footwear,4,South,173,761,2021,9,9,Sports Direct,563,Birmingham
Men's Apparel,4,South,131,590,2021,9,10,Sports Direct,342,Birmingham
Women's Apparel,5,South,240,1344,2021,9,11,Sports Direct,1075,Birmingham
Men's Street Footwear,3,South,225,855,2021,9,12,Sports Direct,522,Birmingham
Men's Athletic Footwear,5,South,210,1092,2021,9,13,Sports Direct,710,Birmingham
Women's Street Footwear,5,South,268,1367,2021,9,14,Sports Direct,820,Birmingham
Women's Athletic Footwear,4,South,119,547,2021,9,15,Sports Direct,389,Birmingham
Men's Apparel,5,South,123,615,2021,9,16,Sports Direct,363,Birmingham
Women's Apparel,5,South,182,1074,2021,9,17,Sports Direct,827,Birmingham
Men's Street Footwear,5,South,175,893,2021,9,18,Sports Direct,536,Birmingham
Men's Athletic Footwear,5,South,144,720,2021,9,19,Sports Direct,454,Birmingham
Women's Street Footwear,5,South,188,1109,2021,9,20,Sports Direct,699,Birmingham
Women's Athletic Footwear,5,South,95,551,2021,9,21,Sports Direct,391,Birmingham
Men's Apparel,4,South,88,361,2021,9,22,Sports Direct,206,Birmingham
Women's Apparel,3,South,150,555,2021,9,23,Sports Direct,427,Birmingham
Men's Street Footwear,2,South,131,380,2021,9,24,Sports Direct,228,Birmingham
Men's Athletic Footwear,2,South,158,458,2021,9,25,Sports Direct,289,Birmingham
Women's Street Footwear,3,South,124,397,2021,9,26,Sports Direct,238,Birmingham
Women's Athletic Footwear,3,South,91,291,2021,9,27,Sports Direct,213,Birmingham
Men's Apparel,2,South,78,226,2021,9,28,Sports Direct,136,Birmingham
Women's Apparel,3,South,143,515,2021,9,29,Sports Direct,386,Birmingham
Men's Street Footwear,1,South,169,304,2021,9,30,Sports Direct,195,Birmingham
Men's Athletic Footwear,1,South,169,321,2021,10,1,Sports Direct,196,Birmingham
Women's Street Footwear,4,South,144,619,2021,10,2,Sports Direct,396,Birmingham
Women's Athletic Footwear,4,South,131,576,2021,10,3,Sports Direct,421,Birmingham
Men's Apparel,4,South,111,533,2021,10,4,Sports Direct,314,Birmingham
Women's Apparel,5,South,188,1053,2021,10,5,Sports Direct,832,Birmingham
Men's Street Footwear,5,South,233,1305,2021,10,6,Sports Direct,822,Birmingham
Men's Athletic Footwear,5,South,225,1305,2021,10,7,Sports Direct,835,Birmingham
Women's Street Footwear,6,South,175,1120,2021,10,8,Sports Direct,694,Birmingham
Women's Athletic Footwear,6,South,143,901,2021,10,9,Sports Direct,676,Birmingham
Men's Apparel,5,South,145,841,2021,10,10,Sports Direct,471,Birmingham
Women's Apparel,6,South,203,1380,2021,10,11,Sports Direct,1104,Birmingham
Men's Street Footwear,3,South,117,445,2021,10,12,Amazon,222,Birmingham
Men's Athletic Footwear,3,South,75,285,2021,10,13,Amazon,131,Birmingham
Women's Street Footwear,2,South,63,176,2021,10,14,Amazon,92,Birmingham
Women's Athletic Footwear,3,South,28,95,2021,10,15,Amazon,39,Birmingham
Men's Apparel,4,Northeast,42,197,2021,10,16,Amazon,77,Portland
Women's Apparel,3,Northeast,68,258,2021,10,17,Amazon,134,Portland
Men's Street Footwear,3,Northeast,140,532,2021,10,18,Amazon,261,Portland
Men's Athletic Footwear,3,Northeast,45,171,2021,10,19,Amazon,80,Portland
Women's Street Footwear,2,Northeast,60,174,2021,10,20,Amazon,92,Portland
Women's Athletic Footwear,3,Northeast,19,65,2021,10,21,Amazon,27,Portland
Men's Apparel,4,Northeast,45,207,2021,10,22,Amazon,81,Portland
Women's Apparel,3,Northeast,63,233,2021,10,23,Amazon,119,Portland
Men's Street Footwear,3,Northeast,127,495,2021,10,24,Amazon,243,Portland
Men's Athletic Footwear,3,Northeast,46,179,2021,10,25,Amazon,88,Portland
Women's Street Footwear,2,Northeast,52,140,2021,10,26,Amazon,77,Portland
Women's Athletic Footwear,3,Northeast,13,42,2021,10,27,Amazon,17,Portland
Men's Apparel,4,Northeast,29,142,2021,10,28,Amazon,51,Portland
Women's Apparel,3,Northeast,50,180,2021,10,29,Amazon,99,Portland
Men's Street Footwear,3,Northeast,122,451,2021,10,30,Amazon,217,Portland
Men's Athletic Footwear,3,Northeast,44,163,2021,10,31,Amazon,77,Portland
Women's Street Footwear,2,Northeast,44,119,2021,11,1,Amazon,64,Portland
Women's Athletic Footwear,3,Northeast,21,69,2021,11,2,Amazon,28,Portland
Men's Apparel,4,Northeast,20,94,2021,11,3,Amazon,36,Portland
Women's Apparel,3,Northeast,63,246,2021,11,4,Amazon,125,Portland
Men's Street Footwear,5,Northeast,144,749,2021,11,5,Amazon,337,Portland
Men's Athletic Footwear,4,Northeast,60,288,2021,11,6,Amazon,144,Portland
Women's Street Footwear,4,Northeast,47,197,2021,11,7,Amazon,107,Portland
Women's Athletic Footwear,4,Northeast,34,139,2021,11,8,Amazon,56,Portland
Men's Apparel,5,Northeast,42,214,2021,11,9,Amazon,79,Portland
Women's Apparel,5,Northeast,72,403,2021,11,10,Amazon,214,Portland
Men's Street Footwear,5,Northeast,158,853,2021,11,11,Amazon,401,Portland
Men's Athletic Footwear,4,Northeast,77,370,2021,11,12,Amazon,181,Portland
Women's Street Footwear,4,Northeast,58,244,2021,11,13,Amazon,124,Portland
Women's Athletic Footwear,4,Northeast,51,209,2021,11,14,Amazon,88,Portland
Men's Apparel,5,Northeast,53,265,2021,11,15,Amazon,95,Portland
Women's Apparel,5,Northeast,85,476,2021,11,16,Amazon,243,Portland
Men's Street Footwear,5,Northeast,143,729,2021,11,17,Amazon,357,Portland
Men's Athletic Footwear,4,Northeast,84,386,2021,11,18,Amazon,185,Portland
Women's Street Footwear,4,Northeast,63,271,2021,11,19,Amazon,149,Portland
Women's Athletic Footwear,4,Northeast,44,189,2021,11,20,Amazon,78,Portland
Men's Apparel,5,Northeast,60,318,2021,11,21,Amazon,121,Portland
Women's Apparel,5,Northeast,113,655,2021,12,20,Amazon,354,Portland
Men's Street Footwear,5,Northeast,147,735,2021,12,21,Amazon,338,Portland
Men's Athletic Footwear,4,Northeast,90,441,2021,12,22,Amazon,207,Portland
Women's Street Footwear,4,Northeast,68,279,2021,12,23,Amazon,139,Portland
Women's Athletic Footwear,4,Northeast,51,209,2021,12,24,Amazon,86,Portland
Men's Apparel,5,Northeast,41,221,2021,12,25,Amazon,82,Portland
Women's Apparel,5,Northeast,91,491,2021,12,26,Amazon,265,Portland
Men's Street Footwear,5,Northeast,122,647,2021,12,27,Amazon,310,Portland
Men's Athletic Footwear,4,Northeast,70,322,2021,12,28,Amazon,151,Portland
Women's Street Footwear,4,Northeast,38,156,2021,12,29,Amazon,86,Portland
Women's Athletic Footwear,4,Northeast,36,151,2021,12,30,Amazon,68,Portland
Men's Apparel,5,Northeast,36,187,2021,12,31,Amazon,69,Portland
Women's Apparel,5,Northeast,59,336,2021,9,17,Amazon,175,Portland
Men's Street Footwear,5,Northeast,120,660,2021,10,19,Amazon,330,Portland
Men's Athletic Footwear,5,Northeast,59,319,2021,10,19,Amazon,156,Portland
Women's Street Footwear,5,Northeast,31,161,2021,10,19,Amazon,89,Portland
Women's Athletic Footwear,5,Northeast,26,130,2021,10,19,Amazon,52,Portland
Men's Apparel,6,Northeast,27,165,2021,10,19,Amazon,63,Portland
Women's Apparel,6,Northeast,56,381,2021,10,19,Amazon,202,Portland
Men's Street Footwear,6,Northeast,98,608,2021,11,18,Amazon,298,Portland
Men's Athletic Footwear,5,Northeast,52,270,2021,11,18,Amazon,135,Portland
Women's Street Footwear,5,Northeast,55,286,2021,11,18,Amazon,149,Portland
Women's Athletic Footwear,5,Northeast,46,248,2021,11,18,Amazon,107,Portland
Men's Apparel,6,Northeast,41,246,2021,11,18,Amazon,89,Portland
Women's Apparel,6,Northeast,63,422,2021,11,18,Amazon,228,Portland
Men's Street Footwear,6,Northeast,138,856,2021,12,17,Amazon,411,Portland
Men's Athletic Footwear,5,Northeast,74,392,2021,12,17,Amazon,196,Portland
Women's Street Footwear,5,Northeast,68,354,2021,12,17,Amazon,177,Portland
Women's Athletic Footwear,5,Northeast,50,260,2021,12,17,Amazon,112,Portland
Men's Apparel,6,Northeast,54,324,2021,12,17,Amazon,117,Portland
Women's Apparel,6,Northeast,75,518,2021,12,17,Amazon,274,Portland
Men's Street Footwear,3,Northeast,98,323,2021,1,10,West Gear,113,Portland
Men's Athletic Footwear,4,Northeast,109,447,2021,1,10,West Gear,147,Portland
Women's Street Footwear,4,Northeast,101,434,2021,1,10,West Gear,174,Portland
Women's Athletic Footwear,4,Northeast,59,254,2021,1,10,West Gear,99,Portland
Women's Apparel,5,West,84,437,2021,1,24,Amazon,179,Anchorage
Men's Street Footwear,5,West,173,882,2021,2,22,Amazon,415,Anchorage
Men's Athletic Footwear,5,West,65,345,2021,2,22,Amazon,165,Anchorage
Women's Street Footwear,4,West,77,331,2021,2,22,Amazon,123,Anchorage
Women's Athletic Footwear,4,West,46,225,2021,2,22,Amazon,88,Anchorage
Men's Apparel,6,West,75,450,2021,2,22,Amazon,171,Anchorage
Women's Apparel,5,West,102,530,2021,2,22,Amazon,233,Anchorage
Men's Street Footwear,5,West,153,811,2021,3,20,Amazon,397,Anchorage
Men's Athletic Footwear,5,West,65,338,2021,3,20,Amazon,169,Anchorage
Women's Street Footwear,4,West,69,283,2021,3,20,Amazon,105,Anchorage
Women's Athletic Footwear,4,West,36,176,2021,3,20,Amazon,67,Anchorage
Men's Apparel,6,West,53,339,2021,3,20,Amazon,132,Anchorage
Women's Apparel,5,West,72,382,2021,3,20,Amazon,153,Anchorage
Men's Street Footwear,5,West,131,707,2021,4,21,Amazon,325,Anchorage
Men's Athletic Footwear,5,West,61,305,2021,4,21,Amazon,153,Anchorage
Women's Street Footwear,4,West,61,268,2021,4,21,Amazon,107,Anchorage
Women's Athletic Footwear,4,West,44,207,2021,4,21,Amazon,77,Anchorage
Men's Apparel,5,West,41,230,2021,4,21,Amazon,85,Anchorage
Women's Apparel,4,West,84,412,2021,4,21,Amazon,181,Anchorage
Men's Street Footwear,5,West,160,944,2021,5,20,Amazon,472,Anchorage
Men's Athletic Footwear,5,West,72,403,2021,5,20,Amazon,181,Anchorage
Women's Street Footwear,5,West,84,445,2021,5,20,Amazon,178,Anchorage
Women's Athletic Footwear,5,West,63,321,2021,5,20,Amazon,122,Anchorage
Men's Apparel,6,West,69,428,2021,5,20,Amazon,163,Anchorage
Women's Apparel,6,West,100,670,2021,5,20,Amazon,275,Anchorage
Men's Street Footwear,5,West,189,1115,2021,6,22,Amazon,513,Anchorage
Men's Athletic Footwear,5,West,112,616,2021,6,22,Amazon,308,Anchorage
Women's Street Footwear,5,West,81,429,2021,6,22,Amazon,155,Anchorage
Women's Athletic Footwear,5,West,90,477,2021,6,22,Amazon,172,Anchorage
Men's Apparel,6,West,84,504,2021,6,22,Amazon,181,Anchorage
Women's Apparel,6,West,126,844,2021,6,22,Amazon,355,Anchorage
Men's Street Footwear,6,West,182,1147,2021,7,20,Amazon,527,Anchorage
Men's Athletic Footwear,5,West,111,655,2021,7,20,Amazon,308,Anchorage
Women's Street Footwear,5,West,102,541,2021,7,20,Amazon,195,Anchorage
Women's Athletic Footwear,5,West,75,383,2021,7,20,Amazon,145,Anchorage
Men's Apparel,6,West,91,555,2021,7,20,Amazon,216,Anchorage
Women's Apparel,6,West,130,871,2021,7,20,Amazon,392,Anchorage
Men's Street Footwear,5,West,163,962,2021,8,21,Amazon,433,Anchorage
Men's Athletic Footwear,5,West,106,594,2021,8,21,Amazon,267,Anchorage
Women's Street Footwear,5,West,102,551,2021,8,21,Amazon,198,Anchorage
Women's Athletic Footwear,5,West,68,360,2021,8,21,Amazon,144,Anchorage
Men's Apparel,6,West,65,403,2021,8,21,Amazon,153,Anchorage
Women's Apparel,6,West,104,697,2021,8,21,Amazon,293,Anchorage
Men's Street Footwear,6,West,131,838,2021,9,20,Amazon,402,Anchorage
Men's Athletic Footwear,5,West,91,501,2021,9,20,Amazon,240,Anchorage
Women's Street Footwear,5,West,59,295,2021,9,20,Amazon,112,Anchorage
Women's Athletic Footwear,5,West,56,280,2021,9,20,Amazon,109,Anchorage
Men's Apparel,6,West,60,372,2021,9,20,Amazon,149,Anchorage
Women's Apparel,6,West,84,538,2021,9,20,Amazon,220,Anchorage
Men's Street Footwear,6,West,113,768,2021,10,22,Amazon,361,Anchorage
Men's Athletic Footwear,6,West,77,462,2021,10,22,Amazon,222,Anchorage
Women's Street Footwear,5,West,46,271,2021,10,22,Amazon,109,Anchorage
Women's Athletic Footwear,5,West,42,248,2021,10,22,Amazon,89,Anchorage
Men's Apparel,7,West,44,312,2021,10,22,Amazon,109,Anchorage
Women's Apparel,7,West,83,606,2021,10,22,Amazon,242,Anchorage
Men's Street Footwear,6,West,123,836,2021,11,21,Amazon,401,Anchorage
Men's Athletic Footwear,5,West,81,478,2021,11,21,Amazon,220,Anchorage
Women's Street Footwear,5,West,93,549,2021,11,21,Amazon,214,Anchorage
Women's Athletic Footwear,6,West,90,558,2021,11,21,Amazon,212,Anchorage
Men's Apparel,6,West,83,573,2021,11,21,Amazon,200,Anchorage
Women's Apparel,7,West,101,747,2021,11,21,Amazon,314,Anchorage
Men's Street Footwear,6,West,174,1201,2021,12,20,Amazon,564,Anchorage
Men's Athletic Footwear,6,West,112,672,2021,12,20,Amazon,316,Anchorage
Men's Street Footwear,3,West,109,360,2021,1,10,Foot Locker,137,Anchorage
Men's Athletic Footwear,4,West,109,469,2021,1,10,Foot Locker,155,Anchorage
Women's Street Footwear,4,West,113,463,2021,1,10,Foot Locker,167,Anchorage
Women's Athletic Footwear,4,West,56,241,2021,1,10,Foot Locker,84,Anchorage
Men's Apparel,4,West,46,212,2021,1,10,Foot Locker,63,Anchorage
Women's Apparel,4,West,123,517,2021,1,10,Foot Locker,279,Anchorage
Men's Street Footwear,3,West,143,472,2021,2,10,Foot Locker,170,Anchorage
Men's Athletic Footwear,4,West,98,412,2021,2,10,Foot Locker,132,Anchorage
Women's Street Footwear,4,West,94,414,2021,2,10,Foot Locker,149,Anchorage
Women's Athletic Footwear,4,West,56,230,2021,2,10,Foot Locker,90,Honolulu
Men's Apparel,4,West,38,179,2021,2,10,Foot Locker,54,Honolulu
Women's Apparel,4,West,102,449,2021,2,10,Foot Locker,247,Honolulu
Men's Street Footwear,4,West,135,594,2021,3,9,Foot Locker,238,Honolulu
Men's Athletic Footwear,5,West,91,491,2021,3,9,Foot Locker,152,Honolulu
Women's Street Footwear,5,West,101,576,2021,3,9,Foot Locker,225,Honolulu
Women's Athletic Footwear,5,West,69,359,2021,3,9,Foot Locker,129,Honolulu
Men's Apparel,5,West,36,198,2021,3,9,Foot Locker,51,Honolulu
Women's Apparel,5,West,85,425,2021,3,9,Foot Locker,234,Honolulu
Men's Street Footwear,5,West,130,767,2021,4,10,Foot Locker,276,Honolulu
Men's Athletic Footwear,6,West,81,494,2021,4,10,Foot Locker,173,Honolulu
Women's Street Footwear,6,West,91,546,2021,4,10,Foot Locker,207,Honolulu
Women's Athletic Footwear,4,West,73,350,2021,4,10,Foot Locker,123,Honolulu
Men's Apparel,5,West,42,218,2021,4,10,Foot Locker,59,Honolulu
Women's Apparel,6,West,94,620,2021,4,10,Foot Locker,310,Honolulu
Men's Street Footwear,5,West,158,806,2021,5,11,Foot Locker,298,Honolulu
Men's Athletic Footwear,5,West,98,568,2021,5,11,Foot Locker,188,Honolulu
Women's Street Footwear,5,West,98,549,2021,5,11,Foot Locker,220,Honolulu
Women's Athletic Footwear,5,West,80,416,2021,5,11,Foot Locker,166,Honolulu
Men's Apparel,5,West,46,253,2021,5,11,Foot Locker,71,Honolulu
Women's Apparel,6,West,143,987,2021,5,11,Foot Locker,543,Honolulu
Men's Street Footwear,6,West,210,1407,2021,6,10,Foot Locker,563,Honolulu
Men's Athletic Footwear,7,West,156,1123,2021,6,10,Foot Locker,348,Honolulu
Women's Street Footwear,7,West,180,1278,2021,6,10,Foot Locker,460,Honolulu
Women's Athletic Footwear,7,West,133,984,2021,6,10,Foot Locker,374,Honolulu
Men's Apparel,8,West,88,730,2021,6,10,Foot Locker,219,Honolulu
Women's Apparel,9,West,169,1639,2021,6,10,Foot Locker,852,Honolulu
Men's Street Footwear,7,West,208,1539,2021,7,9,Foot Locker,570,Honolulu
Men's Athletic Footwear,8,West,182,1474,2021,7,9,Foot Locker,501,Honolulu
Women's Street Footwear,7,West,150,1185,2021,7,9,Foot Locker,427,Honolulu
Women's Athletic Footwear,7,West,130,949,2021,7,9,Foot Locker,380,Honolulu
Men's Apparel,8,West,149,1192,2021,7,9,Foot Locker,358,Honolulu
Women's Apparel,9,West,154,1478,2021,7,9,Foot Locker,769,Honolulu
Men's Street Footwear,7,West,210,1659,2021,8,10,Foot Locker,614,Honolulu
Men's Athletic Footwear,7,West,218,1548,2021,8,10,Foot Locker,526,Honolulu
Women's Street Footwear,6,West,162,1037,2021,8,10,Foot Locker,404,Honolulu
Women's Athletic Footwear,6,West,142,951,2021,8,10,Foot Locker,362,Honolulu
Men's Apparel,6,West,147,1014,2021,8,10,Walmart,274,Honolulu
Women's Apparel,7,West,88,634,2021,8,10,Walmart,336,Honolulu
Men's Street Footwear,6,West,149,924,2021,9,11,Walmart,333,Honolulu
Men's Athletic Footwear,6,West,149,1028,2021,9,11,Walmart,339,Honolulu
Women's Street Footwear,6,West,105,672,2021,9,11,Walmart,262,Honolulu
Women's Athletic Footwear,6,West,85,527,2021,9,11,Walmart,211,Honolulu
Men's Apparel,7,West,91,646,2021,9,11,Walmart,194,Honolulu
Women's Apparel,5,West,105,588,2021,9,11,Walmart,312,Honolulu
Men's Street Footwear,5,West,124,645,2021,10,10,Walmart,258,Honolulu
Men's Athletic Footwear,6,West,138,842,2021,10,10,Walmart,253,Honolulu
Women's Street Footwear,5,West,87,487,2021,10,10,Walmart,171,Honolulu
Women's Athletic Footwear,5,West,83,415,2021,10,10,Walmart,154,Honolulu
Men's Apparel,6,West,70,441,2021,10,10,Walmart,123,Honolulu
Women's Apparel,6,West,75,480,2021,10,10,Walmart,245,Honolulu
Men's Street Footwear,5,West,158,806,2021,11,10,Walmart,298,Honolulu
Men's Athletic Footwear,5,West,168,941,2021,11,10,Walmart,301,Honolulu
Women's Street Footwear,5,West,123,615,2021,11,10,Walmart,246,Honolulu
Women's Athletic Footwear,6,West,104,624,2021,11,10,Walmart,243,Honolulu
Men's Apparel,8,West,113,938,2021,11,10,Walmart,281,Honolulu
Women's Apparel,8,West,140,1148,2021,11,10,Walmart,597,Honolulu
Men's Street Footwear,6,West,189,1285,2021,12,9,Walmart,514,Honolulu
Men's Athletic Footwear,7,West,182,1401,2021,12,9,Walmart,420,Honolulu
Women's Street Footwear,7,West,135,999,2021,12,9,Sports Direct,350,Honolulu
Women's Athletic Footwear,7,West,145,1059,2021,12,9,Sports Direct,370,Honolulu
Men's Apparel,8,West,128,1075,2021,12,9,Sports Direct,280,Honolulu
Women's Apparel,8,West,142,1264,2021,12,9,Sports Direct,632,Honolulu
Men's Street Footwear,3,West,115,437,2021,1,17,Sports Direct,188,Honolulu
Men's Athletic Footwear,4,West,123,590,2021,1,17,Sports Direct,207,Honolulu
Women's Street Footwear,4,West,123,554,2021,1,17,Sports Direct,227,Honolulu
Women's Athletic Footwear,4,West,77,362,2021,1,17,Sports Direct,163,Honolulu
Men's Apparel,5,West,68,367,2021,1,17,Sports Direct,110,Honolulu
Women's Apparel,4,West,124,608,2021,1,17,Sports Direct,358,Honolulu
Men's Street Footwear,3,West,137,493,2021,2,17,Sports Direct,207,Honolulu
Men's Athletic Footwear,4,West,111,544,2021,2,17,Sports Direct,190,Honolulu
Women's Street Footwear,4,West,111,544,2021,2,17,Sports Direct,218,Honolulu
Women's Athletic Footwear,4,Southeast,74,333,2021,2,17,Sports Direct,147,Orlando
Men's Apparel,5,Southeast,60,312,2021,2,17,Sports Direct,100,Orlando
Women's Apparel,4,Southeast,108,508,2021,2,17,Sports Direct,294,Orlando
Men's Street Footwear,4,Southeast,160,736,2021,3,16,Sports Direct,302,Orlando
Men's Athletic Footwear,5,Southeast,100,580,2021,3,16,Sports Direct,220,Orlando
Women's Street Footwear,5,Southeast,115,679,2021,3,16,Sports Direct,292,Orlando
Women's Athletic Footwear,5,Southeast,91,528,2021,3,16,Sports Direct,222,Orlando
Men's Apparel,6,Southeast,44,268,2021,3,16,Sports Direct,89,Orlando
Women's Apparel,5,Southeast,101,545,2021,3,16,Sports Direct,327,Orlando
Men's Street Footwear,6,Southeast,138,856,2021,4,17,Walmart,359,Orlando
Men's Athletic Footwear,6,Southeast,98,647,2021,4,17,Walmart,226,Orlando
Women's Street Footwear,6,Southeast,120,792,2021,4,17,Walmart,325,Orlando
Women's Athletic Footwear,5,Southeast,84,437,2021,4,17,Walmart,197,Orlando
Men's Apparel,5,Southeast,58,342,2021,4,17,Walmart,120,Orlando
Women's Apparel,7,Southeast,109,785,2021,4,17,Walmart,471,Orlando
Men's Street Footwear,5,Southeast,155,899,2021,5,18,Walmart,387,Orlando
Men's Athletic Footwear,6,Southeast,128,768,2021,5,18,Walmart,307,Orlando
Women's Street Footwear,5,Southeast,119,702,2021,5,18,Walmart,316,Orlando
Women's Athletic Footwear,5,Southeast,88,519,2021,5,18,Walmart,223,Orlando
Men's Apparel,5,Southeast,68,354,2021,5,18,Walmart,113,Orlando
Women's Apparel,6,Southeast,173,1159,2021,5,18,Walmart,672,Orlando
Men's Street Footwear,6,Southeast,223,1360,2021,6,17,Walmart,612,Orlando
Men's Athletic Footwear,6,Southeast,203,1299,2021,6,17,Walmart,455,Orlando
Women's Street Footwear,8,Southeast,210,1680,2021,6,17,Walmart,722,Orlando
Women's Athletic Footwear,7,Southeast,155,1194,2021,6,17,Walmart,501,Orlando
Men's Apparel,8,Southeast,126,1121,2021,6,17,Walmart,359,Orlando
Women's Apparel,10,Southeast,218,2245,2021,6,17,Walmart,1257,Orlando
Men's Street Footwear,8,Southeast,261,2166,2021,7,16,Walmart,953,Orlando
Men's Athletic Footwear,8,Southeast,225,1980,2021,7,16,Walmart,792,Orlando
Women's Street Footwear,8,Southeast,189,1625,2021,7,16,Walmart,715,Orlando
Women's Athletic Footwear,8,Southeast,180,1476,2021,7,16,Walmart,635,Orlando
Men's Apparel,8,Southeast,195,1736,2021,7,16,Walmart,555,Orlando
Women's Apparel,10,Southeast,163,1646,2021,7,16,Walmart,938,Orlando
Men's Street Footwear,8,Southeast,213,1853,2021,8,17,Walmart,760,Orlando
Men's Athletic Footwear,7,Southeast,206,1586,2021,8,17,Walmart,555,Orlando
Women's Street Footwear,7,Southeast,189,1474,2021,8,17,Walmart,634,Orlando
Women's Athletic Footwear,7,Southeast,143,1101,2021,8,17,Walmart,462,Orlando
Men's Apparel,7,Southeast,143,1058,2021,8,17,Walmart,328,Orlando
Women's Apparel,8,Southeast,87,705,2021,8,17,Walmart,409,Orlando
Men's Street Footwear,5,Southeast,140,812,2021,9,18,Walmart,325,Orlando
Men's Athletic Footwear,6,Southeast,135,810,2021,9,18,Walmart,300,Orlando
Women's Street Footwear,5,Southeast,75,405,2021,9,18,Walmart,182,Orlando
Women's Athletic Footwear,5,Southeast,65,351,2021,9,18,Walmart,154,Orlando
Men's Apparel,6,Southeast,74,474,2021,9,18,Walmart,147,Orlando
Women's Apparel,5,Southeast,75,383,2021,9,18,Walmart,210,Orlando
Men's Street Footwear,4,Southeast,100,470,2021,10,17,Walmart,207,Orlando
Men's Athletic Footwear,5,Southeast,144,850,2021,10,17,Walmart,323,Orlando
Women's Street Footwear,5,Southeast,112,616,2021,10,17,Walmart,253,Orlando
Women's Athletic Footwear,5,Southeast,113,576,2021,10,17,Walmart,236,Orlando
Men's Apparel,5,Southeast,98,578,2021,10,17,Walmart,179,Orlando
Women's Apparel,6,Southeast,104,676,2021,10,17,Walmart,392,Orlando
Men's Street Footwear,5,Southeast,169,879,2021,11,17,Walmart,352,Orlando
Men's Athletic Footwear,5,Southeast,175,945,2021,11,17,Walmart,359,Orlando
Women's Street Footwear,5,Southeast,147,779,2021,11,17,Walmart,319,Orlando
Women's Athletic Footwear,6,Southeast,150,960,2021,11,17,Walmart,413,Orlando
Men's Apparel,7,Southeast,124,955,2021,11,17,Walmart,286,Orlando
Women's Apparel,8,Southeast,162,1393,2021,11,17,Walmart,822,Orlando
Men's Street Footwear,7,Southeast,216,1555,2021,12,16,Walmart,622,Orlando
Men's Athletic Footwear,8,Southeast,200,1640,2021,12,16,Walmart,574,Orlando
Women's Street Footwear,7,Southeast,174,1305,2021,12,16,West Gear,522,Orlando
Women's Athletic Footwear,7,Southeast,180,1404,2021,12,16,West Gear,576,Orlando
Men's Apparel,8,Southeast,147,1264,2021,12,16,West Gear,442,Orlando
Women's Apparel,8,Southeast,156,1357,2021,12,16,West Gear,746,Orlando
Men's Street Footwear,4,Southeast,255,1046,2021,1,12,West Gear,575,Orlando
Men's Athletic Footwear,4,Southeast,189,832,2021,1,12,West Gear,391,Orlando
Women's Street Footwear,3,Southeast,169,541,2021,1,12,West Gear,206,Orlando
Women's Athletic Footwear,3,Southeast,145,537,2021,1,12,West Gear,220,Orlando
Men's Apparel,5,Southeast,165,842,2021,1,12,West Gear,379,Orlando
Women's Apparel,4,Southeast,176,774,2021,1,12,West Gear,503,Orlando
Men's Street Footwear,4,Southeast,234,1030,2021,2,10,West Gear,566,Orlando
Men's Athletic Footwear,4,Southeast,138,580,2021,2,10,West Gear,284,Orlando
Women's Street Footwear,3,Southeast,174,574,2021,2,10,West Gear,212,Orlando
Women's Athletic Footwear,3,Northeast,133,492,2021,2,10,West Gear,207,Albany
Men's Apparel,5,Northeast,154,770,2021,2,10,West Gear,354,Albany
Women's Apparel,4,Northeast,182,764,2021,2,10,West Gear,489,Albany
Men's Street Footwear,4,Northeast,252,1109,2021,3,8,West Gear,654,Albany
Men's Athletic Footwear,4,Northeast,165,726,2021,3,8,West Gear,334,Albany
Women's Street Footwear,3,Northeast,161,531,2021,3,8,West Gear,191,Albany
Women's Athletic Footwear,3,Northeast,106,413,2021,3,8,West Gear,169,Albany
Men's Apparel,5,Northeast,133,678,2021,3,8,West Gear,332,Albany
Women's Apparel,4,Northeast,161,692,2021,3,8,West Gear,415,Albany
Men's Street Footwear,4,Northeast,248,1042,2021,4,9,West Gear,583,Albany
Men's Athletic Footwear,4,Northeast,147,632,2021,4,9,West Gear,284,Albany
Women's Street Footwear,3,Northeast,152,517,2021,4,9,West Gear,186,Albany
Women's Athletic Footwear,3,Northeast,135,500,2021,4,9,West Gear,205,Albany
Men's Apparel,5,Northeast,124,620,2021,4,9,West Gear,291,Albany
Women's Apparel,4,Northeast,156,640,2021,4,9,West Gear,416,Albany
Men's Street Footwear,5,Northeast,261,1305,2021,5,8,West Gear,783,Albany
Men's Athletic Footwear,5,Northeast,161,853,2021,5,8,West Gear,401,Albany
Women's Street Footwear,4,Northeast,160,784,2021,5,8,West Gear,282,Albany
Women's Athletic Footwear,4,Northeast,130,611,2021,5,8,West Gear,244,Albany
Men's Apparel,5,Northeast,137,767,2021,5,8,West Gear,376,Albany
Women's Apparel,5,Northeast,169,997,2021,5,8,West Gear,628,Albany
Men's Street Footwear,5,Northeast,263,1552,2021,6,10,West Gear,869,Albany
Men's Athletic Footwear,5,Northeast,175,945,2021,6,10,West Gear,454,Albany
Women's Street Footwear,4,Northeast,150,720,2021,6,10,West Gear,274,Albany
Women's Athletic Footwear,4,Northeast,144,706,2021,6,10,West Gear,289,Albany
Men's Apparel,6,Northeast,150,930,2021,6,10,West Gear,456,Albany
Women's Apparel,6,Northeast,181,1249,2021,6,10,West Gear,774,Albany
Men's Street Footwear,5,Northeast,247,1457,2021,7,8,West Gear,802,Albany
Men's Athletic Footwear,5,Northeast,196,1098,2021,7,8,West Gear,494,Albany
Women's Street Footwear,5,Northeast,169,862,2021,7,8,West Gear,302,Albany
Women's Athletic Footwear,5,Northeast,150,795,2021,7,8,West Gear,342,Albany
Men's Apparel,6,Northeast,168,1042,2021,7,8,West Gear,479,Albany
Women's Apparel,6,Northeast,194,1280,2021,7,8,West Gear,832,Albany
Men's Street Footwear,6,Northeast,250,1550,2021,8,9,West Gear,868,Albany
Men's Athletic Footwear,5,Northeast,210,1155,2021,8,9,West Gear,520,Albany
Women's Street Footwear,5,Northeast,188,959,2021,8,9,West Gear,345,Albany
Women's Athletic Footwear,4,Northeast,150,615,2021,8,9,West Gear,246,Albany
Men's Apparel,5,Northeast,149,775,2021,8,9,West Gear,372,Albany
Women's Apparel,5,Northeast,218,1199,2021,8,9,West Gear,719,Albany
Men's Street Footwear,5,Northeast,238,1190,2021,9,8,West Gear,702,Albany
Men's Athletic Footwear,4,Northeast,163,782,2021,9,8,West Gear,352,Albany
Women's Street Footwear,4,Northeast,138,566,2021,9,8,West Gear,198,Albany
Women's Athletic Footwear,4,Northeast,137,603,2021,9,8,West Gear,247,Albany
Men's Apparel,5,Northeast,131,668,2021,9,8,West Gear,321,Albany
Women's Apparel,5,Northeast,156,920,2021,9,8,West Gear,552,Albany
Men's Street Footwear,5,Northeast,208,1186,2021,10,10,West Gear,676,Albany
Men's Athletic Footwear,4,Northeast,156,718,2021,10,10,West Gear,330,Albany
Women's Street Footwear,4,Northeast,137,630,2021,10,10,West Gear,252,Albany
Women's Athletic Footwear,4,Northeast,135,608,2021,10,10,West Gear,249,Albany
Men's Apparel,5,Northeast,150,885,2021,10,10,West Gear,416,Albany
Women's Apparel,6,Northeast,156,998,2021,10,10,West Gear,619,Albany
Men's Street Footwear,5,Northeast,217,1215,2021,11,9,West Gear,668,Albany
Men's Athletic Footwear,4,Northeast,162,794,2021,11,9,West Gear,389,Albany
Women's Street Footwear,4,Northeast,147,662,2021,11,9,West Gear,238,Albany
Women's Athletic Footwear,4,Northeast,144,677,2021,11,9,West Gear,271,Albany
Men's Apparel,6,Northeast,154,955,2021,11,9,West Gear,430,Albany
Women's Apparel,6,Northeast,176,1197,2021,11,9,West Gear,766,Albany
Men's Street Footwear,5,Northeast,245,1446,2021,12,8,West Gear,838,Albany
Men's Athletic Footwear,5,Northeast,169,862,2021,12,8,West Gear,431,Albany
Women's Street Footwear,5,Northeast,163,848,2021,12,8,Kohl'S,331,Albany
Women's Athletic Footwear,5,Northeast,155,837,2021,12,8,Kohl'S,343,Albany
Men's Apparel,6,Northeast,155,930,2021,12,8,Kohl'S,428,Albany
Women's Apparel,6,Northeast,182,1256,2021,12,8,Kohl'S,804,Albany
Men's Street Footwear,3,Northeast,216,842,2021,1,14,Kohl'S,531,Albany
Men's Athletic Footwear,3,Northeast,156,608,2021,1,14,Kohl'S,274,Albany
Women's Street Footwear,2,Northeast,168,487,2021,1,14,Kohl'S,234,Albany
Women's Athletic Footwear,3,Northeast,131,445,2021,1,14,Kohl'S,209,Albany
Men's Apparel,4,Northeast,145,711,2021,1,14,Kohl'S,320,Albany
Women's Apparel,3,Northeast,156,593,2021,1,14,Kohl'S,237,Albany
Men's Street Footwear,3,Northeast,238,881,2021,2,12,Kohl'S,537,Albany
Men's Athletic Footwear,3,Northeast,145,537,2021,2,12,Kohl'S,220,Albany
Women's Street Footwear,2,Northeast,143,415,2021,2,12,Kohl'S,203,Albany
Women's Athletic Footwear,3,West,123,394,2021,2,12,Kohl'S,189,Cheyenne
Men's Apparel,4,West,145,682,2021,2,12,Kohl'S,279,Cheyenne
Women's Apparel,3,West,174,661,2021,2,12,Kohl'S,258,Cheyenne
Men's Street Footwear,3,West,246,935,2021,3,10,Kohl'S,561,Cheyenne
Men's Athletic Footwear,3,West,131,485,2021,3,10,Kohl'S,213,Cheyenne
Women's Street Footwear,2,West,149,402,2021,3,10,Kohl'S,181,Cheyenne
Women's Athletic Footwear,3,West,112,370,2021,3,10,Kohl'S,174,Cheyenne
Men's Apparel,4,West,126,592,2021,3,10,Kohl'S,266,Cheyenne
Women's Apparel,3,West,165,611,2021,3,10,Kohl'S,226,Cheyenne
Men's Street Footwear,3,West,208,811,2021,4,11,Kohl'S,503,Cheyenne
Men's Athletic Footwear,3,West,140,546,2021,4,11,Kohl'S,246,Cheyenne
Women's Street Footwear,2,West,145,406,2021,4,11,Kohl'S,187,Cheyenne
Women's Athletic Footwear,3,West,119,393,2021,4,11,Kohl'S,185,Cheyenne
Men's Apparel,4,West,106,498,2021,4,11,Kohl'S,209,Cheyenne
Women's Apparel,3,West,149,536,2021,4,11,Kohl'S,188,Cheyenne
Men's Street Footwear,4,West,246,1107,2021,5,10,Kohl'S,720,Cheyenne
Men's Athletic Footwear,4,West,152,623,2021,5,10,Kohl'S,249,Cheyenne
Women's Street Footwear,3,West,145,566,2021,5,10,Kohl'S,277,Cheyenne
Women's Athletic Footwear,3,West,131,511,2021,5,10,Kohl'S,255,Cheyenne
Men's Apparel,4,West,133,599,2021,5,10,Kohl'S,251,Cheyenne
Women's Apparel,5,West,156,811,2021,5,10,Kohl'S,324,Cheyenne
Men's Street Footwear,4,West,247,1136,2021,6,12,Kohl'S,716,Cheyenne
Men's Athletic Footwear,4,West,168,706,2021,6,12,Kohl'S,289,Cheyenne
Women's Street Footwear,3,West,131,498,2021,6,12,Kohl'S,224,Cheyenne
Women's Athletic Footwear,3,West,140,532,2021,6,12,Kohl'S,250,Cheyenne
Men's Apparel,4,West,135,662,2021,6,12,Kohl'S,291,Cheyenne
Women's Apparel,5,West,163,815,2021,6,12,Kohl'S,302,Cheyenne
Men's Street Footwear,4,West,228,1094,2021,7,10,Kohl'S,700,Cheyenne
Men's Athletic Footwear,4,West,163,717,2021,7,10,Kohl'S,308,Cheyenne
Women's Street Footwear,3,West,149,566,2021,7,10,Kohl'S,272,Cheyenne
Women's Athletic Footwear,3,West,150,585,2021,7,10,Kohl'S,275,Cheyenne
Men's Apparel,4,West,137,658,2021,7,10,Kohl'S,276,Cheyenne
Women's Apparel,5,West,196,1000,2021,7,10,Kohl'S,360,Cheyenne
Men's Street Footwear,4,West,255,1199,2021,8,11,Kohl'S,767,Cheyenne
Men's Athletic Footwear,4,West,163,701,2021,8,11,Kohl'S,287,Cheyenne
Women's Street Footwear,3,West,143,543,2021,8,11,Kohl'S,245,Cheyenne
Women's Athletic Footwear,3,West,147,559,2021,8,11,Kohl'S,274,Cheyenne
Men's Apparel,4,West,140,658,2021,8,11,Kohl'S,270,Cheyenne
Women's Apparel,5,West,196,1019,2021,8,11,Kohl'S,408,Cheyenne
Men's Street Footwear,4,West,208,998,2021,9,10,Kohl'S,639,Cheyenne
Men's Athletic Footwear,4,West,150,660,2021,9,10,Kohl'S,284,Cheyenne
Women's Street Footwear,3,West,137,521,2021,9,10,Kohl'S,239,Cheyenne
Women's Athletic Footwear,3,West,135,513,2021,9,10,Kohl'S,251,Cheyenne
Men's Apparel,4,West,125,600,2021,9,10,Kohl'S,258,Cheyenne
Women's Apparel,5,West,174,905,2021,9,10,Kohl'S,362,Cheyenne
Men's Street Footwear,5,West,202,1010,2021,10,12,Kohl'S,646,Cheyenne
Men's Athletic Footwear,4,West,174,766,2021,10,12,Kohl'S,306,Cheyenne
Women's Street Footwear,4,West,125,525,2021,10,12,Kohl'S,242,Cheyenne
Women's Athletic Footwear,4,West,119,488,2021,10,12,Kohl'S,224,Cheyenne
Men's Apparel,5,West,128,691,2021,10,12,Kohl'S,304,Cheyenne
Women's Apparel,5,West,150,825,2021,10,12,Kohl'S,305,Cheyenne
Men's Street Footwear,5,West,218,1155,2021,11,11,Kohl'S,705,Cheyenne
Men's Athletic Footwear,4,West,167,701,2021,11,11,Kohl'S,302,Cheyenne
Women's Street Footwear,4,West,146,613,2021,11,11,Kohl'S,307,Cheyenne
Women's Athletic Footwear,4,West,135,567,2021,11,11,Kohl'S,278,Cheyenne
Men's Apparel,5,West,143,729,2021,11,11,Kohl'S,299,Cheyenne
Women's Apparel,5,West,161,886,2021,11,11,Kohl'S,345,Cheyenne
Men's Street Footwear,5,West,224,1165,2021,12,10,Kohl'S,711,Cheyenne
Men's Athletic Footwear,4,West,168,739,2021,12,10,Kohl'S,303,Cheyenne
Women's Street Footwear,4,West,165,726,2021,12,10,Foot Locker,334,Cheyenne
Women's Athletic Footwear,4,West,135,594,2021,12,10,Foot Locker,291,Cheyenne
Men's Apparel,5,West,145,783,2021,12,10,Foot Locker,352,Cheyenne
Women's Apparel,5,West,174,974,2021,12,10,Foot Locker,351,Cheyenne
Men's Street Footwear,2,West,91,264,2021,1,24,Foot Locker,121,Cheyenne
Men's Athletic Footwear,3,West,105,378,2021,1,24,Foot Locker,174,Cheyenne
Women's Street Footwear,3,West,91,355,2021,1,24,Foot Locker,160,Cheyenne
Women's Athletic Footwear,3,West,54,205,2021,1,24,Foot Locker,96,Cheyenne
Men's Apparel,4,West,45,189,2021,1,24,Foot Locker,96,Cheyenne
Women's Apparel,3,West,116,441,2021,1,24,Foot Locker,198,Cheyenne
Men's Street Footwear,2,West,113,305,2021,2,24,Foot Locker,140,Cheyenne
Men's Athletic Footwear,3,West,105,378,2021,2,24,Foot Locker,170,Cheyenne
Women's Street Footwear,3,West,88,343,2021,2,24,Foot Locker,154,Cheyenne
Women's Athletic Footwear,3,Southeast,58,220,2021,2,24,Foot Locker,110,Richmond
Men's Apparel,4,Southeast,38,160,2021,2,24,Foot Locker,88,Richmond
Women's Apparel,3,Southeast,81,308,2021,2,24,Foot Locker,132,Richmond
Men's Street Footwear,3,Southeast,143,543,2021,3,23,Foot Locker,255,Richmond
Men's Athletic Footwear,4,Southeast,85,383,2021,3,23,Foot Locker,180,Richmond
Women's Street Footwear,5,Southeast,91,473,2021,3,23,Foot Locker,227,Richmond
Women's Athletic Footwear,4,Southeast,65,312,2021,3,23,Foot Locker,144,Richmond
Men's Apparel,5,Southeast,30,153,2021,3,23,Foot Locker,80,Richmond
Women's Apparel,4,Southeast,78,382,2021,3,23,Foot Locker,161,Richmond
Men's Street Footwear,5,Southeast,124,645,2021,4,24,Foot Locker,310,Richmond
Men's Athletic Footwear,5,Southeast,69,407,2021,4,24,Foot Locker,195,Richmond
Women's Street Footwear,5,Southeast,85,485,2021,4,24,Foot Locker,237,Richmond
Women's Athletic Footwear,4,Southeast,56,235,2021,4,24,Foot Locker,111,Richmond
Men's Apparel,4,Southeast,35,172,2021,4,24,Foot Locker,87,Richmond
Women's Apparel,6,Southeast,78,499,2021,4,24,Foot Locker,220,Richmond
Men's Street Footwear,4,Southeast,125,575,2021,5,25,Foot Locker,265,Richmond
Men's Athletic Footwear,5,Southeast,98,500,2021,5,25,Foot Locker,225,Richmond
Women's Street Footwear,5,Southeast,88,440,2021,5,25,Foot Locker,220,Richmond
Women's Athletic Footwear,4,Southeast,69,324,2021,5,25,Foot Locker,162,Richmond
Men's Apparel,4,Southeast,49,216,2021,5,25,Foot Locker,116,Richmond
Women's Apparel,5,Southeast,152,851,2021,5,25,Foot Locker,366,Richmond
Men's Street Footwear,5,Southeast,233,1235,2021,6,24,Foot Locker,580,Richmond
Men's Athletic Footwear,6,Southeast,176,1091,2021,6,24,Foot Locker,502,Richmond
Women's Street Footwear,7,Southeast,195,1424,2021,6,24,Foot Locker,683,Richmond
Women's Athletic Footwear,7,Southeast,142,1022,2021,6,24,Foot Locker,501,Richmond
Men's Apparel,8,Southeast,104,842,2021,6,24,Foot Locker,430,Richmond
Women's Apparel,9,Southeast,182,1747,2021,6,24,Foot Locker,699,Richmond
Men's Street Footwear,7,Southeast,255,2015,2021,7,23,Foot Locker,1007,Richmond
Men's Athletic Footwear,8,Southeast,203,1644,2021,7,23,Foot Locker,822,Richmond
Women's Street Footwear,8,Southeast,182,1565,2021,7,23,Foot Locker,704,Richmond
Women's Athletic Footwear,8,Southeast,149,1222,2021,7,23,Foot Locker,562,Richmond
Men's Apparel,8,Southeast,162,1377,2021,7,23,Foot Locker,757,Richmond
Women's Apparel,9,Southeast,180,1728,2021,7,23,Foot Locker,691,Richmond
Men's Street Footwear,8,Southeast,240,1992,2021,8,24,Foot Locker,896,Richmond
Men's Athletic Footwear,7,Southeast,202,1535,2021,8,24,Foot Locker,737,Richmond
Women's Street Footwear,6,Southeast,189,1304,2021,8,24,Foot Locker,626,Richmond
Women's Athletic Footwear,6,Southeast,111,733,2021,8,24,Foot Locker,359,Richmond
Men's Apparel,6,Southeast,106,678,2021,8,24,Foot Locker,346,Richmond
Women's Apparel,7,Southeast,75,548,2021,8,24,Foot Locker,230,Richmond
Men's Street Footwear,4,Southeast,113,520,2021,9,25,Foot Locker,260,Richmond
Men's Athletic Footwear,5,Southeast,113,588,2021,9,25,Foot Locker,270,Richmond
Women's Street Footwear,4,Southeast,65,306,2021,9,25,Foot Locker,144,Richmond
Women's Athletic Footwear,4,Southeast,54,243,2021,9,25,Foot Locker,119,Richmond
Men's Apparel,5,Southeast,56,325,2021,9,25,Foot Locker,162,Richmond
Women's Apparel,4,Southeast,70,294,2021,9,25,Foot Locker,126,Richmond
Men's Street Footwear,3,Southeast,102,388,2021,10,24,Foot Locker,174,Richmond
Men's Athletic Footwear,5,Southeast,142,724,2021,10,24,Foot Locker,355,Richmond
Women's Street Footwear,4,Southeast,95,437,2021,10,24,Foot Locker,201,Richmond
Women's Athletic Footwear,4,Southeast,98,402,2021,10,24,Foot Locker,197,Richmond
Men's Apparel,5,Southeast,87,461,2021,10,24,Foot Locker,249,Richmond
Women's Apparel,5,Southeast,102,602,2021,10,24,Foot Locker,265,Richmond
Men's Street Footwear,4,Southeast,155,651,2021,11,24,Foot Locker,306,Richmond
Men's Athletic Footwear,4,Southeast,169,794,2021,11,24,Foot Locker,389,Richmond
Women's Street Footwear,4,Southeast,138,593,2021,11,24,Foot Locker,285,Richmond
Women's Athletic Footwear,5,Southeast,113,588,2021,11,24,Foot Locker,282,Richmond
Men's Apparel,7,Southeast,111,810,2021,11,24,Foot Locker,446,Richmond
Women's Apparel,7,Southeast,149,1103,2021,11,24,Foot Locker,441,Richmond
Men's Street Footwear,6,Southeast,225,1350,2021,12,23,Foot Locker,635,Richmond
Men's Athletic Footwear,7,Southeast,225,1665,2021,12,23,Foot Locker,749,Richmond
Women's Street Footwear,6,Southeast,154,986,2021,12,23,Sports Direct,473,Richmond
Women's Athletic Footwear,6,Southeast,160,1072,2021,12,23,Sports Direct,536,Richmond
Men's Apparel,7,Southeast,133,958,2021,12,23,Sports Direct,488,Richmond
Women's Apparel,8,Southeast,150,1230,2021,12,23,Sports Direct,529,Richmond
Men's Street Footwear,3,Southeast,203,690,2021,1,19,Sports Direct,421,Richmond
Men's Athletic Footwear,3,Southeast,154,524,2021,1,19,Sports Direct,267,Richmond
Women's Street Footwear,2,Southeast,149,343,2021,1,19,Sports Direct,137,Richmond
Women's Athletic Footwear,2,Southeast,116,336,2021,1,19,Sports Direct,168,Richmond
Men's Apparel,4,Southeast,122,525,2021,1,19,Sports Direct,273,Richmond
Women's Apparel,3,Southeast,138,455,2021,1,19,Sports Direct,310,Richmond
Men's Street Footwear,3,Southeast,200,680,2021,2,17,Sports Direct,428,Richmond
Men's Athletic Footwear,3,Southeast,117,386,2021,2,17,Sports Direct,201,Richmond
Women's Street Footwear,2,Southeast,150,345,2021,2,17,Sports Direct,148,Richmond
Women's Athletic Footwear,2,Midwest,109,305,2021,2,17,Sports Direct,150,Detroit
Men's Apparel,4,Midwest,126,517,2021,2,17,Sports Direct,284,Detroit
Women's Apparel,3,Midwest,138,455,2021,2,17,Sports Direct,305,Detroit
Men's Street Footwear,3,Midwest,216,734,2021,3,15,Sports Direct,448,Detroit
Men's Athletic Footwear,3,Midwest,126,403,2021,3,15,Sports Direct,218,Detroit
Women's Street Footwear,2,Midwest,124,310,2021,3,15,Sports Direct,124,Detroit
Women's Athletic Footwear,2,Midwest,91,264,2021,3,15,Sports Direct,127,Detroit
Men's Apparel,4,Midwest,94,404,2021,3,15,Sports Direct,210,Detroit
Women's Apparel,3,Midwest,143,472,2021,3,15,Sports Direct,326,Detroit
Men's Street Footwear,3,Midwest,181,579,2021,4,16,Sports Direct,348,Detroit
Men's Athletic Footwear,3,Midwest,111,422,2021,4,16,Sports Direct,224,Detroit
Women's Street Footwear,2,Midwest,135,365,2021,4,16,Sports Direct,153,Detroit
Women's Athletic Footwear,3,Midwest,109,349,2021,4,16,Sports Direct,160,Detroit
Men's Apparel,4,Midwest,120,540,2021,4,16,Sports Direct,270,Detroit
Women's Apparel,3,Midwest,152,562,2021,4,16,Sports Direct,388,Detroit
Men's Street Footwear,4,Midwest,207,994,2021,5,15,Sports Direct,606,Detroit
Men's Athletic Footwear,4,Midwest,150,705,2021,5,15,Sports Direct,388,Detroit
Women's Street Footwear,4,Midwest,133,585,2021,5,15,Sports Direct,234,Detroit
Women's Athletic Footwear,4,Midwest,126,529,2021,5,15,Sports Direct,265,Detroit
Men's Apparel,5,Midwest,124,645,2021,5,15,Sports Direct,342,Detroit
Women's Apparel,5,Midwest,150,825,2021,5,15,Sports Direct,578,Detroit
Men's Street Footwear,5,Midwest,206,1071,2021,6,17,Sports Direct,664,Detroit
Men's Athletic Footwear,4,Midwest,167,768,2021,6,17,Sports Direct,415,Detroit
Women's Street Footwear,4,Midwest,138,566,2021,6,17,Sports Direct,249,Detroit
Women's Athletic Footwear,4,Midwest,158,679,2021,6,17,Sports Direct,326,Detroit
Men's Apparel,5,Midwest,152,866,2021,6,17,Sports Direct,477,Detroit
Women's Apparel,6,Midwest,169,1014,2021,6,17,Sports Direct,659,Detroit
Men's Street Footwear,5,Midwest,225,1283,2021,7,15,Sports Direct,770,Detroit
Men's Athletic Footwear,5,Midwest,189,1002,2021,7,15,Sports Direct,511,Detroit
Women's Street Footwear,4,Midwest,173,796,2021,7,15,Sports Direct,358,Detroit
Women's Athletic Footwear,4,Midwest,158,743,2021,7,15,Sports Direct,334,Detroit
Men's Apparel,5,Midwest,143,772,2021,7,15,Sports Direct,394,Detroit
Women's Apparel,6,Midwest,210,1302,2021,7,15,Sports Direct,898,Detroit
Men's Street Footwear,5,Midwest,263,1447,2021,8,16,Sports Direct,926,Detroit
Men's Athletic Footwear,5,Midwest,195,975,2021,8,16,Sports Direct,488,Detroit
Women's Street Footwear,4,Midwest,144,605,2021,8,16,Sports Direct,254,Detroit
Women's Athletic Footwear,3,Midwest,142,483,2021,8,16,Sports Direct,217,Detroit
Men's Apparel,4,Midwest,135,567,2021,8,16,Sports Direct,301,Detroit
Women's Apparel,4,Midwest,176,792,2021,8,16,Sports Direct,539,Detroit
Men's Street Footwear,4,Midwest,232,974,2021,9,15,Sports Direct,614,Detroit
Men's Athletic Footwear,3,Midwest,174,644,2021,9,15,Sports Direct,328,Detroit
Women's Street Footwear,3,Midwest,145,493,2021,9,15,Sports Direct,207,Detroit
Women's Athletic Footwear,3,Midwest,119,405,2021,9,15,Sports Direct,182,Detroit
Men's Apparel,4,Midwest,128,525,2021,9,15,Sports Direct,262,Detroit
Women's Apparel,4,Midwest,173,830,2021,9,15,Sports Direct,540,Detroit
Men's Street Footwear,4,Midwest,225,1103,2021,10,17,Sports Direct,673,Detroit
Men's Athletic Footwear,3,Midwest,167,618,2021,10,17,Sports Direct,315,Detroit
Women's Street Footwear,3,Midwest,123,455,2021,10,17,Sports Direct,205,Detroit
Women's Athletic Footwear,3,Midwest,116,441,2021,10,17,Sports Direct,220,Detroit
Men's Apparel,4,Midwest,112,538,2021,10,17,Sports Direct,296,Detroit
Women's Apparel,5,Midwest,137,712,2021,10,17,Sports Direct,499,Detroit
Men's Street Footwear,4,Midwest,196,960,2021,11,16,Sports Direct,605,Detroit
Men's Athletic Footwear,4,Midwest,145,609,2021,11,16,Sports Direct,335,Detroit
Women's Street Footwear,4,Midwest,120,516,2021,11,16,Sports Direct,232,Detroit
Women's Athletic Footwear,4,Midwest,138,566,2021,11,16,Sports Direct,277,Detroit
Men's Apparel,5,Midwest,126,743,2021,11,16,Sports Direct,409,Detroit
Women's Apparel,5,Midwest,169,997,2021,11,16,Sports Direct,688,Detroit
Men's Street Footwear,5,Midwest,255,1403,2021,12,15,Sports Direct,856,Detroit
Men's Athletic Footwear,4,Midwest,176,810,2021,12,15,Sports Direct,429,Detroit
Women's Street Footwear,4,Midwest,168,806,2021,12,15,Foot Locker,363,Detroit
Women's Athletic Footwear,4,Midwest,138,662,2021,12,15,Foot Locker,318,Detroit
Men's Apparel,5,Midwest,143,787,2021,12,15,Foot Locker,409,Detroit
Women's Apparel,5,Midwest,163,962,2021,12,15,Foot Locker,625,Detroit
Men's Street Footwear,2,Midwest,156,421,2021,1,18,Foot Locker,211,Detroit
Men's Athletic Footwear,2,Midwest,123,357,2021,1,18,Foot Locker,168,Detroit
Women's Street Footwear,1,Midwest,123,234,2021,1,18,Foot Locker,105,Detroit
Women's Athletic Footwear,2,Midwest,77,185,2021,1,18,Foot Locker,96,Detroit
Men's Apparel,3,Midwest,98,382,2021,1,18,Foot Locker,187,Detroit
Women's Apparel,2,Midwest,123,357,2021,1,18,Foot Locker,225,Detroit
Men's Street Footwear,2,Midwest,182,528,2021,2,18,Foot Locker,280,Detroit
Men's Athletic Footwear,2,Midwest,94,263,2021,2,18,Foot Locker,129,Detroit
Women's Street Footwear,1,Midwest,113,215,2021,2,18,Foot Locker,97,Detroit
Women's Athletic Footwear,2,Midwest,70,168,2021,2,18,Foot Locker,87,St. Louis
Men's Apparel,3,Midwest,88,334,2021,2,18,Foot Locker,150,St. Louis
Women's Apparel,2,Midwest,120,336,2021,2,18,Foot Locker,212,St. Louis
Men's Street Footwear,3,Midwest,186,632,2021,3,17,Foot Locker,323,St. Louis
Men's Athletic Footwear,3,Midwest,87,296,2021,3,17,Foot Locker,133,St. Louis
Women's Street Footwear,2,Midwest,95,219,2021,3,17,Foot Locker,101,St. Louis
Women's Athletic Footwear,2,Midwest,54,151,2021,3,17,Foot Locker,77,St. Louis
Men's Apparel,4,Midwest,75,308,2021,3,17,Foot Locker,151,St. Louis
Women's Apparel,3,Midwest,102,347,2021,3,17,Foot Locker,225,St. Louis
Men's Street Footwear,3,Midwest,144,475,2021,4,18,Foot Locker,247,St. Louis
Men's Athletic Footwear,2,Midwest,72,194,2021,4,18,Foot Locker,95,St. Louis
Women's Street Footwear,1,Midwest,83,149,2021,4,18,Foot Locker,73,St. Louis
Women's Athletic Footwear,2,Midwest,52,120,2021,4,18,Foot Locker,62,St. Louis
Men's Apparel,3,Midwest,65,234,2021,4,18,Foot Locker,105,St. Louis
Women's Apparel,2,Midwest,105,294,2021,4,18,Foot Locker,179,St. Louis
Men's Street Footwear,3,Midwest,180,702,2021,5,19,Foot Locker,358,St. Louis
Men's Athletic Footwear,3,Midwest,88,299,2021,5,19,Foot Locker,141,St. Louis
Women's Street Footwear,2,Midwest,87,252,2021,5,19,Foot Locker,116,St. Louis
Women's Athletic Footwear,2,Midwest,65,189,2021,5,19,Foot Locker,104,St. Louis
Men's Apparel,4,Midwest,70,308,2021,5,19,Foot Locker,148,St. Louis
Women's Apparel,4,Midwest,105,473,2021,5,19,Foot Locker,284,St. Louis
Men's Street Footwear,3,Midwest,168,538,2021,6,18,Foot Locker,290,St. Louis
Men's Athletic Footwear,2,Midwest,91,246,2021,6,18,Foot Locker,113,St. Louis
Women's Street Footwear,2,Midwest,113,260,2021,6,18,Foot Locker,127,St. Louis
Women's Athletic Footwear,2,Midwest,91,209,2021,6,18,Foot Locker,105,St. Louis
Men's Apparel,3,Midwest,102,388,2021,6,18,Foot Locker,174,St. Louis
Women's Apparel,4,Midwest,142,596,2021,6,18,Foot Locker,388,St. Louis
Men's Street Footwear,3,Midwest,203,731,2021,7,17,Foot Locker,402,St. Louis
Men's Athletic Footwear,3,Midwest,130,429,2021,7,17,Foot Locker,202,St. Louis
Women's Street Footwear,2,Midwest,128,371,2021,7,17,Foot Locker,171,St. Louis
Women's Athletic Footwear,2,Midwest,101,293,2021,7,17,Foot Locker,155,St. Louis
Men's Apparel,3,Midwest,94,348,2021,7,17,Foot Locker,170,St. Louis
Women's Apparel,4,Midwest,160,656,2021,7,17,Foot Locker,400,St. Louis
Men's Street Footwear,3,Midwest,203,771,2021,8,18,Foot Locker,386,St. Louis
Men's Athletic Footwear,3,Midwest,143,543,2021,8,18,Foot Locker,250,St. Louis
Women's Street Footwear,3,Midwest,120,384,2021,8,18,Foot Locker,177,St. Louis
Women's Athletic Footwear,2,Midwest,91,218,2021,8,18,Foot Locker,120,St. Louis
Men's Apparel,3,Midwest,81,275,2021,8,18,Foot Locker,129,St. Louis
Women's Apparel,3,Midwest,128,461,2021,8,18,Foot Locker,300,St. Louis
Men's Street Footwear,3,Midwest,174,557,2021,9,19,Foot Locker,278,St. Louis
Men's Athletic Footwear,2,Midwest,100,280,2021,9,19,Foot Locker,132,St. Louis
Women's Street Footwear,1,Midwest,75,105,2021,9,19,Foot Locker,51,St. Louis
Women's Athletic Footwear,1,Midwest,83,116,2021,9,19,Foot Locker,62,St. Louis
Men's Apparel,2,Midwest,77,177,2021,9,19,Foot Locker,83,St. Louis
Women's Apparel,2,Midwest,95,266,2021,9,19,Foot Locker,170,St. Louis
Men's Street Footwear,3,Midwest,131,445,2021,10,18,Foot Locker,227,St. Louis
Men's Athletic Footwear,2,Midwest,91,218,2021,10,18,Foot Locker,109,St. Louis
Women's Street Footwear,2,Midwest,73,168,2021,10,18,Foot Locker,81,St. Louis
Women's Athletic Footwear,2,Midwest,59,136,2021,10,18,Foot Locker,68,St. Louis
Men's Apparel,3,Midwest,68,218,2021,10,18,Foot Locker,102,St. Louis
Women's Apparel,3,Midwest,88,334,2021,10,18,Foot Locker,214,St. Louis
Men's Street Footwear,3,Midwest,150,510,2021,11,18,Foot Locker,260,St. Louis
Men's Athletic Footwear,2,Midwest,88,202,2021,11,18,Foot Locker,91,St. Louis
Women's Street Footwear,2,Midwest,80,184,2021,11,18,Foot Locker,90,St. Louis
Women's Athletic Footwear,2,Midwest,88,202,2021,11,18,Foot Locker,105,St. Louis
Men's Apparel,4,Midwest,81,348,2021,11,18,Foot Locker,167,St. Louis
Women's Apparel,4,Midwest,108,518,2021,11,18,Foot Locker,327,St. Louis
Men's Street Footwear,4,Midwest,163,668,2021,12,17,Foot Locker,348,St. Louis
Men's Athletic Footwear,3,Midwest,113,362,2021,12,17,Foot Locker,174,St. Louis
Women's Street Footwear,3,Midwest,120,384,2021,12,17,West Gear,180,St. Louis
Women's Athletic Footwear,3,Midwest,88,299,2021,12,17,West Gear,156,St. Louis
Men's Apparel,4,Midwest,88,370,2021,12,17,West Gear,185,St. Louis
Women's Apparel,4,Midwest,126,592,2021,12,17,West Gear,361,St. Louis
Men's Street Footwear,2,Midwest,196,451,2021,1,11,West Gear,248,St. Louis
Men's Athletic Footwear,2,Midwest,133,306,2021,1,11,West Gear,144,St. Louis
Women's Street Footwear,1,Midwest,143,200,2021,1,11,West Gear,94,St. Louis
Women's Athletic Footwear,1,Midwest,88,158,2021,1,11,West Gear,82,St. Louis
Men's Apparel,3,Midwest,98,323,2021,1,11,West Gear,152,St. Louis
Women's Apparel,2,Midwest,138,331,2021,1,11,West Gear,212,St. Louis
Men's Street Footwear,2,Midwest,218,545,2021,2,11,West Gear,289,St. Louis
Men's Athletic Footwear,2,Midwest,101,242,2021,2,11,West Gear,114,St. Louis
Women's Street Footwear,1,Midwest,115,161,2021,2,11,West Gear,72,St. Louis
Women's Athletic Footwear,1,West,87,165,2021,2,11,West Gear,83,Salt Lake City
Men's Apparel,3,West,101,323,2021,2,11,West Gear,145,Salt Lake City
Women's Apparel,2,West,131,314,2021,2,11,West Gear,195,Salt Lake City
Men's Street Footwear,2,West,168,487,2021,3,10,West Gear,253,Salt Lake City
Men's Athletic Footwear,2,West,102,286,2021,3,10,West Gear,143,Salt Lake City
Women's Street Footwear,1,West,112,202,2021,3,10,West Gear,101,Salt Lake City
Women's Athletic Footwear,2,West,73,168,2021,3,10,West Gear,89,Salt Lake City
Men's Apparel,3,West,75,285,2021,3,10,West Gear,143,Salt Lake City
Women's Apparel,2,West,100,290,2021,3,10,West Gear,186,Salt Lake City
Men's Street Footwear,2,West,181,489,2021,4,11,West Gear,244,Salt Lake City
Men's Athletic Footwear,2,West,94,235,2021,4,11,West Gear,106,Salt Lake City
Women's Street Footwear,1,West,98,137,2021,4,11,West Gear,63,Salt Lake City
Women's Athletic Footwear,1,West,70,126,2021,4,11,West Gear,67,Salt Lake City
Men's Apparel,3,West,74,244,2021,4,11,West Gear,112,Salt Lake City
Women's Apparel,2,West,112,269,2021,4,11,West Gear,161,Salt Lake City
Men's Street Footwear,3,West,174,557,2021,5,12,West Gear,284,Salt Lake City
Men's Athletic Footwear,2,West,101,293,2021,5,12,West Gear,144,Salt Lake City
Women's Street Footwear,2,West,98,245,2021,5,12,West Gear,123,Salt Lake City
Women's Athletic Footwear,2,West,72,166,2021,5,12,West Gear,91,Salt Lake City
Men's Apparel,3,West,75,293,2021,5,12,West Gear,146,Salt Lake City
Women's Apparel,4,West,120,528,2021,5,12,West Gear,343,Salt Lake City
Men's Street Footwear,2,West,182,510,2021,6,11,West Gear,260,Salt Lake City
Men's Athletic Footwear,2,West,112,269,2021,6,11,West Gear,132,Salt Lake City
Women's Street Footwear,1,West,115,219,2021,6,11,West Gear,107,Salt Lake City
Women's Athletic Footwear,1,West,108,205,2021,6,11,West Gear,105,Salt Lake City
Men's Apparel,3,West,108,367,2021,6,11,West Gear,165,Salt Lake City
Women's Apparel,3,West,150,570,2021,6,11,West Gear,342,Salt Lake City
Men's Street Footwear,3,West,224,762,2021,7,10,West Gear,396,Salt Lake City
Men's Athletic Footwear,2,West,160,464,2021,7,10,West Gear,223,Salt Lake City
Women's Street Footwear,2,West,138,331,2021,7,10,West Gear,159,Salt Lake City
Women's Athletic Footwear,2,West,115,265,2021,7,10,West Gear,132,Salt Lake City
Men's Apparel,3,West,128,410,2021,7,10,West Gear,188,Salt Lake City
Women's Apparel,3,West,150,570,2021,7,10,West Gear,371,Salt Lake City
Men's Street Footwear,3,West,203,670,2021,8,11,West Gear,335,Salt Lake City
Men's Athletic Footwear,3,West,131,445,2021,8,11,West Gear,209,Salt Lake City
Women's Street Footwear,2,West,113,328,2021,8,11,West Gear,161,Salt Lake City
Women's Athletic Footwear,1,West,101,192,2021,8,11,West Gear,102,Salt Lake City
Men's Apparel,2,West,105,305,2021,8,11,West Gear,140,Salt Lake City
Women's Apparel,3,West,152,486,2021,8,11,West Gear,292,Salt Lake City
Men's Street Footwear,2,West,169,490,2021,9,12,West Gear,255,Salt Lake City
Men's Athletic Footwear,2,West,122,281,2021,9,12,West Gear,126,Salt Lake City
Women's Street Footwear,0,West,91,82,2021,9,12,West Gear,41,Salt Lake City
Women's Athletic Footwear,1,West,88,88,2021,9,12,West Gear,45,Salt Lake City
Men's Apparel,1,West,88,167,2021,9,12,West Gear,84,Salt Lake City
Women's Apparel,2,West,120,288,2021,9,12,West Gear,184,Salt Lake City
Men's Street Footwear,2,West,173,484,2021,10,11,West Gear,247,Salt Lake City
Men's Athletic Footwear,1,West,100,190,2021,10,11,West Gear,95,Salt Lake City
Women's Street Footwear,1,West,87,165,2021,10,11,West Gear,81,Salt Lake City
Women's Athletic Footwear,1,West,72,137,2021,10,11,West Gear,75,Salt Lake City
Men's Apparel,2,West,83,241,2021,10,11,West Gear,120,Salt Lake City
Women's Apparel,3,West,104,333,2021,10,11,West Gear,206,Salt Lake City
Men's Street Footwear,2,West,149,432,2021,11,11,West Gear,216,Salt Lake City
Men's Athletic Footwear,2,West,108,216,2021,11,11,West Gear,99,Salt Lake City
Women's Street Footwear,1,West,93,177,2021,11,11,West Gear,85,Salt Lake City
Women's Athletic Footwear,1,West,113,215,2021,11,11,West Gear,109,Salt Lake City
Men's Apparel,3,West,91,355,2021,11,11,West Gear,174,Salt Lake City
Women's Apparel,4,West,113,486,2021,11,11,West Gear,316,Salt Lake City
Men's Street Footwear,3,West,203,792,2021,12,10,West Gear,435,Salt Lake City
Men's Athletic Footwear,2,West,145,406,2021,12,10,West Gear,199,Salt Lake City
Women's Street Footwear,2,West,113,328,2021,12,10,West Gear,154,Salt Lake City
Women's Athletic Footwear,2,West,112,302,2021,12,10,West Gear,154,Salt Lake City
Men's Apparel,3,West,112,426,2021,12,10,West Gear,213,Salt Lake City
Women's Apparel,4,West,125,525,2021,12,10,West Gear,320,Salt Lake City
Men's Street Footwear,2,West,98,265,2021,1,24,West Gear,127,Salt Lake City
Men's Athletic Footwear,3,West,105,410,2021,1,24,West Gear,201,Salt Lake City
Women's Street Footwear,3,West,105,410,2021,1,24,West Gear,197,Salt Lake City
Women's Athletic Footwear,3,West,58,226,2021,1,24,West Gear,104,Salt Lake City
Men's Apparel,4,West,44,185,2021,1,24,West Gear,102,Salt Lake City
Women's Apparel,3,West,108,421,2021,1,24,West Gear,181,Salt Lake City
Men's Street Footwear,2,West,117,339,2021,2,24,West Gear,153,Salt Lake City
Men's Athletic Footwear,3,West,91,355,2021,2,24,West Gear,170,Salt Lake City
Women's Street Footwear,3,West,88,317,2021,2,24,West Gear,143,Salt Lake City
Women's Athletic Footwear,3,West,58,226,2021,2,24,West Gear,109,Portland
Men's Apparel,4,West,38,160,2021,2,24,West Gear,83,Portland
Women's Apparel,3,West,85,315,2021,2,24,West Gear,126,Portland
Men's Street Footwear,3,West,128,486,2021,3,23,West Gear,238,Portland
Men's Athletic Footwear,4,West,85,383,2021,3,23,West Gear,184,Portland
Women's Street Footwear,5,West,88,475,2021,3,23,West Gear,214,Portland
Women's Athletic Footwear,4,West,65,319,2021,3,23,West Gear,153,Portland
Men's Apparel,5,West,26,140,2021,3,23,West Gear,74,Portland
Women's Apparel,4,West,87,426,2021,3,23,West Gear,179,Portland
Men's Street Footwear,5,West,124,632,2021,4,24,West Gear,291,Portland
Men's Athletic Footwear,5,West,83,448,2021,4,24,West Gear,220,Portland
Women's Street Footwear,5,West,85,468,2021,4,24,West Gear,224,Portland
Women's Athletic Footwear,4,West,63,258,2021,4,24,West Gear,129,Portland
Men's Apparel,4,West,36,173,2021,4,24,West Gear,86,Portland
Women's Apparel,5,West,84,496,2021,4,24,West Gear,223,Portland
Men's Street Footwear,4,West,145,696,2021,5,25,West Gear,313,Portland
Men's Athletic Footwear,5,West,105,525,2021,5,25,West Gear,242,Portland
Women's Street Footwear,5,West,95,475,2021,5,25,West Gear,238,Portland
Women's Athletic Footwear,4,West,83,407,2021,5,25,West Gear,195,Portland
Men's Apparel,4,West,44,180,2021,5,25,West Gear,99,Portland
Women's Apparel,5,West,158,853,2021,5,25,West Gear,384,Portland
Men's Street Footwear,5,West,225,1148,2021,6,24,West Gear,562,Portland
Men's Athletic Footwear,6,West,169,1048,2021,6,24,West Gear,513,Portland
Women's Street Footwear,7,West,189,1474,2021,6,24,West Gear,678,Portland
Women's Athletic Footwear,7,West,158,1169,2021,6,24,West Gear,585,Portland
Men's Apparel,8,West,108,929,2021,6,24,West Gear,492,Portland
Women's Apparel,9,West,189,1796,2021,6,24,West Gear,808,Portland
Men's Street Footwear,7,West,255,2015,2021,7,23,West Gear,967,Portland
Men's Athletic Footwear,8,West,196,1666,2021,7,23,West Gear,783,Portland
Women's Street Footwear,8,West,163,1402,2021,7,23,West Gear,659,Portland
Women's Athletic Footwear,8,West,165,1353,2021,7,23,West Gear,649,Portland
Men's Apparel,8,West,156,1310,2021,7,23,West Gear,655,Portland
Women's Apparel,9,West,150,1455,2021,7,23,West Gear,611,Portland
Men's Street Footwear,8,West,200,1620,2021,8,24,West Gear,778,Portland
Men's Athletic Footwear,7,West,233,1771,2021,8,24,West Gear,868,Portland
Women's Street Footwear,6,West,195,1326,2021,8,24,West Gear,650,Portland
Women's Athletic Footwear,6,West,119,809,2021,8,24,West Gear,372,Portland
Men's Apparel,6,West,128,832,2021,8,24,West Gear,441,Portland
Women's Apparel,6,West,73,504,2021,8,24,West Gear,222,Portland
Men's Street Footwear,4,West,122,561,2021,9,25,West Gear,253,Portland
Men's Athletic Footwear,5,West,122,622,2021,9,25,West Gear,286,Portland
Women's Street Footwear,4,West,75,368,2021,9,25,West Gear,165,Portland
Women's Athletic Footwear,4,West,52,255,2021,9,25,West Gear,117,Portland
Men's Apparel,5,West,59,342,2021,9,25,West Gear,181,Portland
Women's Apparel,4,West,73,299,2021,9,25,West Gear,126,Portland
Men's Street Footwear,3,West,102,388,2021,10,24,West Gear,182,Portland
Men's Athletic Footwear,5,West,142,710,2021,10,24,West Gear,327,Portland
Women's Street Footwear,4,West,91,419,2021,10,24,West Gear,205,Portland
Women's Athletic Footwear,4,West,81,356,2021,10,24,West Gear,171,Portland
Men's Apparel,5,West,75,383,2021,10,24,West Gear,207,Portland
Women's Apparel,5,West,105,609,2021,10,24,West Gear,262,Portland
Men's Street Footwear,4,West,173,761,2021,11,24,West Gear,350,Portland
Men's Athletic Footwear,4,West,195,936,2021,11,24,West Gear,468,Portland
Women's Street Footwear,4,West,128,538,2021,11,24,West Gear,269,Portland
Women's Athletic Footwear,5,West,131,668,2021,11,24,West Gear,307,Portland
Men's Apparel,6,West,111,755,2021,11,24,West Gear,408,Portland
Women's Apparel,7,West,149,1132,2021,11,24,West Gear,476,Portland
Men's Street Footwear,6,West,188,1147,2021,12,23,West Gear,550,Portland
Men's Athletic Footwear,7,West,218,1570,2021,12,23,West Gear,738,Portland
Women's Street Footwear,6,West,165,1106,2021,12,23,West Gear,497,Portland
Women's Athletic Footwear,6,West,143,958,2021,12,23,West Gear,431,Portland
Men's Apparel,7,West,133,958,2021,12,23,West Gear,479,Portland
Women's Apparel,7,West,173,1332,2021,12,23,West Gear,533,Portland
Men's Street Footwear,3,West,100,330,2021,1,17,West Gear,168,Portland
Men's Athletic Footwear,4,West,100,420,2021,1,17,West Gear,227,Portland
Women's Street Footwear,4,West,112,482,2021,1,17,West Gear,260,Portland
Women's Athletic Footwear,4,West,68,279,2021,1,17,West Gear,153,Portland
Men's Apparel,4,West,58,267,2021,1,17,West Gear,157,Portland
Women's Apparel,4,West,122,500,2021,1,17,West Gear,240,Portland
Men's Street Footwear,3,West,140,462,2021,2,17,West Gear,245,Portland
Men's Athletic Footwear,4,West,116,476,2021,2,17,West Gear,243,Portland
Women's Street Footwear,4,West,120,492,2021,2,17,West Gear,256,Portland
Women's Athletic Footwear,4,South,73,321,2021,2,17,West Gear,177,New Orleans
Men's Apparel,4,South,51,245,2021,2,17,West Gear,147,New Orleans
Women's Apparel,4,South,105,462,2021,2,17,West Gear,222,New Orleans
Men's Street Footwear,4,South,147,647,2021,3,16,West Gear,330,New Orleans
Men's Athletic Footwear,5,South,101,515,2021,3,16,West Gear,283,New Orleans
Women's Street Footwear,5,South,116,650,2021,3,16,West Gear,357,New Orleans
Women's Athletic Footwear,5,South,84,420,2021,3,16,West Gear,231,New Orleans
Men's Apparel,5,South,39,218,2021,3,16,West Gear,131,New Orleans
Women's Apparel,4,South,95,390,2021,3,16,West Gear,175,New Orleans
Men's Street Footwear,4,South,142,682,2021,4,17,West Gear,354,New Orleans
Men's Athletic Footwear,5,South,88,458,2021,4,17,West Gear,229,New Orleans
Women's Street Footwear,5,South,105,546,2021,4,17,West Gear,278,New Orleans
Women's Athletic Footwear,3,South,74,289,2021,4,17,West Gear,153,New Orleans
Men's Apparel,4,South,53,228,2021,4,17,West Gear,130,New Orleans
Women's Apparel,5,South,105,578,2021,4,17,West Gear,289,New Orleans
Men's Street Footwear,4,South,160,688,2021,5,18,West Gear,365,New Orleans
Men's Athletic Footwear,4,South,100,470,2021,5,18,West Gear,244,New Orleans
Women's Street Footwear,4,South,112,549,2021,5,18,West Gear,280,New Orleans
Women's Athletic Footwear,4,South,85,374,2021,5,18,West Gear,191,New Orleans
Men's Apparel,3,South,65,234,2021,5,18,West Gear,138,New Orleans
Women's Apparel,5,South,167,985,2021,5,18,West Gear,443,New Orleans
Men's Street Footwear,5,South,248,1438,2021,6,17,West Gear,734,New Orleans
Men's Athletic Footwear,6,South,210,1365,2021,6,17,West Gear,710,New Orleans
Women's Street Footwear,8,South,203,1685,2021,6,17,West Gear,927,New Orleans
Women's Athletic Footwear,8,South,161,1320,2021,6,17,West Gear,726,New Orleans
Men's Apparel,9,South,117,1076,2021,6,17,West Gear,614,New Orleans
Women's Apparel,10,South,195,1950,2021,6,17,West Gear,936,New Orleans
Men's Street Footwear,8,South,270,2322,2021,7,16,West Gear,1231,New Orleans
Men's Athletic Footwear,9,South,203,1868,2021,7,16,West Gear,1027,New Orleans
Women's Street Footwear,9,South,196,1764,2021,7,16,West Gear,953,New Orleans
Women's Athletic Footwear,8,South,168,1445,2021,7,16,West Gear,780,New Orleans
Men's Apparel,8,South,189,1625,2021,7,16,West Gear,943,New Orleans
Women's Apparel,10,South,163,1679,2021,7,16,West Gear,806,New Orleans
Men's Street Footwear,8,South,255,2193,2021,8,17,West Gear,1118,New Orleans
Men's Athletic Footwear,7,South,239,1840,2021,8,17,West Gear,939,New Orleans
Women's Street Footwear,7,South,189,1323,2021,8,17,West Gear,728,New Orleans
Women's Athletic Footwear,7,South,128,947,2021,8,17,West Gear,502,New Orleans
Men's Apparel,6,South,138,883,2021,8,17,West Gear,521,New Orleans
Women's Apparel,6,South,90,567,2021,8,17,West Gear,278,New Orleans
Men's Street Footwear,4,South,145,624,2021,9,18,West Gear,343,New Orleans
Men's Athletic Footwear,4,South,125,575,2021,9,18,West Gear,293,New Orleans
Women's Street Footwear,4,South,78,335,2021,9,18,West Gear,174,New Orleans
Women's Athletic Footwear,4,South,63,258,2021,9,18,West Gear,132,New Orleans
Men's Apparel,5,South,77,393,2021,9,18,West Gear,216,New Orleans
Women's Apparel,3,South,75,293,2021,9,18,West Gear,146,New Orleans
Men's Street Footwear,3,South,112,381,2021,10,17,West Gear,206,New Orleans
Men's Athletic Footwear,4,South,155,698,2021,10,17,West Gear,384,New Orleans
Women's Street Footwear,4,South,100,420,2021,10,17,West Gear,210,New Orleans
Women's Athletic Footwear,3,South,105,378,2021,10,17,West Gear,189,New Orleans
Men's Apparel,4,South,95,447,2021,10,17,West Gear,263,New Orleans
Women's Apparel,5,South,108,540,2021,10,17,West Gear,254,New Orleans
Men's Street Footwear,3,South,188,733,2021,11,17,West Gear,367,New Orleans
Men's Athletic Footwear,4,South,210,882,2021,11,17,West Gear,459,New Orleans
Women's Street Footwear,3,South,137,521,2021,11,17,West Gear,271,New Orleans
Women's Athletic Footwear,4,South,125,600,2021,11,17,West Gear,300,New Orleans
Men's Apparel,6,South,119,809,2021,11,17,West Gear,445,New Orleans
Women's Apparel,8,South,174,1409,2021,11,17,West Gear,677,New Orleans
Men's Street Footwear,6,South,240,1656,2021,12,16,West Gear,861,New Orleans
Men's Athletic Footwear,7,South,216,1555,2021,12,16,West Gear,778,New Orleans
Women's Street Footwear,6,South,162,1118,2021,12,16,Foot Locker,581,New Orleans
Women's Athletic Footwear,7,South,156,1123,2021,12,16,Foot Locker,607,New Orleans
Men's Apparel,8,South,131,1074,2021,12,16,Foot Locker,623,New Orleans
Women's Apparel,8,South,175,1523,2021,12,16,Foot Locker,685,New Orleans
Men's Street Footwear,1,South,182,346,2021,1,5,Foot Locker,149,New Orleans
Men's Athletic Footwear,2,South,196,549,2021,1,5,Foot Locker,247,New Orleans
Women's Street Footwear,2,South,119,333,2021,1,5,Foot Locker,133,New Orleans
Women's Athletic Footwear,3,South,133,439,2021,1,5,Foot Locker,233,New Orleans
Men's Apparel,3,South,85,306,2021,1,5,Foot Locker,113,New Orleans
Women's Apparel,3,South,143,486,2021,1,5,West Gear,292,New Orleans
Men's Street Footwear,2,South,163,375,2021,2,4,Foot Locker,150,New Orleans
Men's Athletic Footwear,3,South,174,557,2021,2,4,Foot Locker,234,New Orleans
Women's Street Footwear,3,South,128,435,2021,2,4,Foot Locker,178,New Orleans
Women's Athletic Footwear,3,West,109,349,2021,2,4,Foot Locker,188,Boise
Men's Apparel,3,West,70,273,2021,2,4,Foot Locker,96,Boise
Women's Apparel,3,West,131,445,2021,2,4,Foot Locker,245,Boise
Men's Street Footwear,2,West,156,437,2021,3,6,Foot Locker,197,Boise
Men's Athletic Footwear,3,West,169,608,2021,3,6,Foot Locker,280,Boise
Women's Street Footwear,2,West,113,316,2021,3,6,Foot Locker,155,Boise
Women's Athletic Footwear,3,West,105,347,2021,3,6,Foot Locker,201,Boise
Men's Apparel,3,West,75,278,2021,3,6,West Gear,125,Boise
Women's Apparel,3,West,116,383,2021,3,6,West Gear,249,Boise
Men's Street Footwear,1,West,195,371,2021,4,5,West Gear,174,Boise
Men's Athletic Footwear,2,West,195,566,2021,4,5,West Gear,271,Boise
Women's Street Footwear,2,West,138,331,2021,4,5,West Gear,156,Boise
Women's Athletic Footwear,2,West,113,328,2021,4,5,West Gear,180,Boise
Men's Apparel,3,West,72,245,2021,4,5,West Gear,105,Boise
Women's Apparel,2,West,138,386,2021,4,5,West Gear,236,Boise
Men's Street Footwear,1,West,203,365,2021,5,5,West Gear,183,Boise
Men's Athletic Footwear,2,West,196,549,2021,5,5,West Gear,263,Boise
Women's Street Footwear,2,West,167,384,2021,5,5,West Gear,181,Boise
Women's Athletic Footwear,3,West,130,429,2021,5,5,West Gear,236,Boise
Men's Apparel,4,West,120,564,2021,5,5,West Gear,226,Boise
Women's Apparel,4,West,218,916,2021,5,5,West Gear,577,Boise
Men's Street Footwear,4,West,195,819,2021,6,4,West Gear,401,Boise
Men's Athletic Footwear,4,West,188,865,2021,6,4,West Gear,415,Boise
Women's Street Footwear,4,West,174,818,2021,6,4,West Gear,393,Boise
Women's Athletic Footwear,4,West,143,686,2021,6,4,West Gear,405,Boise
Men's Apparel,5,West,117,608,2021,6,4,West Gear,262,Boise
Women's Apparel,5,West,231,1271,2021,6,4,West Gear,775,Boise
Men's Street Footwear,4,West,217,1042,2021,7,6,West Gear,521,Boise
Men's Athletic Footwear,5,West,202,1050,2021,7,6,West Gear,546,Boise
Women's Street Footwear,4,West,241,1109,2021,7,6,West Gear,610,Boise
Women's Athletic Footwear,4,West,137,644,2021,7,6,West Gear,412,Boise
Men's Apparel,5,West,131,694,2021,7,6,West Gear,333,Boise
Women's Apparel,6,West,208,1331,2021,7,6,Foot Locker,919,Boise
Men's Street Footwear,4,West,210,966,2021,8,8,Foot Locker,531,Boise
Men's Athletic Footwear,5,West,195,1034,2021,8,8,Foot Locker,548,Boise
Women's Street Footwear,4,West,250,1150,2021,8,8,Foot Locker,610,Boise
Women's Athletic Footwear,4,West,124,595,2021,8,8,Foot Locker,387,Boise
Men's Apparel,5,West,133,692,2021,8,8,Sports Direct,318,Boise
Women's Apparel,5,West,196,1058,2021,8,8,Sports Direct,720,Boise
Men's Street Footwear,5,West,176,880,2021,9,5,Sports Direct,440,Boise
Men's Athletic Footwear,5,West,188,940,2021,9,5,Sports Direct,489,Boise
Women's Street Footwear,5,West,182,1019,2021,9,5,Sports Direct,530,Boise
Women's Athletic Footwear,5,West,116,638,2021,9,5,Sports Direct,402,Boise
Men's Apparel,5,West,104,520,2021,9,5,Sports Direct,239,Boise
Women's Apparel,4,West,181,887,2021,9,5,Sports Direct,594,Boise
Men's Street Footwear,3,West,167,601,2021,10,4,Sports Direct,307,Boise
Men's Athletic Footwear,3,West,173,640,2021,10,4,Sports Direct,346,Boise
Women's Street Footwear,4,West,131,537,2021,10,4,Sports Direct,274,Boise
Women's Athletic Footwear,4,West,101,444,2021,10,4,Sports Direct,289,Boise
Men's Apparel,3,West,91,291,2021,10,4,Sports Direct,140,Boise
Women's Apparel,4,West,142,596,2021,10,4,Sports Direct,394,Boise
Men's Street Footwear,3,West,182,601,2021,11,5,Sports Direct,330,Boise
Men's Athletic Footwear,3,West,189,605,2021,11,5,Sports Direct,314,Boise
Women's Street Footwear,5,West,150,870,2021,11,5,Sports Direct,470,Boise
Women's Athletic Footwear,5,West,122,659,2021,11,5,Sports Direct,402,Boise
Men's Apparel,5,West,106,572,2021,11,5,Sports Direct,286,Boise
Women's Apparel,6,West,163,1027,2021,11,5,Sports Direct,688,Boise
Men's Street Footwear,5,West,233,1258,2021,12,4,Foot Locker,679,Boise
Men's Athletic Footwear,5,West,209,1066,2021,12,4,Foot Locker,576,Boise
Women's Street Footwear,5,West,176,986,2021,12,4,Foot Locker,513,Boise
Women's Athletic Footwear,5,West,142,838,2021,12,4,Foot Locker,545,Boise
Men's Apparel,5,West,133,665,2021,12,4,Foot Locker,326,Boise
Women's Apparel,6,West,196,1176,2021,12,4,Foot Locker,811,Boise
Men's Street Footwear,2,West,119,345,2021,1,23,Foot Locker,166,Boise
Men's Athletic Footwear,3,West,106,392,2021,1,23,Foot Locker,200,Boise
Women's Street Footwear,3,West,106,392,2021,1,23,Foot Locker,192,Boise
Women's Athletic Footwear,3,West,77,293,2021,1,23,Foot Locker,135,Boise
Men's Apparel,4,West,63,265,2021,1,23,Foot Locker,119,Boise
Women's Apparel,3,West,111,400,2021,1,23,Foot Locker,140,Boise
Men's Street Footwear,2,West,143,415,2021,2,23,Foot Locker,207,Boise
Men's Athletic Footwear,3,West,113,429,2021,2,23,Foot Locker,232,Boise
Women's Street Footwear,3,West,105,399,2021,2,23,Foot Locker,188,Boise
Women's Athletic Footwear,3,West,63,239,2021,2,23,Foot Locker,115,Phoenix
Men's Apparel,4,West,44,185,2021,2,23,Foot Locker,81,Phoenix
Women's Apparel,3,West,88,334,2021,2,23,Foot Locker,120,Phoenix
Men's Street Footwear,3,West,145,537,2021,3,22,Foot Locker,252,Phoenix
Men's Athletic Footwear,4,West,95,456,2021,3,22,Foot Locker,251,Phoenix
Women's Street Footwear,4,West,91,446,2021,3,22,Foot Locker,223,Phoenix
Women's Athletic Footwear,4,West,68,320,2021,3,22,Foot Locker,147,Phoenix
Men's Apparel,5,West,31,167,2021,3,22,Foot Locker,69,Phoenix
Women's Apparel,4,West,88,414,2021,3,22,Foot Locker,165,Phoenix
Men's Street Footwear,4,West,130,624,2021,4,23,Foot Locker,281,Phoenix
Men's Athletic Footwear,5,West,90,477,2021,4,23,Foot Locker,239,Phoenix
Women's Street Footwear,5,West,102,510,2021,4,23,Foot Locker,255,Phoenix
Women's Athletic Footwear,4,West,75,345,2021,4,23,Foot Locker,173,Phoenix
Men's Apparel,5,West,39,195,2021,4,23,Foot Locker,82,Phoenix
Women's Apparel,6,West,94,630,2021,4,23,Foot Locker,227,Phoenix
Men's Street Footwear,4,West,147,691,2021,5,24,Foot Locker,325,Phoenix
Men's Athletic Footwear,5,West,113,599,2021,5,24,Foot Locker,323,Phoenix
Women's Street Footwear,5,West,120,600,2021,5,24,Foot Locker,282,Phoenix
Women's Athletic Footwear,4,West,90,441,2021,5,24,Foot Locker,221,Phoenix
Men's Apparel,5,West,58,296,2021,5,24,Foot Locker,121,Phoenix
Women's Apparel,6,West,98,627,2021,5,24,Foot Locker,226,Phoenix
Men's Street Footwear,4,West,156,749,2021,6,23,Foot Locker,367,Phoenix
Men's Athletic Footwear,5,West,138,704,2021,6,23,Foot Locker,366,Phoenix
Women's Street Footwear,5,West,138,704,2021,6,23,Foot Locker,317,Phoenix
Women's Athletic Footwear,4,West,95,437,2021,6,23,Foot Locker,219,Phoenix
Men's Apparel,5,West,68,347,2021,6,23,Foot Locker,146,Phoenix
Women's Apparel,6,West,131,904,2021,6,23,Foot Locker,353,Phoenix
Men's Street Footwear,4,West,196,960,2021,7,22,Foot Locker,471,Phoenix
Men's Athletic Footwear,5,West,142,710,2021,7,22,Foot Locker,362,Phoenix
Women's Street Footwear,5,West,133,678,2021,7,22,Foot Locker,319,Phoenix
Women's Athletic Footwear,4,West,101,485,2021,7,22,Foot Locker,218,Phoenix
Men's Apparel,5,West,128,666,2021,7,22,Foot Locker,286,Phoenix
Women's Apparel,6,West,123,824,2021,7,22,Foot Locker,313,Phoenix
Men's Street Footwear,5,West,163,815,2021,8,23,Foot Locker,408,Phoenix
Men's Athletic Footwear,5,West,161,918,2021,8,23,Foot Locker,459,Phoenix
Women's Street Footwear,5,West,113,610,2021,8,23,Foot Locker,299,Phoenix
Women's Athletic Footwear,5,West,112,582,2021,8,23,Foot Locker,285,Phoenix
Men's Apparel,5,West,116,684,2021,8,23,Foot Locker,281,Phoenix
Women's Apparel,6,West,94,611,2021,8,23,Foot Locker,244,Phoenix
Men's Street Footwear,4,West,167,685,2021,9,24,Foot Locker,336,Phoenix
Men's Athletic Footwear,4,West,161,725,2021,9,24,Foot Locker,384,Phoenix
Women's Street Footwear,4,West,128,550,2021,9,24,Foot Locker,248,Phoenix
Women's Athletic Footwear,4,West,113,463,2021,9,24,Foot Locker,218,Phoenix
Men's Apparel,5,West,105,567,2021,9,24,Foot Locker,249,Phoenix
Women's Apparel,5,West,119,666,2021,9,24,Foot Locker,247,Phoenix
Men's Street Footwear,4,West,135,554,2021,10,23,Foot Locker,266,Phoenix
Men's Athletic Footwear,4,West,145,682,2021,10,23,Foot Locker,361,Phoenix
Women's Street Footwear,4,West,91,400,2021,10,23,Foot Locker,192,Phoenix
Women's Athletic Footwear,4,West,90,387,2021,10,23,Foot Locker,190,Phoenix
Men's Apparel,5,West,69,366,2021,10,23,Foot Locker,146,Phoenix
Women's Apparel,5,West,85,476,2021,10,23,Foot Locker,181,Phoenix
Men's Street Footwear,4,West,135,567,2021,11,23,Foot Locker,266,Phoenix
Men's Athletic Footwear,4,West,147,676,2021,11,23,Foot Locker,352,Phoenix
Women's Street Footwear,4,West,105,462,2021,11,23,Foot Locker,213,Phoenix
Women's Athletic Footwear,4,West,98,412,2021,11,23,Foot Locker,193,Phoenix
Men's Apparel,5,West,87,461,2021,11,23,Foot Locker,189,Phoenix
Women's Apparel,5,West,111,611,2021,11,23,Foot Locker,226,Phoenix
Men's Street Footwear,4,West,181,796,2021,12,22,Foot Locker,366,Phoenix
Men's Athletic Footwear,4,West,175,858,2021,12,22,Foot Locker,463,Phoenix
Women's Street Footwear,4,West,123,529,2021,12,22,Kohl'S,254,Phoenix
Women's Athletic Footwear,4,West,115,506,2021,12,22,Kohl'S,228,Phoenix
Men's Apparel,5,West,88,458,2021,12,22,Kohl'S,197,Phoenix
Women's Apparel,5,West,135,783,2021,12,22,Kohl'S,290,Phoenix
Men's Street Footwear,3,West,133,439,2021,1,26,Kohl'S,215,Phoenix
Men's Athletic Footwear,4,West,138,580,2021,1,26,Kohl'S,307,Phoenix
Women's Street Footwear,4,West,138,580,2021,1,26,Kohl'S,267,Phoenix
Women's Athletic Footwear,4,West,85,366,2021,1,26,Kohl'S,179,Phoenix
Men's Apparel,4,West,80,360,2021,1,26,Kohl'S,148,Phoenix
Women's Apparel,4,West,128,538,2021,1,26,Kohl'S,194,Phoenix
Men's Street Footwear,3,West,147,485,2021,2,26,Kohl'S,238,Phoenix
Men's Athletic Footwear,4,West,106,466,2021,2,26,Kohl'S,257,Phoenix
Women's Street Footwear,4,West,111,455,2021,2,26,Kohl'S,209,Phoenix
Women's Athletic Footwear,4,West,74,318,2021,2,26,Kohl'S,156,Albuquerque
Men's Apparel,4,West,54,243,2021,2,26,Kohl'S,107,Albuquerque
Women's Apparel,4,West,104,426,2021,2,26,Kohl'S,162,Albuquerque
Men's Street Footwear,4,West,165,726,2021,3,25,Kohl'S,363,Albuquerque
Men's Athletic Footwear,5,West,112,571,2021,3,25,Kohl'S,303,Albuquerque
Women's Street Footwear,5,West,112,582,2021,3,25,Kohl'S,285,Albuquerque
Women's Athletic Footwear,5,West,83,415,2021,3,25,Kohl'S,191,Albuquerque
Men's Apparel,5,West,53,292,2021,3,25,Kohl'S,125,Albuquerque
Women's Apparel,5,West,98,490,2021,3,25,Kohl'S,186,Albuquerque
Men's Street Footwear,5,West,154,785,2021,4,26,Kohl'S,353,Albuquerque
Men's Athletic Footwear,5,West,98,578,2021,4,26,Kohl'S,289,Albuquerque
Women's Street Footwear,5,West,116,638,2021,4,26,Kohl'S,319,Albuquerque
Women's Athletic Footwear,5,West,87,470,2021,4,26,Kohl'S,216,Albuquerque
Men's Apparel,5,West,58,325,2021,4,26,Kohl'S,133,Albuquerque
Women's Apparel,6,West,101,697,2021,4,26,Kohl'S,265,Albuquerque
Men's Street Footwear,5,West,150,765,2021,5,27,Kohl'S,344,Albuquerque
Men's Athletic Footwear,5,West,111,644,2021,5,27,Kohl'S,328,Albuquerque
Women's Street Footwear,5,West,126,706,2021,5,27,Kohl'S,332,Albuquerque
Women's Athletic Footwear,5,West,91,464,2021,5,27,Kohl'S,213,Albuquerque
Men's Apparel,5,West,65,364,2021,5,27,Kohl'S,153,Albuquerque
Women's Apparel,6,West,115,794,2021,5,27,Kohl'S,309,Albuquerque
Men's Street Footwear,5,West,203,1056,2021,6,26,Kohl'S,507,Albuquerque
Men's Athletic Footwear,5,West,154,832,2021,6,26,Kohl'S,432,Albuquerque
Women's Street Footwear,5,West,149,805,2021,6,26,Kohl'S,402,Albuquerque
Women's Athletic Footwear,5,West,106,572,2021,6,26,Kohl'S,258,Albuquerque
Men's Apparel,5,West,87,487,2021,6,26,Kohl'S,209,Albuquerque
Women's Apparel,7,West,162,1199,2021,6,26,Kohl'S,432,Albuquerque
Men's Street Footwear,5,West,203,1096,2021,7,25,Kohl'S,515,Albuquerque
Men's Athletic Footwear,5,West,180,1008,2021,7,25,Kohl'S,544,Albuquerque
Women's Street Footwear,5,West,160,928,2021,7,25,Kohl'S,445,Albuquerque
Women's Athletic Footwear,5,West,135,729,2021,7,25,Kohl'S,328,Albuquerque
Men's Apparel,5,West,145,827,2021,7,25,Kohl'S,355,Albuquerque
Women's Apparel,6,West,140,966,2021,7,25,Kohl'S,367,Albuquerque
Men's Street Footwear,5,West,175,980,2021,8,26,Kohl'S,490,Albuquerque
Men's Athletic Footwear,6,West,176,1056,2021,8,26,Kohl'S,549,Albuquerque
Women's Street Footwear,5,West,142,824,2021,8,26,Kohl'S,379,Albuquerque
Women's Athletic Footwear,5,West,143,787,2021,8,26,Kohl'S,370,Albuquerque
Men's Apparel,6,West,124,831,2021,8,26,Kohl'S,332,Albuquerque
Women's Apparel,7,West,126,882,2021,8,26,Kohl'S,335,Albuquerque
Men's Street Footwear,4,West,163,799,2021,9,27,Kohl'S,359,Albuquerque
Men's Athletic Footwear,5,West,156,796,2021,9,27,Kohl'S,406,Albuquerque
Women's Street Footwear,4,West,143,658,2021,9,27,Kohl'S,309,Albuquerque
Women's Athletic Footwear,4,West,123,603,2021,9,27,Kohl'S,283,Albuquerque
Men's Apparel,5,West,111,599,2021,9,27,Kohl'S,240,Albuquerque
Women's Apparel,5,West,133,785,2021,9,27,Kohl'S,282,Albuquerque
Men's Street Footwear,4,West,165,792,2021,10,26,Kohl'S,396,Albuquerque
Men's Athletic Footwear,5,West,149,745,2021,10,26,Kohl'S,395,Albuquerque
Women's Street Footwear,4,West,105,504,2021,10,26,Kohl'S,237,Albuquerque
Women's Athletic Footwear,4,West,95,437,2021,10,26,Kohl'S,214,Albuquerque
Men's Apparel,5,West,91,510,2021,10,26,Kohl'S,224,Albuquerque
Women's Apparel,6,West,105,714,2021,10,26,Kohl'S,264,Albuquerque
Men's Street Footwear,5,West,160,928,2021,11,26,Kohl'S,455,Albuquerque
Men's Athletic Footwear,5,West,150,885,2021,11,26,Kohl'S,478,Albuquerque
Women's Street Footwear,5,West,117,632,2021,11,26,Kohl'S,303,Albuquerque
Women's Athletic Footwear,5,West,115,633,2021,11,26,Kohl'S,297,Albuquerque
Men's Apparel,6,West,113,735,2021,11,26,Kohl'S,323,Albuquerque
Women's Apparel,7,West,140,1008,2021,11,26,Kohl'S,393,Albuquerque
Men's Street Footwear,5,West,210,1155,2021,12,25,Kohl'S,531,Albuquerque
Men's Athletic Footwear,6,West,182,1110,2021,12,25,Kohl'S,555,Albuquerque
Women's Street Footwear,5,West,130,767,2021,12,25,Sports Direct,376,Albuquerque
Women's Athletic Footwear,5,West,145,798,2021,12,25,Sports Direct,367,Albuquerque
Men's Apparel,6,West,119,762,2021,12,25,Sports Direct,343,Albuquerque
Women's Apparel,7,West,131,943,2021,12,25,Sports Direct,330,Albuquerque
Men's Street Footwear,2,West,131,380,2021,1,13,Sports Direct,194,Albuquerque
Men's Athletic Footwear,3,West,135,527,2021,1,13,Sports Direct,269,Albuquerque
Women's Street Footwear,3,West,126,479,2021,1,13,Sports Direct,215,Albuquerque
Women's Athletic Footwear,3,West,75,293,2021,1,13,Sports Direct,146,Albuquerque
Men's Apparel,4,West,63,258,2021,1,13,Sports Direct,116,Albuquerque
Women's Apparel,3,West,117,421,2021,1,13,Sports Direct,164,Albuquerque
Men's Street Footwear,2,West,145,421,2021,2,13,Sports Direct,223,Albuquerque
Men's Athletic Footwear,3,West,112,414,2021,2,13,Sports Direct,228,Albuquerque
Women's Street Footwear,3,West,104,385,2021,2,13,Sports Direct,192,Albuquerque
Women's Athletic Footwear,3,Southeast,63,227,2021,2,13,Sports Direct,118,Atlanta
Men's Apparel,4,Southeast,51,209,2021,2,13,Sports Direct,100,Atlanta
Women's Apparel,3,Southeast,98,363,2021,2,13,Sports Direct,131,Atlanta
Men's Street Footwear,3,Southeast,137,507,2021,3,12,Sports Direct,253,Atlanta
Men's Athletic Footwear,4,Southeast,101,465,2021,3,12,Sports Direct,246,Atlanta
Women's Street Footwear,4,Southeast,113,554,2021,3,12,Sports Direct,271,Atlanta
Women's Athletic Footwear,4,Southeast,73,343,2021,3,12,Sports Direct,178,Atlanta
Men's Apparel,5,Southeast,39,199,2021,3,12,Sports Direct,93,Atlanta
Women's Apparel,4,Southeast,95,456,2021,3,12,Sports Direct,164,Atlanta
Men's Street Footwear,4,Southeast,142,639,2021,4,13,Sports Direct,326,Atlanta
Men's Athletic Footwear,5,Southeast,88,449,2021,4,13,Sports Direct,224,Atlanta
Women's Street Footwear,5,Southeast,94,470,2021,4,13,Sports Direct,235,Atlanta
Women's Athletic Footwear,4,Southeast,69,331,2021,4,13,Sports Direct,182,Atlanta
Men's Apparel,5,Southeast,53,276,2021,4,13,Sports Direct,132,Atlanta
Women's Apparel,6,Southeast,105,662,2021,4,13,Sports Direct,265,Atlanta
Men's Street Footwear,4,Southeast,160,752,2021,5,14,Sports Direct,406,Atlanta
Men's Athletic Footwear,5,Southeast,108,562,2021,5,14,Sports Direct,292,Atlanta
Women's Street Footwear,5,Southeast,123,640,2021,5,14,Sports Direct,320,Atlanta
Women's Athletic Footwear,4,Southeast,91,428,2021,5,14,Sports Direct,231,Atlanta
Men's Apparel,5,Southeast,56,280,2021,5,14,Sports Direct,134,Atlanta
Women's Apparel,6,Southeast,120,768,2021,5,14,Sports Direct,307,Atlanta
Men's Street Footwear,4,Southeast,176,810,2021,6,13,Sports Direct,429,Atlanta
Men's Athletic Footwear,5,Southeast,147,794,2021,6,13,Sports Direct,405,Atlanta
Women's Street Footwear,5,Southeast,142,738,2021,6,13,Sports Direct,354,Atlanta
Women's Athletic Footwear,4,Southeast,120,588,2021,6,13,Sports Direct,300,Atlanta
Men's Apparel,5,Southeast,72,367,2021,6,13,Sports Direct,176,Atlanta
Women's Apparel,6,Southeast,150,1005,2021,6,13,Sports Direct,352,Atlanta
Men's Street Footwear,4,Southeast,196,921,2021,7,12,Sports Direct,461,Atlanta
Men's Athletic Footwear,5,Southeast,173,882,2021,7,12,Sports Direct,450,Atlanta
Women's Street Footwear,5,Southeast,137,685,2021,7,12,Sports Direct,343,Atlanta
Women's Athletic Footwear,4,Southeast,128,589,2021,7,12,Sports Direct,300,Atlanta
Men's Apparel,5,Southeast,138,745,2021,7,12,Sports Direct,358,Atlanta
Women's Apparel,6,Southeast,143,958,2021,7,12,Sports Direct,364,Atlanta
Men's Street Footwear,5,Southeast,182,965,2021,8,13,Sports Direct,492,Atlanta
Men's Athletic Footwear,5,Southeast,175,1015,2021,8,13,Sports Direct,528,Atlanta
Women's Street Footwear,5,Southeast,150,810,2021,8,13,Sports Direct,373,Atlanta
Women's Athletic Footwear,5,Southeast,113,599,2021,8,13,Sports Direct,311,Atlanta
Men's Apparel,6,Southeast,126,756,2021,8,13,Sports Direct,363,Atlanta
Women's Apparel,6,Southeast,119,809,2021,8,13,Sports Direct,283,Atlanta
Men's Street Footwear,4,Southeast,180,774,2021,9,14,Sports Direct,418,Atlanta
Men's Athletic Footwear,4,Southeast,156,733,2021,9,14,Sports Direct,403,Atlanta
Women's Street Footwear,4,Southeast,135,567,2021,9,14,Sports Direct,266,Atlanta
Women's Athletic Footwear,4,Southeast,120,516,2021,9,14,Sports Direct,279,Atlanta
Men's Apparel,5,Southeast,100,540,2021,9,14,Sports Direct,259,Atlanta
Women's Apparel,5,Southeast,131,773,2021,9,14,Sports Direct,309,Atlanta
Men's Street Footwear,4,Southeast,131,550,2021,10,13,Sports Direct,281,Atlanta
Men's Athletic Footwear,4,Southeast,142,667,2021,10,13,Sports Direct,347,Atlanta
Women's Street Footwear,4,Southeast,105,441,2021,10,13,Sports Direct,207,Atlanta
Women's Athletic Footwear,4,Southeast,88,387,2021,10,13,Sports Direct,194,Atlanta
Men's Apparel,5,Southeast,90,450,2021,10,13,Sports Direct,207,Atlanta
Women's Apparel,6,Southeast,102,653,2021,10,13,Sports Direct,255,Atlanta
Men's Street Footwear,5,Southeast,137,699,2021,11,13,Sports Direct,356,Atlanta
Men's Athletic Footwear,5,Southeast,173,1003,2021,11,13,Sports Direct,542,Atlanta
Women's Street Footwear,5,Southeast,115,621,2021,11,13,Sports Direct,292,Atlanta
Women's Athletic Footwear,5,Southeast,116,592,2021,11,13,Sports Direct,308,Atlanta
Men's Apparel,6,Southeast,102,612,2021,11,13,Sports Direct,288,Atlanta
Women's Apparel,6,Southeast,124,806,2021,11,13,Sports Direct,282,Atlanta
Men's Street Footwear,5,Southeast,203,1015,2021,12,12,Sports Direct,558,Atlanta
Men's Athletic Footwear,5,Southeast,189,1096,2021,12,12,Sports Direct,581,Atlanta
Women's Street Footwear,5,Southeast,138,731,2021,12,12,Foot Locker,366,Atlanta
Women's Athletic Footwear,5,Southeast,128,653,2021,12,12,Foot Locker,326,Atlanta
Men's Apparel,6,Southeast,116,742,2021,12,12,Foot Locker,371,Atlanta
Women's Apparel,6,Southeast,135,864,2021,12,12,Foot Locker,302,Atlanta
Men's Street Footwear,3,Southeast,256,998,2021,1,9,Foot Locker,579,Atlanta
Men's Athletic Footwear,3,Southeast,206,762,2021,1,9,Foot Locker,343,Atlanta
Women's Street Footwear,2,Southeast,248,719,2021,1,9,Foot Locker,280,Atlanta
Women's Athletic Footwear,3,Southeast,203,690,2021,1,9,Foot Locker,304,Atlanta
Men's Apparel,4,Southeast,189,888,2021,1,9,Foot Locker,418,Atlanta
Women's Apparel,3,Southeast,239,884,2021,1,9,Foot Locker,531,Atlanta
Men's Street Footwear,3,Southeast,312,1186,2021,2,7,Foot Locker,700,Atlanta
Men's Athletic Footwear,3,Southeast,218,850,2021,2,7,Foot Locker,391,Atlanta
Women's Street Footwear,2,Southeast,217,629,2021,2,7,Foot Locker,233,Atlanta
Women's Athletic Footwear,3,Southeast,169,558,2021,2,7,Foot Locker,251,Charleston
Men's Apparel,4,Southeast,189,926,2021,2,7,Foot Locker,435,Charleston
Women's Apparel,3,Southeast,216,734,2021,2,7,Foot Locker,477,Charleston
Men's Street Footwear,3,Southeast,265,875,2021,3,5,Foot Locker,507,Charleston
Men's Athletic Footwear,3,Southeast,210,672,2021,3,5,Foot Locker,329,Charleston
Women's Street Footwear,2,Southeast,181,434,2021,3,5,Foot Locker,165,Charleston
Women's Athletic Footwear,2,Southeast,144,389,2021,3,5,Foot Locker,163,Charleston
Men's Apparel,4,Southeast,181,742,2021,3,5,Foot Locker,356,Charleston
Women's Apparel,3,Southeast,189,605,2021,3,5,Foot Locker,381,Charleston
Men's Street Footwear,3,Southeast,283,934,2021,4,6,Foot Locker,532,Charleston
Men's Athletic Footwear,3,Southeast,182,619,2021,4,6,Foot Locker,285,Charleston
Women's Street Footwear,2,Southeast,182,437,2021,4,6,Foot Locker,166,Charleston
Women's Athletic Footwear,2,Southeast,180,486,2021,4,6,Foot Locker,209,Charleston
Men's Apparel,4,Southeast,188,884,2021,4,6,Foot Locker,442,Charleston
Women's Apparel,3,Southeast,209,815,2021,4,6,Foot Locker,514,Charleston
Men's Street Footwear,4,Southeast,282,1354,2021,5,5,Foot Locker,744,Charleston
Men's Athletic Footwear,4,Southeast,188,846,2021,5,5,Foot Locker,381,Charleston
Women's Street Footwear,4,Southeast,210,861,2021,5,5,Foot Locker,319,Charleston
Women's Athletic Footwear,4,Southeast,182,783,2021,5,5,Foot Locker,329,Charleston
Men's Apparel,5,Southeast,196,1039,2021,5,5,Foot Locker,519,Charleston
Women's Apparel,5,Southeast,200,1180,2021,5,5,Foot Locker,708,Charleston
Men's Street Footwear,5,Southeast,273,1392,2021,6,7,Foot Locker,780,Charleston
Men's Athletic Footwear,4,Southeast,200,980,2021,6,7,Foot Locker,441,Charleston
Women's Street Footwear,4,Southeast,209,982,2021,6,7,Foot Locker,354,Charleston
Women's Athletic Footwear,4,Southeast,218,1025,2021,6,7,Foot Locker,461,Charleston
Men's Apparel,6,Southeast,195,1209,2021,6,7,Foot Locker,544,Charleston
Women's Apparel,6,Southeast,250,1625,2021,6,7,Foot Locker,1040,Charleston
Men's Street Footwear,6,Southeast,311,1959,2021,7,5,Foot Locker,1156,Charleston
Men's Athletic Footwear,5,Southeast,270,1566,2021,7,5,Foot Locker,767,Charleston
Women's Street Footwear,5,Southeast,248,1265,2021,7,5,Foot Locker,455,Charleston
Women's Athletic Footwear,5,Southeast,202,1050,2021,7,5,Foot Locker,441,Charleston
Men's Apparel,6,Southeast,240,1536,2021,7,5,Foot Locker,691,Charleston
Women's Apparel,6,Southeast,244,1610,2021,7,5,Foot Locker,1047,Charleston
Men's Street Footwear,6,Southeast,326,2021,2021,8,6,Foot Locker,1152,Charleston
Men's Athletic Footwear,5,Southeast,243,1312,2021,8,6,Foot Locker,643,Charleston
Women's Street Footwear,5,Southeast,231,1155,2021,8,6,Foot Locker,462,Charleston
Women's Athletic Footwear,4,Southeast,233,1025,2021,8,6,Foot Locker,420,Charleston
Men's Apparel,5,Southeast,225,1148,2021,8,6,Foot Locker,528,Charleston
Women's Apparel,5,Southeast,278,1612,2021,8,6,Foot Locker,984,Charleston
Men's Street Footwear,5,Southeast,287,1464,2021,9,5,Foot Locker,849,Charleston
Men's Athletic Footwear,4,Southeast,223,1070,2021,9,5,Foot Locker,514,Charleston
Women's Street Footwear,3,Southeast,196,745,2021,9,5,Foot Locker,290,Charleston
Women's Athletic Footwear,3,Southeast,210,819,2021,9,5,Foot Locker,328,Charleston
Men's Apparel,4,Southeast,175,840,2021,9,5,Foot Locker,386,Charleston
Women's Apparel,5,Southeast,232,1206,2021,9,5,Foot Locker,724,Charleston
Men's Street Footwear,5,Southeast,244,1220,2021,10,7,Foot Locker,732,Charleston
Men's Athletic Footwear,4,Southeast,208,874,2021,10,7,Foot Locker,437,Charleston
Women's Street Footwear,4,Southeast,176,722,2021,10,7,Foot Locker,281,Charleston
Women's Athletic Footwear,4,Southeast,176,722,2021,10,7,Foot Locker,289,Charleston
Men's Apparel,5,Southeast,189,983,2021,10,7,Foot Locker,472,Charleston
Women's Apparel,5,Southeast,225,1260,2021,10,7,Foot Locker,819,Charleston
Men's Street Footwear,5,Southeast,278,1390,2021,11,6,Foot Locker,792,Charleston
Men's Athletic Footwear,4,Southeast,188,827,2021,11,6,Foot Locker,372,Charleston
Women's Street Footwear,4,Southeast,202,869,2021,11,6,Foot Locker,304,Charleston
Women's Athletic Footwear,5,Southeast,225,1193,2021,11,6,Foot Locker,501,Charleston
Men's Apparel,6,Southeast,196,1294,2021,11,6,Foot Locker,608,Charleston
Women's Apparel,7,Southeast,206,1524,2021,11,6,Foot Locker,960,Charleston
Men's Street Footwear,6,Southeast,290,1943,2021,12,5,Foot Locker,1166,Charleston
Men's Athletic Footwear,5,Southeast,219,1270,2021,12,5,Foot Locker,572,Charleston
Women's Street Footwear,5,Southeast,215,1204,2021,12,5,Sports Direct,421,Charleston
Women's Athletic Footwear,5,Southeast,194,1145,2021,12,5,Sports Direct,515,Charleston
Men's Apparel,6,Southeast,225,1485,2021,12,5,Sports Direct,668,Charleston
Women's Apparel,6,Southeast,228,1550,2021,12,5,Sports Direct,930,Charleston
Men's Street Footwear,3,Southeast,231,762,2021,1,6,Sports Direct,381,Charleston
Men's Athletic Footwear,3,Southeast,181,615,2021,1,6,Sports Direct,308,Charleston
Women's Street Footwear,2,Southeast,189,454,2021,1,6,Sports Direct,245,Charleston
Women's Athletic Footwear,2,Southeast,173,502,2021,1,6,Sports Direct,276,Charleston
Men's Apparel,4,Southeast,156,655,2021,1,6,Sports Direct,301,Charleston
Women's Apparel,3,Southeast,196,666,2021,1,6,Sports Direct,426,Charleston
Men's Street Footwear,3,Southeast,263,894,2021,2,4,Sports Direct,447,Charleston
Men's Athletic Footwear,3,Southeast,188,639,2021,2,4,Sports Direct,307,Charleston
Women's Street Footwear,2,Southeast,169,389,2021,2,4,Sports Direct,214,Charleston
Women's Athletic Footwear,2,Southeast,142,412,2021,2,4,Sports Direct,206,Charlotte
Men's Apparel,4,Southeast,180,792,2021,2,4,Sports Direct,396,Charlotte
Women's Apparel,2,Southeast,203,589,2021,2,4,Sports Direct,353,Charlotte
Men's Street Footwear,2,Southeast,276,773,2021,3,2,Sports Direct,417,Charlotte
Men's Athletic Footwear,2,Southeast,150,435,2021,3,2,Sports Direct,196,Charlotte
Women's Street Footwear,1,Southeast,181,344,2021,3,2,Sports Direct,179,Charlotte
Women's Athletic Footwear,2,Southeast,124,310,2021,3,2,Sports Direct,167,Charlotte
Men's Apparel,3,Southeast,158,585,2021,3,2,Sports Direct,263,Charlotte
Women's Apparel,2,Southeast,169,456,2021,3,2,Sports Direct,283,Charlotte
Men's Street Footwear,2,Southeast,263,710,2021,4,3,Sports Direct,383,Charlotte
Men's Athletic Footwear,2,Southeast,155,434,2021,4,3,Sports Direct,204,Charlotte
Women's Street Footwear,2,Southeast,144,288,2021,4,3,Sports Direct,158,Charlotte
Women's Athletic Footwear,2,Southeast,140,336,2021,4,3,Sports Direct,181,Charlotte
Men's Apparel,4,Southeast,131,550,2021,4,3,Sports Direct,275,Charlotte
Women's Apparel,3,Southeast,189,605,2021,4,3,Sports Direct,369,Charlotte
Men's Street Footwear,4,Southeast,246,1009,2021,5,2,Sports Direct,555,Charlotte
Men's Athletic Footwear,4,Southeast,182,764,2021,5,2,Sports Direct,352,Charlotte
Women's Street Footwear,3,Southeast,169,625,2021,5,2,Sports Direct,331,Charlotte
Women's Athletic Footwear,3,Southeast,150,570,2021,5,2,Sports Direct,308,Charlotte
Men's Apparel,4,Southeast,150,690,2021,5,2,Sports Direct,338,Charlotte
Women's Apparel,5,Southeast,203,1035,2021,5,2,Sports Direct,642,Charlotte
Men's Street Footwear,4,Southeast,238,1095,2021,6,4,Sports Direct,602,Charlotte
Men's Athletic Footwear,4,Southeast,182,764,2021,6,4,Sports Direct,359,Charlotte
Women's Street Footwear,4,Southeast,169,794,2021,6,4,Sports Direct,429,Charlotte
Women's Athletic Footwear,4,Southeast,169,828,2021,6,4,Sports Direct,422,Charlotte
Men's Apparel,6,Southeast,163,994,2021,6,4,Sports Direct,487,Charlotte
Women's Apparel,6,Southeast,231,1548,2021,6,4,Sports Direct,929,Charlotte
Men's Street Footwear,6,Southeast,294,1764,2021,7,2,Sports Direct,882,Charlotte
Men's Athletic Footwear,5,Southeast,224,1299,2021,7,2,Sports Direct,650,Charlotte
Women's Street Footwear,5,Southeast,196,1039,2021,7,2,Sports Direct,571,Charlotte
Women's Athletic Footwear,5,Southeast,203,1056,2021,7,2,Sports Direct,538,Charlotte
Men's Apparel,5,Southeast,182,1074,2021,7,2,Sports Direct,526,Charlotte
Women's Apparel,6,Southeast,263,1683,2021,7,2,Sports Direct,1060,Charlotte
Men's Street Footwear,6,Southeast,308,1879,2021,8,3,Sports Direct,996,Charlotte
Men's Athletic Footwear,5,Southeast,200,1160,2021,8,3,Sports Direct,522,Charlotte
Women's Street Footwear,5,Southeast,210,1134,2021,8,3,Sports Direct,601,Charlotte
Women's Athletic Footwear,4,Southeast,182,801,2021,8,3,Sports Direct,424,Charlotte
Men's Apparel,5,Southeast,176,933,2021,8,3,Sports Direct,448,Charlotte
Women's Apparel,5,Southeast,231,1247,2021,8,3,Sports Direct,798,Charlotte
Men's Street Footwear,5,Southeast,250,1325,2021,9,2,Sports Direct,689,Charlotte
Men's Athletic Footwear,4,Southeast,181,887,2021,9,2,Sports Direct,443,Charlotte
Women's Street Footwear,2,Southeast,175,490,2021,9,2,Sports Direct,250,Charlotte
Women's Athletic Footwear,2,Southeast,150,420,2021,9,2,Sports Direct,210,Charlotte
Men's Apparel,3,Southeast,156,593,2021,9,2,Sports Direct,273,Charlotte
Women's Apparel,4,Southeast,203,832,2021,9,2,Sports Direct,508,Charlotte
Men's Street Footwear,4,Southeast,245,1029,2021,10,4,Sports Direct,556,Charlotte
Men's Athletic Footwear,3,Southeast,196,647,2021,10,4,Sports Direct,298,Charlotte
Women's Street Footwear,3,Southeast,150,510,2021,10,4,Sports Direct,260,Charlotte
Women's Athletic Footwear,3,Southeast,160,544,2021,10,4,Sports Direct,294,Charlotte
Men's Apparel,4,Southeast,149,626,2021,10,4,Sports Direct,294,Charlotte
Women's Apparel,4,Southeast,176,845,2021,10,4,Sports Direct,532,Charlotte
Men's Street Footwear,4,Southeast,215,946,2021,11,3,Sports Direct,520,Charlotte
Men's Athletic Footwear,3,Southeast,195,624,2021,11,3,Sports Direct,293,Charlotte
Women's Street Footwear,3,Southeast,167,635,2021,11,3,Sports Direct,343,Charlotte
Women's Athletic Footwear,5,Southeast,163,897,2021,11,3,Sports Direct,457,Charlotte
Men's Apparel,7,Southeast,163,1174,2021,11,3,Sports Direct,575,Charlotte
Women's Apparel,7,Southeast,210,1512,2021,11,3,Sports Direct,968,Charlotte
Men's Street Footwear,6,Southeast,244,1562,2021,12,2,Sports Direct,796,Charlotte
Men's Athletic Footwear,5,Southeast,202,1111,2021,12,2,Sports Direct,500,Charlotte
Women's Street Footwear,5,Southeast,218,1199,2021,12,2,Amazon,611,Charlotte
Women's Athletic Footwear,5,Southeast,196,1078,2021,12,2,Amazon,582,Charlotte
Men's Apparel,6,Southeast,169,1099,2021,12,2,Amazon,538,Charlotte
Women's Apparel,6,Southeast,225,1553,2021,12,2,Amazon,1009,Charlotte
Men's Street Footwear,3,Southeast,194,621,2021,1,13,Amazon,323,Charlotte
Men's Athletic Footwear,3,Southeast,150,495,2021,1,13,Amazon,248,Charlotte
Women's Street Footwear,2,Southeast,167,401,2021,1,13,Amazon,216,Charlotte
Women's Athletic Footwear,2,Southeast,123,357,2021,1,13,Amazon,185,Charlotte
Men's Apparel,4,Southeast,128,563,2021,1,13,Amazon,282,Charlotte
Women's Apparel,3,Southeast,173,554,2021,1,13,Amazon,360,Charlotte
Men's Street Footwear,3,Southeast,231,739,2021,2,11,Amazon,370,Charlotte
Men's Athletic Footwear,3,Southeast,143,472,2021,2,11,Amazon,236,Charlotte
Women's Street Footwear,2,Southeast,158,363,2021,2,11,Amazon,182,Charlotte
Women's Athletic Footwear,2,Midwest,101,293,2021,2,11,Amazon,146,Columbus
Men's Apparel,4,Midwest,122,500,2021,2,11,Amazon,230,Columbus
Women's Apparel,2,Midwest,143,415,2021,2,11,Amazon,253,Columbus
Men's Street Footwear,2,Midwest,231,624,2021,3,9,Amazon,324,Columbus
Men's Athletic Footwear,2,Midwest,126,340,2021,3,9,Amazon,153,Columbus
Women's Street Footwear,2,Midwest,124,248,2021,3,9,Amazon,131,Columbus
Women's Athletic Footwear,2,Midwest,98,235,2021,3,9,Amazon,122,Columbus
Men's Apparel,3,Midwest,113,418,2021,3,9,Amazon,205,Columbus
Women's Apparel,2,Midwest,128,358,2021,3,9,Amazon,219,Columbus
Men's Street Footwear,2,Midwest,218,610,2021,4,10,Amazon,336,Columbus
Men's Athletic Footwear,2,Midwest,111,311,2021,4,10,Amazon,152,Columbus
Women's Street Footwear,1,Midwest,106,201,2021,4,10,Amazon,107,Columbus
Women's Athletic Footwear,2,Midwest,102,245,2021,4,10,Amazon,122,Columbus
Men's Apparel,4,Midwest,101,424,2021,4,10,Amazon,199,Columbus
Women's Apparel,3,Midwest,137,466,2021,4,10,Amazon,303,Columbus
Men's Street Footwear,4,Midwest,207,869,2021,5,9,Amazon,435,Columbus
Men's Athletic Footwear,4,Midwest,135,594,2021,5,9,Amazon,291,Columbus
Women's Street Footwear,3,Midwest,143,558,2021,5,9,Amazon,284,Columbus
Women's Athletic Footwear,3,Midwest,123,467,2021,5,9,Amazon,257,Columbus
Men's Apparel,4,Midwest,126,617,2021,5,9,Amazon,284,Columbus
Women's Apparel,5,Midwest,143,758,2021,5,9,Amazon,485,Columbus
Men's Street Footwear,4,Midwest,232,1137,2021,6,11,Amazon,603,Columbus
Men's Athletic Footwear,4,Midwest,138,566,2021,6,11,Amazon,260,Columbus
Women's Street Footwear,4,Midwest,142,696,2021,6,11,Amazon,376,Columbus
Women's Athletic Footwear,4,Midwest,140,686,2021,6,11,Amazon,350,Columbus
Men's Apparel,6,Midwest,150,930,2021,6,11,Amazon,437,Columbus
Women's Apparel,6,Midwest,196,1254,2021,6,11,Amazon,778,Columbus
Men's Street Footwear,6,Midwest,252,1588,2021,7,9,Amazon,826,Columbus
Men's Athletic Footwear,5,Midwest,195,1092,2021,7,9,Amazon,513,Columbus
Women's Street Footwear,5,Midwest,173,882,2021,7,9,Amazon,450,Columbus
Women's Athletic Footwear,5,Midwest,152,806,2021,7,9,Amazon,435,Columbus
Men's Apparel,5,Midwest,154,909,2021,7,9,Amazon,418,Columbus
Women's Apparel,6,Midwest,181,1249,2021,7,9,Amazon,787,Columbus
Men's Street Footwear,6,Midwest,228,1391,2021,8,10,Amazon,695,Columbus
Men's Athletic Footwear,5,Midwest,195,1131,2021,8,10,Amazon,520,Columbus
Women's Street Footwear,5,Midwest,150,795,2021,8,10,Amazon,405,Columbus
Women's Athletic Footwear,4,Midwest,158,648,2021,8,10,Amazon,330,Columbus
Men's Apparel,5,Midwest,135,675,2021,8,10,Amazon,331,Columbus
Women's Apparel,5,Midwest,169,913,2021,8,10,Amazon,557,Columbus
Men's Street Footwear,5,Midwest,225,1125,2021,9,9,Amazon,608,Columbus
Men's Athletic Footwear,4,Midwest,173,813,2021,9,9,Amazon,382,Columbus
Women's Street Footwear,2,Midwest,138,317,2021,9,9,Amazon,175,Columbus
Women's Athletic Footwear,2,Midwest,113,271,2021,9,9,Amazon,138,Columbus
Men's Apparel,3,Midwest,122,390,2021,9,9,Amazon,187,Columbus
Women's Apparel,3,Midwest,138,511,2021,9,9,Amazon,317,Columbus
Men's Street Footwear,3,Midwest,210,756,2021,10,11,Amazon,393,Columbus
Men's Athletic Footwear,2,Midwest,138,400,2021,10,11,Amazon,188,Columbus
Women's Street Footwear,2,Midwest,106,286,2021,10,11,Amazon,152,Columbus
Women's Athletic Footwear,2,Midwest,112,325,2021,10,11,Amazon,166,Columbus
Men's Apparel,3,Midwest,116,429,2021,10,11,Amazon,197,Columbus
Women's Apparel,3,Midwest,147,559,2021,10,11,Amazon,352,Columbus
Men's Street Footwear,3,Midwest,169,575,2021,11,10,Amazon,299,Columbus
Men's Athletic Footwear,2,Midwest,140,336,2021,11,10,Amazon,151,Columbus
Women's Street Footwear,3,Midwest,116,371,2021,11,10,Amazon,186,Columbus
Women's Athletic Footwear,5,Midwest,135,797,2021,11,10,Amazon,398,Columbus
Men's Apparel,7,Midwest,138,1049,2021,11,10,Amazon,514,Columbus
Women's Apparel,7,Midwest,167,1236,2021,11,10,Amazon,791,Columbus
Men's Street Footwear,7,Midwest,231,1617,2021,12,9,Amazon,809,Columbus
Men's Athletic Footwear,6,Midwest,181,1086,2021,12,9,Amazon,510,Columbus
Women's Street Footwear,5,Midwest,161,950,2021,12,9,West Gear,494,Columbus
Women's Athletic Footwear,6,Midwest,147,926,2021,12,9,West Gear,463,Columbus
Men's Apparel,6,Midwest,142,966,2021,12,9,West Gear,473,Columbus
Women's Apparel,7,Midwest,156,1154,2021,12,9,West Gear,693,Columbus
Men's Street Footwear,3,Midwest,135,500,2021,1,22,Amazon,270,Columbus
Men's Athletic Footwear,3,Midwest,78,296,2021,1,22,Amazon,139,Columbus
Women's Street Footwear,2,Midwest,75,210,2021,1,22,Amazon,109,Columbus
Women's Athletic Footwear,3,Midwest,42,143,2021,1,22,Amazon,71,Columbus
Men's Apparel,4,Midwest,52,239,2021,1,22,Amazon,112,Columbus
Women's Apparel,3,Midwest,81,300,2021,1,22,Amazon,162,Columbus
Men's Street Footwear,3,Midwest,138,524,2021,2,22,Amazon,278,Columbus
Men's Athletic Footwear,3,Midwest,58,220,2021,2,22,Amazon,101,Columbus
Women's Street Footwear,2,Midwest,63,183,2021,2,22,Amazon,97,Columbus
Women's Athletic Footwear,3,Southeast,34,116,2021,2,22,Amazon,62,Louisville
Men's Apparel,4,Southeast,54,259,2021,2,22,Amazon,122,Louisville
Women's Apparel,3,Southeast,78,304,2021,2,22,Amazon,155,Louisville
Men's Street Footwear,4,Southeast,156,640,2021,3,21,Amazon,326,Louisville
Men's Athletic Footwear,4,Southeast,59,242,2021,3,21,Amazon,119,Louisville
Women's Street Footwear,3,Southeast,73,248,2021,3,21,Amazon,124,Louisville
Women's Athletic Footwear,3,Southeast,27,97,2021,3,21,Amazon,51,Louisville
Men's Apparel,5,Southeast,44,229,2021,3,21,Amazon,105,Louisville
Women's Apparel,4,Southeast,65,273,2021,3,21,Amazon,139,Louisville
Men's Street Footwear,4,Southeast,119,488,2021,4,22,Amazon,268,Louisville
Men's Athletic Footwear,4,Southeast,49,201,2021,4,22,Amazon,96,Louisville
Women's Street Footwear,3,Southeast,49,186,2021,4,22,Amazon,102,Louisville
Women's Athletic Footwear,4,Southeast,29,122,2021,4,22,Amazon,61,Louisville
Men's Apparel,4,Southeast,35,165,2021,4,22,Amazon,81,Louisville
Women's Apparel,3,Southeast,75,270,2021,4,22,Amazon,135,Louisville
Men's Street Footwear,4,Southeast,156,764,2021,5,23,Amazon,390,Louisville
Men's Athletic Footwear,4,Southeast,68,286,2021,5,23,Amazon,143,Louisville
Women's Street Footwear,3,Southeast,58,220,2021,5,23,Amazon,115,Louisville
Women's Athletic Footwear,3,Southeast,38,144,2021,5,23,Amazon,78,Louisville
Men's Apparel,4,Southeast,42,193,2021,5,23,Amazon,89,Louisville
Women's Apparel,5,Southeast,83,423,2021,5,23,Amazon,216,Louisville
Men's Street Footwear,3,Southeast,142,511,2021,6,22,Amazon,256,Louisville
Men's Athletic Footwear,3,Southeast,77,254,2021,6,22,Amazon,125,Louisville
Women's Street Footwear,2,Southeast,56,157,2021,6,22,Amazon,86,Louisville
Women's Athletic Footwear,2,Southeast,52,151,2021,6,22,Amazon,83,Louisville
Men's Apparel,4,Southeast,54,265,2021,6,22,Amazon,130,Louisville
Women's Apparel,5,Southeast,101,525,2021,6,22,Amazon,273,Louisville
Men's Street Footwear,4,Southeast,168,790,2021,7,21,Amazon,434,Louisville
Men's Athletic Footwear,4,Southeast,95,418,2021,7,21,Amazon,205,Louisville
Women's Street Footwear,3,Southeast,69,262,2021,7,21,Amazon,136,Louisville
Women's Athletic Footwear,3,Southeast,63,233,2021,7,21,Amazon,126,Louisville
Men's Apparel,4,Southeast,75,345,2021,7,21,Amazon,159,Louisville
Women's Apparel,5,Southeast,115,575,2021,7,21,Amazon,311,Louisville
Men's Street Footwear,4,Southeast,167,768,2021,8,22,Amazon,415,Louisville
Men's Athletic Footwear,4,Southeast,91,373,2021,8,22,Amazon,175,Louisville
Women's Street Footwear,3,Southeast,80,288,2021,8,22,Amazon,156,Louisville
Women's Athletic Footwear,3,Southeast,75,285,2021,8,22,Amazon,143,Louisville
Men's Apparel,4,Southeast,65,319,2021,8,22,Amazon,156,Louisville
Women's Apparel,5,Southeast,120,612,2021,8,22,Amazon,330,Louisville
Men's Street Footwear,4,Southeast,137,658,2021,9,23,Amazon,349,Louisville
Men's Athletic Footwear,4,Southeast,94,414,2021,9,23,Amazon,203,Louisville
Women's Street Footwear,3,Southeast,65,215,2021,9,23,Amazon,114,Louisville
Women's Athletic Footwear,3,Southeast,54,173,2021,9,23,Amazon,88,Louisville
Men's Apparel,4,Southeast,58,249,2021,9,23,Amazon,117,Louisville
Women's Apparel,4,Southeast,74,363,2021,9,23,Amazon,189,Louisville
Men's Street Footwear,5,Southeast,126,668,2021,10,22,Amazon,367,Louisville
Men's Athletic Footwear,4,Southeast,83,340,2021,10,22,Amazon,170,Louisville
Women's Street Footwear,4,Southeast,47,202,2021,10,22,Amazon,109,Louisville
Women's Athletic Footwear,4,Southeast,42,172,2021,10,22,Amazon,90,Louisville
Men's Apparel,5,Southeast,41,217,2021,10,22,Amazon,106,Louisville
Women's Apparel,5,Southeast,83,440,2021,10,22,Amazon,220,Louisville
Men's Street Footwear,4,Southeast,123,590,2021,11,22,Amazon,307,Louisville
Men's Athletic Footwear,3,Southeast,72,281,2021,11,22,Amazon,132,Louisville
Women's Street Footwear,4,Southeast,57,234,2021,11,22,Amazon,119,Louisville
Women's Athletic Footwear,5,Southeast,52,270,2021,11,22,Foot Locker,135,Louisville
Men's Apparel,5,Southeast,53,313,2021,11,22,Foot Locker,150,Louisville
Women's Apparel,6,Southeast,80,528,2021,11,22,Foot Locker,285,Louisville
Men's Street Footwear,5,Southeast,158,932,2021,12,21,Foot Locker,513,Louisville
Men's Athletic Footwear,5,Southeast,98,510,2021,12,21,Foot Locker,245,Louisville
Women's Street Footwear,5,Southeast,74,377,2021,12,21,Foot Locker,208,Louisville
Women's Athletic Footwear,4,Southeast,68,333,2021,12,21,Foot Locker,177,Louisville
Men's Apparel,5,Southeast,68,367,2021,12,21,Foot Locker,173,Louisville
Women's Apparel,6,Southeast,98,627,2021,12,21,Foot Locker,332,Louisville
Men's Street Footwear,2,Southeast,189,548,2021,1,20,Foot Locker,296,Louisville
Men's Athletic Footwear,2,Southeast,142,412,2021,1,20,Foot Locker,185,Louisville
Women's Street Footwear,1,Southeast,158,284,2021,1,20,Foot Locker,156,Louisville
Women's Athletic Footwear,2,Southeast,101,232,2021,1,20,Foot Locker,123,Louisville
Men's Apparel,3,Southeast,115,437,2021,1,20,Foot Locker,210,Louisville
Women's Apparel,2,Southeast,158,458,2021,1,20,Foot Locker,284,Louisville
Men's Street Footwear,2,Southeast,225,630,2021,2,18,Foot Locker,328,Louisville
Men's Athletic Footwear,2,Southeast,106,286,2021,2,18,Foot Locker,137,Louisville
Women's Street Footwear,1,Southeast,124,223,2021,2,18,Foot Locker,123,Louisville
Women's Athletic Footwear,2,South,91,228,2021,2,18,Foot Locker,114,Jackson
Men's Apparel,3,South,108,421,2021,2,18,Foot Locker,194,Jackson
Women's Apparel,2,South,125,300,2021,2,18,Foot Locker,180,Jackson
Men's Street Footwear,2,South,187,430,2021,3,16,Foot Locker,237,Jackson
Men's Athletic Footwear,2,South,100,240,2021,3,16,Foot Locker,113,Jackson
Women's Street Footwear,1,South,128,179,2021,3,16,Foot Locker,95,Jackson
Women's Athletic Footwear,1,South,80,152,2021,3,16,Foot Locker,79,Jackson
Men's Apparel,3,South,81,259,2021,3,16,Foot Locker,119,Jackson
Women's Apparel,2,South,123,295,2021,3,16,Foot Locker,183,Jackson
Men's Street Footwear,2,South,169,389,2021,4,17,Foot Locker,210,Jackson
Men's Athletic Footwear,2,South,109,251,2021,4,17,Foot Locker,125,Jackson
Women's Street Footwear,1,South,101,141,2021,4,17,Foot Locker,78,Jackson
Women's Athletic Footwear,1,South,75,143,2021,4,17,Foot Locker,74,Jackson
Men's Apparel,3,South,81,308,2021,4,17,Foot Locker,148,Jackson
Women's Apparel,2,South,124,347,2021,4,17,Foot Locker,212,Jackson
Men's Street Footwear,3,South,194,757,2021,5,16,Foot Locker,416,Jackson
Men's Athletic Footwear,3,South,131,485,2021,5,16,Foot Locker,218,Jackson
Women's Street Footwear,3,South,119,393,2021,5,16,Foot Locker,212,Jackson
Women's Athletic Footwear,3,South,101,333,2021,5,16,Foot Locker,170,Jackson
Men's Apparel,4,South,116,476,2021,5,16,Foot Locker,224,Jackson
Women's Apparel,4,South,140,658,2021,5,16,Foot Locker,421,Jackson
Men's Street Footwear,4,South,210,924,2021,6,18,Foot Locker,480,Jackson
Men's Athletic Footwear,3,South,125,463,2021,6,18,Foot Locker,217,Jackson
Women's Street Footwear,4,South,143,586,2021,6,18,Foot Locker,322,Jackson
Women's Athletic Footwear,4,South,117,503,2021,6,18,Foot Locker,252,Jackson
Men's Apparel,5,South,135,770,2021,6,18,Foot Locker,346,Jackson
Women's Apparel,6,South,188,1128,2021,6,18,Foot Locker,711,Jackson
Men's Street Footwear,5,South,221,1282,2021,7,16,Foot Locker,654,Jackson
Men's Athletic Footwear,5,South,156,827,2021,7,16,Walmart,372,Jackson
Women's Street Footwear,4,South,142,682,2021,7,16,Walmart,341,Jackson
Women's Athletic Footwear,4,South,124,595,2021,7,16,Walmart,315,Jackson
Men's Apparel,5,South,150,885,2021,7,16,Walmart,425,Jackson
Women's Apparel,6,South,176,1074,2021,7,16,Walmart,655,Jackson
Men's Street Footwear,5,South,215,1204,2021,8,17,Walmart,650,Jackson
Men's Athletic Footwear,5,South,168,840,2021,8,17,Walmart,403,Jackson
Women's Street Footwear,4,South,147,706,2021,8,17,Walmart,367,Jackson
Women's Athletic Footwear,3,South,128,499,2021,8,17,Walmart,260,Jackson
Men's Apparel,4,South,122,561,2021,8,17,Walmart,253,Jackson
Women's Apparel,5,South,169,896,2021,8,17,Walmart,582,Jackson
Men's Street Footwear,4,South,203,954,2021,9,16,Walmart,515,Jackson
Men's Athletic Footwear,4,South,147,617,2021,9,16,Walmart,278,Jackson
Women's Street Footwear,1,South,123,234,2021,9,16,Walmart,117,Jackson
Women's Athletic Footwear,1,South,100,190,2021,9,16,Walmart,105,Jackson
Men's Apparel,2,South,108,313,2021,9,16,Walmart,150,Jackson
Women's Apparel,3,South,130,416,2021,9,16,Walmart,258,Jackson
Men's Street Footwear,3,South,176,563,2021,10,18,Walmart,304,Jackson
Men's Athletic Footwear,2,South,145,363,2021,10,18,Walmart,163,Jackson
Women's Street Footwear,2,South,98,235,2021,10,18,Walmart,127,Jackson
Women's Athletic Footwear,2,South,105,242,2021,10,18,Walmart,121,Jackson
Men's Apparel,3,South,98,314,2021,10,18,Walmart,157,Jackson
Women's Apparel,3,South,124,409,2021,10,18,Sports Direct,262,Jackson
Men's Street Footwear,2,South,163,456,2021,11,17,Sports Direct,246,Jackson
Men's Athletic Footwear,1,South,117,211,2021,11,17,Sports Direct,95,Jackson
Women's Street Footwear,2,South,111,311,2021,11,17,Sports Direct,168,Jackson
Women's Athletic Footwear,5,South,117,632,2021,11,17,Sports Direct,335,Jackson
Men's Apparel,7,South,123,873,2021,11,17,Sports Direct,393,Jackson
Women's Apparel,6,South,158,1074,2021,11,17,Sports Direct,655,Jackson
Men's Street Footwear,6,South,194,1319,2021,12,16,Sports Direct,699,Jackson
Men's Athletic Footwear,5,South,155,899,2021,12,16,Sports Direct,441,Jackson
Women's Street Footwear,5,South,137,808,2021,12,16,Sports Direct,436,Jackson
Women's Athletic Footwear,5,South,133,745,2021,12,16,Sports Direct,387,Jackson
Men's Apparel,6,South,124,806,2021,12,16,Sports Direct,403,Jackson
Women's Apparel,7,South,144,1022,2021,12,16,Sports Direct,624,Jackson
Men's Street Footwear,2,South,176,422,2021,1,23,Sports Direct,215,Jackson
Men's Athletic Footwear,2,South,131,328,2021,1,23,Sports Direct,147,Jackson
Women's Street Footwear,1,South,117,164,2021,1,23,Sports Direct,84,Jackson
Women's Athletic Footwear,1,South,78,148,2021,1,23,Sports Direct,79,Jackson
Men's Apparel,3,South,95,323,2021,1,23,Sports Direct,155,Jackson
Women's Apparel,2,South,122,281,2021,1,23,Sports Direct,146,Jackson
Men's Street Footwear,2,South,189,454,2021,2,21,Sports Direct,231,Jackson
Men's Athletic Footwear,2,South,105,252,2021,2,21,Sports Direct,113,Jackson
Women's Street Footwear,1,South,120,168,2021,2,21,Sports Direct,84,Jackson
Women's Athletic Footwear,1,South,70,126,2021,2,21,Walmart,63,Little Rock
Men's Apparel,3,South,98,333,2021,2,21,Walmart,150,Little Rock
Women's Apparel,1,South,115,219,2021,2,21,Walmart,118,Little Rock
Men's Street Footwear,1,South,181,326,2021,3,19,Walmart,173,Little Rock
Men's Athletic Footwear,2,South,98,196,2021,3,19,Walmart,88,Little Rock
Women's Street Footwear,1,South,88,88,2021,3,19,Walmart,48,Little Rock
Women's Athletic Footwear,1,South,60,114,2021,3,19,Walmart,59,Little Rock
Men's Apparel,3,South,65,208,2021,3,19,Walmart,96,Little Rock
Women's Apparel,2,South,102,245,2021,3,19,Walmart,125,Little Rock
Men's Street Footwear,2,South,174,400,2021,4,20,Walmart,216,Little Rock
Men's Athletic Footwear,2,South,81,194,2021,4,20,Walmart,95,Little Rock
Women's Street Footwear,1,South,75,105,2021,4,20,Walmart,55,Little Rock
Women's Athletic Footwear,2,South,63,126,2021,4,20,Walmart,67,Little Rock
Men's Apparel,3,South,73,270,2021,4,20,Walmart,130,Little Rock
Women's Apparel,2,South,116,325,2021,4,20,Walmart,166,Little Rock
Men's Street Footwear,3,South,181,706,2021,5,19,Walmart,381,Little Rock
Men's Athletic Footwear,3,South,113,429,2021,5,19,Walmart,215,Little Rock
Women's Street Footwear,3,South,91,309,2021,5,19,Walmart,170,Little Rock
Women's Athletic Footwear,3,South,78,265,2021,5,19,Walmart,141,Little Rock
Men's Apparel,4,South,85,357,2021,5,19,Walmart,168,Little Rock
Women's Apparel,4,South,111,488,2021,5,19,Walmart,269,Little Rock
Men's Street Footwear,3,South,203,731,2021,6,21,Walmart,365,Little Rock
Men's Athletic Footwear,3,South,106,339,2021,6,21,Walmart,166,Little Rock
Women's Street Footwear,3,South,104,395,2021,6,21,Walmart,213,Little Rock
Women's Athletic Footwear,3,South,98,363,2021,6,21,Walmart,189,Little Rock
Men's Apparel,5,South,98,529,2021,6,21,Walmart,254,Little Rock
Women's Apparel,5,South,160,864,2021,6,21,Walmart,467,Little Rock
Men's Street Footwear,5,South,233,1165,2021,7,19,Walmart,583,Little Rock
Men's Athletic Footwear,4,South,147,691,2021,7,19,Walmart,311,Little Rock
Women's Street Footwear,4,South,126,542,2021,7,19,Walmart,276,Little Rock
Women's Athletic Footwear,4,South,116,476,2021,7,19,Walmart,257,Little Rock
Men's Apparel,5,South,119,655,2021,7,19,Walmart,321,Little Rock
Women's Apparel,6,South,150,945,2021,7,19,Walmart,510,Little Rock
Men's Street Footwear,5,South,210,1155,2021,8,20,Walmart,624,Little Rock
Men's Athletic Footwear,5,South,152,760,2021,8,20,Walmart,365,Little Rock
Women's Street Footwear,4,South,126,592,2021,8,20,Walmart,308,Little Rock
Women's Athletic Footwear,3,South,104,406,2021,8,20,Walmart,203,Little Rock
Men's Apparel,4,South,113,542,2021,8,20,Walmart,266,Little Rock
Women's Apparel,5,South,143,715,2021,8,20,Walmart,372,Little Rock
Men's Street Footwear,4,South,182,874,2021,9,19,Walmart,454,Little Rock
Men's Athletic Footwear,3,South,126,491,2021,9,19,Walmart,236,Little Rock
Women's Street Footwear,1,South,88,123,2021,9,19,Walmart,64,Little Rock
Women's Athletic Footwear,1,South,88,123,2021,9,19,Walmart,64,Little Rock
Men's Apparel,2,South,94,216,2021,9,19,Walmart,108,Little Rock
Women's Apparel,2,South,119,345,2021,9,19,Walmart,186,Little Rock
Men's Street Footwear,2,South,150,405,2021,10,21,Walmart,203,Little Rock
Men's Athletic Footwear,1,South,106,201,2021,10,21,Walmart,91,Little Rock
Women's Street Footwear,1,South,78,148,2021,10,21,Walmart,74,Little Rock
Women's Athletic Footwear,1,South,72,137,2021,10,21,Walmart,73,Little Rock
Men's Apparel,2,South,83,224,2021,10,21,Walmart,105,Little Rock
Women's Apparel,2,South,104,302,2021,10,21,West Gear,160,Little Rock
Men's Street Footwear,2,South,143,343,2021,11,20,West Gear,172,Little Rock
Men's Athletic Footwear,1,South,94,132,2021,11,20,West Gear,66,Little Rock
Women's Street Footwear,2,South,90,207,2021,11,20,West Gear,106,Little Rock
Women's Athletic Footwear,5,South,109,556,2021,11,20,West Gear,278,Little Rock
Men's Apparel,6,South,91,628,2021,11,20,West Gear,295,Little Rock
Women's Apparel,7,South,117,854,2021,11,20,West Gear,453,Little Rock
Men's Street Footwear,6,South,203,1360,2021,12,19,West Gear,748,Little Rock
Men's Athletic Footwear,5,South,140,756,2021,12,19,West Gear,355,Little Rock
Women's Street Footwear,5,South,126,693,2021,12,19,West Gear,374,Little Rock
Women's Athletic Footwear,5,South,120,684,2021,12,19,West Gear,349,Little Rock
Men's Apparel,6,South,112,717,2021,12,19,West Gear,351,Little Rock
Women's Apparel,7,South,150,1050,2021,12,19,West Gear,536,Little Rock
Men's Street Footwear,2,South,167,401,2021,1,23,West Gear,212,Little Rock
Men's Athletic Footwear,2,South,109,273,2021,1,23,West Gear,123,Little Rock
Women's Street Footwear,1,South,98,147,2021,1,23,West Gear,81,Little Rock
Women's Athletic Footwear,1,South,65,117,2021,1,23,West Gear,64,Little Rock
Men's Apparel,3,South,80,264,2021,1,23,West Gear,132,Little Rock
Women's Apparel,2,South,101,232,2021,1,23,West Gear,121,Little Rock
Men's Street Footwear,2,South,169,406,2021,2,21,West Gear,211,Little Rock
Men's Athletic Footwear,2,South,80,184,2021,2,21,West Gear,85,Little Rock
Women's Street Footwear,1,South,91,137,2021,2,21,West Gear,68,Little Rock
Women's Athletic Footwear,1,South,49,93,2021,2,21,West Gear,47,Oklahoma City
Men's Apparel,3,South,75,255,2021,2,21,West Gear,120,Oklahoma City
Women's Apparel,1,South,98,176,2021,2,21,West Gear,90,Oklahoma City
Men's Street Footwear,1,South,154,293,2021,3,19,West Gear,146,Oklahoma City
Men's Athletic Footwear,1,South,73,139,2021,3,19,West Gear,67,Oklahoma City
Women's Street Footwear,0,South,80,72,2021,3,19,West Gear,36,Oklahoma City
Women's Athletic Footwear,2,South,34,68,2021,3,19,West Gear,34,Oklahoma City
Men's Apparel,3,South,49,167,2021,3,19,West Gear,78,Oklahoma City
Women's Apparel,2,South,69,159,2021,3,19,West Gear,86,Oklahoma City
Men's Street Footwear,2,South,152,365,2021,4,20,West Gear,193,Oklahoma City
Men's Athletic Footwear,2,South,65,150,2021,4,20,West Gear,72,Oklahoma City
Women's Street Footwear,1,South,68,95,2021,4,20,West Gear,50,Oklahoma City
Women's Athletic Footwear,1,South,45,81,2021,4,20,West Gear,43,Oklahoma City
Men's Apparel,3,South,53,201,2021,4,20,West Gear,101,Oklahoma City
Women's Apparel,2,South,94,263,2021,4,20,West Gear,145,Oklahoma City
Men's Street Footwear,3,South,167,601,2021,5,19,West Gear,325,Oklahoma City
Men's Athletic Footwear,3,South,87,339,2021,5,19,West Gear,153,Oklahoma City
Women's Street Footwear,3,South,72,245,2021,5,19,West Gear,127,Oklahoma City
Women's Athletic Footwear,3,South,59,201,2021,5,19,West Gear,110,Oklahoma City
Men's Apparel,4,South,75,323,2021,5,19,West Gear,145,Oklahoma City
Women's Apparel,4,South,98,412,2021,5,19,West Gear,214,Oklahoma City
Men's Street Footwear,3,South,156,593,2021,6,21,West Gear,302,Oklahoma City
Men's Athletic Footwear,3,South,88,290,2021,6,21,West Gear,131,Oklahoma City
Women's Street Footwear,3,South,88,317,2021,6,21,West Gear,165,Oklahoma City
Women's Athletic Footwear,3,South,87,331,2021,6,21,West Gear,165,Oklahoma City
Men's Apparel,5,South,87,444,2021,6,21,West Gear,209,Oklahoma City
Women's Apparel,5,South,124,682,2021,6,21,West Gear,348,Oklahoma City
Men's Street Footwear,5,South,182,910,2021,7,19,West Gear,473,Oklahoma City
Men's Athletic Footwear,4,South,117,527,2021,7,19,West Gear,263,Oklahoma City
Women's Street Footwear,4,South,94,414,2021,7,19,West Gear,223,Oklahoma City
Women's Athletic Footwear,4,South,85,349,2021,7,19,West Gear,185,Oklahoma City
Men's Apparel,5,South,98,578,2021,7,19,West Gear,266,Oklahoma City
Women's Apparel,6,South,142,866,2021,7,19,West Gear,468,Oklahoma City
Men's Street Footwear,5,South,189,1058,2021,8,20,West Gear,540,Oklahoma City
Men's Athletic Footwear,5,South,113,576,2021,8,20,West Gear,271,Oklahoma City
Women's Street Footwear,4,South,113,531,2021,8,20,West Gear,281,Oklahoma City
Women's Athletic Footwear,3,South,88,326,2021,8,20,West Gear,169,Oklahoma City
Men's Apparel,4,South,81,381,2021,8,20,West Gear,171,Oklahoma City
Women's Apparel,5,South,124,620,2021,8,20,West Gear,322,Oklahoma City
Men's Street Footwear,4,South,150,735,2021,9,19,West Gear,397,Oklahoma City
Men's Athletic Footwear,3,South,98,372,2021,9,19,West Gear,168,Oklahoma City
Women's Street Footwear,1,South,69,97,2021,9,19,West Gear,49,Oklahoma City
Women's Athletic Footwear,1,South,63,88,2021,9,19,West Gear,45,Oklahoma City
Men's Apparel,2,South,68,156,2021,9,19,West Gear,70,Oklahoma City
Women's Apparel,2,South,91,255,2021,9,19,West Gear,132,Oklahoma City
Men's Street Footwear,2,South,137,397,2021,10,21,West Gear,215,Oklahoma City
Men's Athletic Footwear,1,South,88,167,2021,10,21,West Gear,77,Oklahoma City
Women's Street Footwear,2,South,56,112,2021,10,21,West Gear,57,Oklahoma City
Women's Athletic Footwear,1,South,52,94,2021,10,21,West Gear,49,Oklahoma City
Men's Apparel,2,South,50,145,2021,10,21,West Gear,70,Oklahoma City
Women's Apparel,2,South,91,264,2021,10,21,Kohl'S,145,Oklahoma City
Men's Street Footwear,2,South,133,306,2021,11,20,Kohl'S,165,Oklahoma City
Men's Athletic Footwear,1,South,78,109,2021,11,20,Kohl'S,51,Oklahoma City
Women's Street Footwear,2,South,74,170,2021,11,20,Kohl'S,92,Oklahoma City
Women's Athletic Footwear,5,South,75,390,2021,11,20,Kohl'S,207,Oklahoma City
Men's Apparel,7,South,77,547,2021,11,20,Kohl'S,268,Oklahoma City
Women's Apparel,7,South,105,756,2021,11,20,Kohl'S,378,Oklahoma City
Men's Street Footwear,6,South,169,1082,2021,12,19,Kohl'S,595,Oklahoma City
Men's Athletic Footwear,5,South,119,690,2021,12,19,Kohl'S,311,Oklahoma City
Women's Street Footwear,5,South,101,556,2021,12,19,Kohl'S,278,Oklahoma City
Women's Athletic Footwear,5,South,94,508,2021,12,19,Kohl'S,269,Oklahoma City
Men's Apparel,6,South,81,559,2021,12,19,Kohl'S,268,Oklahoma City
Women's Apparel,6,South,123,836,2021,12,19,Kohl'S,418,Oklahoma City
Men's Street Footwear,2,South,149,343,2021,1,16,Kohl'S,168,Oklahoma City
Men's Athletic Footwear,2,South,91,209,2021,1,16,Kohl'S,103,Oklahoma City
Women's Street Footwear,1,South,88,123,2021,1,16,Kohl'S,59,Oklahoma City
Women's Athletic Footwear,1,South,56,106,2021,1,16,Kohl'S,52,Oklahoma City
Men's Apparel,3,South,65,215,2021,1,16,Kohl'S,103,Oklahoma City
Women's Apparel,2,South,102,235,2021,1,16,Kohl'S,117,Oklahoma City
Men's Street Footwear,2,South,162,373,2021,2,14,Kohl'S,175,Oklahoma City
Men's Athletic Footwear,2,South,65,150,2021,2,14,Kohl'S,75,Oklahoma City
Women's Street Footwear,1,South,75,105,2021,2,14,Kohl'S,51,Oklahoma City
Women's Athletic Footwear,2,Midwest,42,84,2021,2,14,Kohl'S,38,Wichita
Men's Apparel,3,Midwest,68,218,2021,2,14,Kohl'S,104,Wichita
Women's Apparel,1,Midwest,98,176,2021,2,14,Kohl'S,86,Wichita
Men's Street Footwear,2,Midwest,153,306,2021,3,12,Kohl'S,150,Wichita
Men's Athletic Footwear,1,Midwest,59,112,2021,3,12,Kohl'S,53,Wichita
Women's Street Footwear,0,Midwest,75,68,2021,3,12,Kohl'S,31,Wichita
Women's Athletic Footwear,2,Midwest,26,52,2021,3,12,Kohl'S,25,Wichita
Men's Apparel,3,Midwest,41,131,2021,3,12,Kohl'S,60,Wichita
Women's Apparel,2,Midwest,65,150,2021,3,12,Kohl'S,75,Wichita
Men's Street Footwear,2,Midwest,150,360,2021,4,13,Kohl'S,162,Wichita
Men's Athletic Footwear,2,Midwest,58,145,2021,4,13,Kohl'S,70,Wichita
Women's Street Footwear,1,Midwest,60,84,2021,4,13,Kohl'S,42,Wichita
Women's Athletic Footwear,1,Midwest,35,67,2021,4,13,Kohl'S,30,Wichita
Men's Apparel,3,Midwest,38,148,2021,4,13,Kohl'S,73,Wichita
Women's Apparel,2,Midwest,81,235,2021,4,13,Kohl'S,115,Wichita
Men's Street Footwear,3,Midwest,143,515,2021,5,12,Kohl'S,232,Wichita
Men's Athletic Footwear,3,Midwest,77,300,2021,5,12,Kohl'S,144,Wichita
Women's Street Footwear,3,Midwest,65,208,2021,5,12,Kohl'S,102,Wichita
Women's Athletic Footwear,3,Midwest,58,186,2021,5,12,Kohl'S,93,Wichita
Men's Apparel,4,Midwest,56,241,2021,5,12,Kohl'S,120,Wichita
Women's Apparel,4,Midwest,94,395,2021,5,12,Kohl'S,178,Wichita
Men's Street Footwear,3,Midwest,144,533,2021,6,14,Kohl'S,266,Wichita
Men's Athletic Footwear,3,Midwest,94,301,2021,6,14,Kohl'S,144,Wichita
Women's Street Footwear,3,Midwest,81,300,2021,6,14,Kohl'S,138,Wichita
Women's Athletic Footwear,3,Midwest,80,304,2021,6,14,Kohl'S,137,Wichita
Men's Apparel,5,Midwest,83,448,2021,6,14,Kohl'S,215,Wichita
Women's Apparel,5,Midwest,117,679,2021,6,14,Kohl'S,333,Wichita
Men's Street Footwear,5,Midwest,182,928,2021,7,12,Kohl'S,464,Wichita
Men's Athletic Footwear,4,Midwest,119,583,2021,7,12,Kohl'S,292,Wichita
Women's Street Footwear,4,Midwest,102,428,2021,7,12,Kohl'S,197,Wichita
Women's Athletic Footwear,4,Midwest,75,323,2021,7,12,Kohl'S,158,Wichita
Men's Apparel,5,Midwest,91,510,2021,7,12,Kohl'S,234,Wichita
Women's Apparel,6,Midwest,140,840,2021,7,12,Kohl'S,412,Wichita
Men's Street Footwear,5,Midwest,189,1058,2021,8,13,Kohl'S,529,Wichita
Men's Athletic Footwear,5,Midwest,111,566,2021,8,13,Kohl'S,255,Wichita
Women's Street Footwear,4,Midwest,102,479,2021,8,13,Kohl'S,240,Wichita
Women's Athletic Footwear,3,Midwest,90,333,2021,8,13,Kohl'S,163,Wichita
Men's Apparel,4,Midwest,69,324,2021,8,13,Kohl'S,162,Wichita
Women's Apparel,5,Midwest,113,588,2021,8,13,Kohl'S,294,Wichita
Men's Street Footwear,4,Midwest,165,776,2021,9,12,Kohl'S,388,Wichita
Men's Athletic Footwear,3,Midwest,91,346,2021,9,12,Kohl'S,156,Wichita
Women's Street Footwear,1,Midwest,75,113,2021,9,12,Kohl'S,53,Wichita
Women's Athletic Footwear,1,Midwest,65,91,2021,9,12,Kohl'S,43,Wichita
Men's Apparel,2,Midwest,61,146,2021,9,12,Kohl'S,72,Wichita
Women's Apparel,2,Midwest,94,273,2021,9,12,Kohl'S,134,Wichita
Men's Street Footwear,2,Midwest,145,421,2021,10,14,Kohl'S,193,Wichita
Men's Athletic Footwear,1,Midwest,85,162,2021,10,14,Kohl'S,74,Wichita
Women's Street Footwear,1,Midwest,60,114,2021,10,14,Kohl'S,54,Wichita
Women's Athletic Footwear,1,Midwest,47,89,2021,10,14,Kohl'S,43,Wichita
Men's Apparel,2,Midwest,46,133,2021,10,14,Kohl'S,65,Wichita
Women's Apparel,2,Midwest,90,252,2021,10,14,Foot Locker,121,Wichita
Men's Street Footwear,2,Midwest,122,281,2021,11,13,Foot Locker,132,Wichita
Men's Athletic Footwear,1,Midwest,72,101,2021,11,13,Foot Locker,50,Wichita
Women's Street Footwear,2,Midwest,55,127,2021,11,13,Foot Locker,63,Wichita
Women's Athletic Footwear,5,Midwest,83,448,2021,11,13,Foot Locker,215,Wichita
Men's Apparel,6,Midwest,70,476,2021,11,13,Foot Locker,219,Wichita
Women's Apparel,7,Midwest,88,642,2021,11,13,Foot Locker,296,Wichita
Men's Street Footwear,6,Midwest,150,990,2021,12,12,Foot Locker,495,Wichita
Men's Athletic Footwear,5,Midwest,120,708,2021,12,12,Foot Locker,354,Wichita
Women's Street Footwear,5,Midwest,95,551,2021,12,12,Foot Locker,253,Wichita
Women's Athletic Footwear,5,Midwest,90,531,2021,12,12,Foot Locker,239,Wichita
Men's Apparel,6,Midwest,81,518,2021,12,12,Foot Locker,259,Wichita
Women's Apparel,6,Midwest,112,762,2021,12,12,Foot Locker,350,Wichita
Men's Street Footwear,3,Midwest,138,524,2021,1,12,Foot Locker,257,Wichita
Men's Athletic Footwear,3,Midwest,80,296,2021,1,12,Foot Locker,118,Wichita
Women's Street Footwear,2,Midwest,83,224,2021,1,12,Foot Locker,99,Wichita
Women's Athletic Footwear,3,Midwest,36,122,2021,1,12,Foot Locker,49,Wichita
Men's Apparel,4,Midwest,44,211,2021,1,12,Foot Locker,99,Wichita
Women's Apparel,3,Midwest,72,266,2021,1,12,Foot Locker,147,Wichita
Men's Street Footwear,3,Midwest,158,585,2021,2,12,Foot Locker,292,Wichita
Men's Athletic Footwear,3,Midwest,47,183,2021,2,12,Foot Locker,81,Wichita
Women's Street Footwear,2,Midwest,59,171,2021,2,12,Foot Locker,74,Wichita
Women's Athletic Footwear,3,Midwest,25,83,2021,2,12,Foot Locker,36,Sioux Falls
Men's Apparel,4,Midwest,46,221,2021,2,12,Foot Locker,99,Sioux Falls
Women's Apparel,3,Midwest,80,256,2021,2,12,Foot Locker,141,Sioux Falls
Men's Street Footwear,3,Midwest,124,484,2021,3,11,Foot Locker,237,Sioux Falls
Men's Athletic Footwear,3,Midwest,50,185,2021,3,11,Foot Locker,78,Sioux Falls
Women's Street Footwear,2,Midwest,59,159,2021,3,11,Foot Locker,67,Sioux Falls
Women's Athletic Footwear,3,Midwest,23,76,2021,3,11,Foot Locker,33,Sioux Falls
Men's Apparel,4,Midwest,31,146,2021,3,11,Foot Locker,73,Sioux Falls
Women's Apparel,3,Midwest,59,218,2021,3,11,Foot Locker,116,Sioux Falls
Men's Street Footwear,3,Midwest,113,429,2021,4,12,Foot Locker,198,Sioux Falls
Men's Athletic Footwear,3,Midwest,42,164,2021,4,12,Foot Locker,67,Sioux Falls
Women's Street Footwear,2,Midwest,45,131,2021,4,12,Foot Locker,52,Sioux Falls
Women's Athletic Footwear,3,Midwest,20,68,2021,4,12,Foot Locker,29,Sioux Falls
Men's Apparel,5,Midwest,29,162,2021,4,12,Foot Locker,75,Sioux Falls
Women's Apparel,4,Midwest,61,293,2021,4,12,Foot Locker,155,Sioux Falls
Men's Street Footwear,5,Midwest,139,806,2021,5,13,Foot Locker,379,Sioux Falls
Men's Athletic Footwear,4,Midwest,60,270,2021,5,13,Foot Locker,122,Sioux Falls
Women's Street Footwear,4,Midwest,46,198,2021,5,13,Foot Locker,83,Sioux Falls
Women's Athletic Footwear,4,Midwest,26,112,2021,5,13,Foot Locker,50,Sioux Falls
Men's Apparel,5,Midwest,38,194,2021,5,13,Foot Locker,97,Sioux Falls
Women's Apparel,5,Midwest,68,394,2021,5,13,Foot Locker,201,Sioux Falls
Men's Street Footwear,4,Midwest,135,554,2021,6,12,Foot Locker,255,Sioux Falls
Men's Athletic Footwear,3,Midwest,70,273,2021,6,12,Foot Locker,109,Sioux Falls
Women's Street Footwear,3,Midwest,54,173,2021,6,12,Foot Locker,74,Sioux Falls
Women's Athletic Footwear,3,Midwest,49,157,2021,6,12,Foot Locker,71,Sioux Falls
Men's Apparel,4,Midwest,51,209,2021,6,12,Foot Locker,94,Sioux Falls
Women's Apparel,5,Midwest,94,470,2021,6,12,Foot Locker,249,Sioux Falls
Men's Street Footwear,4,Midwest,154,724,2021,7,11,Foot Locker,333,Sioux Falls
Men's Athletic Footwear,4,Midwest,81,356,2021,7,11,Foot Locker,160,Sioux Falls
Women's Street Footwear,3,Midwest,61,226,2021,7,11,Foot Locker,95,Sioux Falls
Women's Athletic Footwear,3,Midwest,44,167,2021,7,11,Foot Locker,72,Sioux Falls
Men's Apparel,4,Midwest,52,255,2021,7,11,Foot Locker,117,Sioux Falls
Women's Apparel,5,Midwest,94,498,2021,7,11,Foot Locker,264,Sioux Falls
Men's Street Footwear,4,Midwest,131,642,2021,8,12,Foot Locker,308,Sioux Falls
Men's Athletic Footwear,4,Midwest,78,328,2021,8,12,Foot Locker,147,Sioux Falls
Women's Street Footwear,3,Midwest,65,234,2021,8,12,Foot Locker,94,Sioux Falls
Women's Athletic Footwear,3,Midwest,58,220,2021,8,12,Foot Locker,95,Sioux Falls
Men's Apparel,4,Midwest,46,216,2021,8,12,Foot Locker,99,Sioux Falls
Women's Apparel,5,Midwest,88,466,2021,8,12,Foot Locker,233,Sioux Falls
Men's Street Footwear,4,Midwest,138,580,2021,9,13,Foot Locker,261,Sioux Falls
Men's Athletic Footwear,3,Midwest,80,312,2021,9,13,Foot Locker,125,Sioux Falls
Women's Street Footwear,3,Midwest,53,170,2021,9,13,Foot Locker,68,Sioux Falls
Women's Athletic Footwear,3,Midwest,39,133,2021,9,13,Foot Locker,53,Sioux Falls
Men's Apparel,4,Midwest,42,172,2021,9,13,Foot Locker,86,Sioux Falls
Women's Apparel,4,Midwest,65,299,2021,9,13,Foot Locker,150,Sioux Falls
Men's Street Footwear,5,Midwest,104,562,2021,10,12,Foot Locker,258,Sioux Falls
Men's Athletic Footwear,4,Midwest,75,308,2021,10,12,Foot Locker,129,Sioux Falls
Women's Street Footwear,4,Midwest,42,181,2021,10,12,Foot Locker,72,Sioux Falls
Women's Athletic Footwear,4,Midwest,36,155,2021,10,12,Foot Locker,70,Sioux Falls
Men's Apparel,5,Midwest,38,205,2021,10,12,Foot Locker,96,Sioux Falls
Women's Apparel,5,Midwest,70,385,2021,10,12,Sports Direct,212,Sioux Falls
Men's Street Footwear,5,Midwest,104,551,2021,11,12,Sports Direct,270,Sioux Falls
Men's Athletic Footwear,4,Midwest,63,258,2021,11,12,Sports Direct,106,Sioux Falls
Women's Street Footwear,4,Midwest,57,245,2021,11,12,Sports Direct,108,Sioux Falls
Women's Athletic Footwear,4,Midwest,44,189,2021,11,12,Sports Direct,83,Sioux Falls
Men's Apparel,5,Midwest,45,266,2021,11,12,Sports Direct,122,Sioux Falls
Women's Apparel,6,Midwest,65,397,2021,11,12,Sports Direct,198,Sioux Falls
Men's Street Footwear,5,Midwest,140,812,2021,12,11,Sports Direct,374,Sioux Falls
Men's Athletic Footwear,4,Midwest,75,338,2021,12,11,Sports Direct,145,Sioux Falls
Women's Street Footwear,4,Midwest,73,329,2021,12,11,Sports Direct,138,Sioux Falls
Women's Athletic Footwear,4,Midwest,50,225,2021,12,11,Sports Direct,101,Sioux Falls
Men's Apparel,5,Midwest,50,280,2021,12,11,Sports Direct,126,Sioux Falls
Women's Apparel,6,Midwest,75,480,2021,12,11,Sports Direct,250,Sioux Falls
Men's Street Footwear,3,Midwest,128,422,2021,1,9,Sports Direct,190,Sioux Falls
Men's Athletic Footwear,3,Midwest,74,237,2021,1,9,Sports Direct,104,Sioux Falls
Women's Street Footwear,2,Midwest,74,185,2021,1,9,Sports Direct,74,Sioux Falls
Women's Athletic Footwear,2,Midwest,33,92,2021,1,9,Sports Direct,42,Sioux Falls
Men's Apparel,4,Midwest,49,211,2021,1,9,Sports Direct,103,Sioux Falls
Women's Apparel,3,Midwest,72,238,2021,1,9,Sports Direct,121,Sioux Falls
Men's Street Footwear,3,Midwest,152,517,2021,2,9,Sports Direct,233,Sioux Falls
Men's Athletic Footwear,3,Midwest,51,173,2021,2,9,Sports Direct,75,Sioux Falls
Women's Street Footwear,2,Midwest,68,163,2021,2,9,Sports Direct,69,Sioux Falls
Women's Athletic Footwear,2,Midwest,30,87,2021,2,9,Sports Direct,39,Fargo
Men's Apparel,4,Midwest,51,214,2021,2,9,Sports Direct,105,Fargo
Women's Apparel,2,Midwest,69,159,2021,2,9,Sports Direct,81,Fargo
Men's Street Footwear,2,Midwest,134,389,2021,3,8,Sports Direct,183,Fargo
Men's Athletic Footwear,2,Midwest,58,157,2021,3,8,Sports Direct,66,Fargo
Women's Street Footwear,1,Midwest,56,106,2021,3,8,Sports Direct,45,Fargo
Women's Athletic Footwear,2,Midwest,22,55,2021,3,8,Sports Direct,23,Fargo
Men's Apparel,3,Midwest,36,130,2021,3,8,Sports Direct,65,Fargo
Women's Apparel,2,Midwest,63,176,2021,3,8,Sports Direct,92,Fargo
Men's Street Footwear,2,Midwest,113,316,2021,4,9,Sports Direct,155,Fargo
Men's Athletic Footwear,2,Midwest,44,123,2021,4,9,Sports Direct,53,Fargo
Women's Street Footwear,1,Midwest,41,78,2021,4,9,Sports Direct,33,Fargo
Women's Athletic Footwear,2,Midwest,22,53,2021,4,9,Sports Direct,23,Fargo
Men's Apparel,5,Midwest,30,174,2021,4,9,Sports Direct,84,Fargo
Women's Apparel,4,Midwest,68,333,2021,4,9,Sports Direct,177,Fargo
Men's Street Footwear,5,Midwest,129,710,2021,5,10,Sports Direct,341,Fargo
Men's Athletic Footwear,4,Midwest,54,221,2021,5,10,Sports Direct,97,Fargo
Women's Street Footwear,3,Midwest,51,189,2021,5,10,Sports Direct,81,Fargo
Women's Athletic Footwear,3,Midwest,26,94,2021,5,10,Sports Direct,41,Fargo
Men's Apparel,4,Midwest,31,143,2021,5,10,Sports Direct,68,Fargo
Women's Apparel,5,Midwest,75,390,2021,5,10,Sports Direct,199,Fargo
Men's Street Footwear,3,Midwest,125,450,2021,6,9,Sports Direct,203,Fargo
Men's Athletic Footwear,3,Midwest,65,208,2021,6,9,Sports Direct,89,Fargo
Women's Street Footwear,2,Midwest,60,162,2021,6,9,Sports Direct,65,Fargo
Women's Athletic Footwear,2,Midwest,51,148,2021,6,9,Sports Direct,62,Fargo
Men's Apparel,3,Midwest,47,179,2021,6,9,Sports Direct,82,Fargo
Women's Apparel,5,Midwest,91,464,2021,6,9,Sports Direct,251,Fargo
Men's Street Footwear,4,Midwest,160,768,2021,7,8,Sports Direct,376,Fargo
Men's Athletic Footwear,4,Midwest,84,370,2021,7,8,Sports Direct,159,Fargo
Women's Street Footwear,3,Midwest,59,218,2021,7,8,Sports Direct,87,Fargo
Women's Athletic Footwear,3,Midwest,53,201,2021,7,8,Sports Direct,87,Fargo
Men's Apparel,4,Midwest,60,294,2021,7,8,Sports Direct,135,Fargo
Women's Apparel,5,Midwest,98,529,2021,7,8,Sports Direct,286,Fargo
Men's Street Footwear,4,Midwest,147,676,2021,8,9,Sports Direct,331,Fargo
Men's Athletic Footwear,4,Midwest,90,378,2021,8,9,Sports Direct,151,Fargo
Women's Street Footwear,3,Midwest,63,233,2021,8,9,Sports Direct,96,Fargo
Women's Athletic Footwear,3,Midwest,52,198,2021,8,9,Sports Direct,81,Fargo
Men's Apparel,4,Midwest,44,202,2021,8,9,Sports Direct,93,Fargo
Women's Apparel,5,Midwest,95,513,2021,8,9,Sports Direct,272,Fargo
Men's Street Footwear,3,Midwest,133,479,2021,9,10,Sports Direct,239,Fargo
Men's Athletic Footwear,3,Midwest,72,245,2021,9,10,Sports Direct,105,Fargo
Women's Street Footwear,2,Midwest,51,138,2021,9,10,Sports Direct,61,Fargo
Women's Athletic Footwear,2,Midwest,44,123,2021,9,10,Sports Direct,51,Fargo
Men's Apparel,3,Midwest,42,151,2021,9,10,Sports Direct,74,Fargo
Women's Apparel,4,Midwest,63,277,2021,9,10,Sports Direct,152,Fargo
Men's Street Footwear,4,Midwest,116,568,2021,10,9,Sports Direct,267,Fargo
Men's Athletic Footwear,3,Midwest,73,263,2021,10,9,Sports Direct,108,Fargo
Women's Street Footwear,3,Midwest,39,152,2021,10,9,Sports Direct,67,Fargo
Women's Athletic Footwear,3,Midwest,33,125,2021,10,9,Sports Direct,50,Fargo
Men's Apparel,4,Midwest,34,153,2021,10,9,Sports Direct,72,Fargo
Women's Apparel,5,Midwest,73,387,2021,10,9,Foot Locker,205,Fargo
Men's Street Footwear,4,Midwest,120,588,2021,11,9,Foot Locker,294,Fargo
Men's Athletic Footwear,3,Midwest,73,263,2021,11,9,Foot Locker,118,Fargo
Women's Street Footwear,3,Midwest,53,207,2021,11,9,Foot Locker,91,Fargo
Women's Athletic Footwear,3,Midwest,47,183,2021,11,9,Foot Locker,79,Fargo
Men's Apparel,5,Midwest,44,242,2021,11,9,Foot Locker,109,Fargo
Women's Apparel,6,Midwest,65,390,2021,11,9,Foot Locker,199,Fargo
Men's Street Footwear,5,Midwest,150,825,2021,12,8,Foot Locker,380,Fargo
Men's Athletic Footwear,4,Midwest,75,345,2021,12,8,Foot Locker,155,Fargo
Women's Street Footwear,4,Midwest,73,350,2021,12,8,Foot Locker,158,Fargo
Women's Athletic Footwear,4,Midwest,54,254,2021,12,8,Foot Locker,104,Fargo
Men's Apparel,5,Midwest,54,313,2021,12,8,Foot Locker,141,Fargo
Women's Apparel,6,Midwest,78,491,2021,12,8,Foot Locker,260,Fargo
Men's Street Footwear,2,Midwest,113,305,2021,1,6,Foot Locker,137,Fargo
Men's Athletic Footwear,2,Midwest,70,203,2021,1,6,Foot Locker,93,Fargo
Women's Street Footwear,1,Midwest,68,129,2021,1,6,Foot Locker,58,Fargo
Women's Athletic Footwear,2,Midwest,26,62,2021,1,6,Foot Locker,28,Fargo
Men's Apparel,3,Midwest,42,160,2021,1,6,Foot Locker,101,Fargo
Women's Apparel,2,Midwest,75,210,2021,1,6,Foot Locker,109,Fargo
Men's Street Footwear,2,Midwest,145,406,2021,2,6,Foot Locker,179,Fargo
Men's Athletic Footwear,2,Midwest,45,126,2021,2,6,Foot Locker,58,Fargo
Women's Street Footwear,1,Midwest,56,106,2021,2,6,Foot Locker,44,Fargo
Women's Athletic Footwear,2,Midwest,23,58,2021,2,6,Foot Locker,25,Des Moines
Men's Apparel,3,Midwest,38,144,2021,2,6,Foot Locker,94,Des Moines
Women's Apparel,1,Midwest,68,95,2021,2,6,Foot Locker,51,Des Moines
Men's Street Footwear,1,Midwest,136,258,2021,3,5,Foot Locker,103,Des Moines
Men's Athletic Footwear,1,Midwest,47,89,2021,3,5,Foot Locker,40,Des Moines
Women's Street Footwear,0,Midwest,65,59,2021,3,5,Foot Locker,23,Des Moines
Women's Athletic Footwear,1,Midwest,28,39,2021,3,5,Foot Locker,16,Des Moines
Men's Apparel,2,Midwest,39,109,2021,3,5,Foot Locker,70,Des Moines
Women's Apparel,2,Midwest,68,136,2021,3,5,Foot Locker,72,Des Moines
Men's Street Footwear,2,Midwest,124,248,2021,4,6,Foot Locker,112,Des Moines
Men's Athletic Footwear,1,Midwest,49,88,2021,4,6,Foot Locker,43,Des Moines
Women's Street Footwear,1,Midwest,53,53,2021,4,6,Foot Locker,23,Des Moines
Women's Athletic Footwear,1,Midwest,28,42,2021,4,6,Foot Locker,19,Des Moines
Men's Apparel,5,Midwest,34,187,2021,4,6,Foot Locker,114,Des Moines
Women's Apparel,4,Midwest,63,290,2021,4,6,Foot Locker,151,Des Moines
Men's Street Footwear,5,Midwest,146,832,2021,5,7,Foot Locker,350,Des Moines
Men's Athletic Footwear,3,Midwest,63,233,2021,5,7,Foot Locker,107,Des Moines
Women's Street Footwear,3,Midwest,54,178,2021,5,7,Foot Locker,73,Des Moines
Women's Athletic Footwear,3,Midwest,34,112,2021,5,7,Foot Locker,49,Des Moines
Men's Apparel,4,Midwest,42,181,2021,5,7,Foot Locker,117,Des Moines
Women's Apparel,4,Midwest,69,317,2021,5,7,Foot Locker,165,Des Moines
Men's Street Footwear,3,Midwest,137,438,2021,6,6,Foot Locker,184,Des Moines
Men's Athletic Footwear,2,Midwest,77,216,2021,6,6,Foot Locker,103,Des Moines
Women's Street Footwear,2,Midwest,50,115,2021,6,6,Foot Locker,52,Des Moines
Women's Athletic Footwear,2,Midwest,44,106,2021,6,6,Foot Locker,46,Des Moines
Men's Apparel,3,Midwest,44,150,2021,6,6,Foot Locker,96,Des Moines
Women's Apparel,5,Midwest,85,434,2021,6,6,Foot Locker,230,Des Moines
Men's Street Footwear,4,Midwest,138,676,2021,7,5,Foot Locker,298,Des Moines
Men's Athletic Footwear,4,Midwest,87,383,2021,7,5,Foot Locker,188,Des Moines
Women's Street Footwear,3,Midwest,68,245,2021,7,5,Foot Locker,108,Des Moines
Women's Athletic Footwear,3,Midwest,47,174,2021,7,5,Foot Locker,71,Des Moines
Men's Apparel,4,Midwest,60,276,2021,7,5,Foot Locker,166,Des Moines
Women's Apparel,5,Midwest,94,479,2021,7,5,Foot Locker,240,Des Moines
Men's Street Footwear,4,Midwest,131,642,2021,8,6,Foot Locker,270,Des Moines
Men's Athletic Footwear,4,Midwest,78,328,2021,8,6,Foot Locker,151,Des Moines
Women's Street Footwear,3,Midwest,61,238,2021,8,6,Foot Locker,102,Des Moines
Women's Athletic Footwear,3,Midwest,54,200,2021,8,6,Foot Locker,82,Des Moines
Men's Apparel,4,Midwest,51,245,2021,8,6,Foot Locker,147,Des Moines
Women's Apparel,5,Midwest,98,519,2021,8,6,Foot Locker,286,Des Moines
Men's Street Footwear,3,Midwest,133,452,2021,9,7,Foot Locker,181,Des Moines
Men's Athletic Footwear,2,Midwest,77,208,2021,9,7,Foot Locker,98,Des Moines
Women's Street Footwear,2,Midwest,49,118,2021,9,7,Foot Locker,47,Des Moines
Women's Athletic Footwear,2,Midwest,38,87,2021,9,7,Foot Locker,39,Des Moines
Men's Apparel,3,Midwest,45,153,2021,9,7,Foot Locker,93,Des Moines
Women's Apparel,3,Midwest,61,220,2021,9,7,Foot Locker,110,Des Moines
Men's Street Footwear,4,Midwest,112,482,2021,10,6,Foot Locker,197,Des Moines
Men's Athletic Footwear,3,Midwest,75,240,2021,10,6,Foot Locker,110,Des Moines
Women's Street Footwear,3,Midwest,39,133,2021,10,6,Foot Locker,54,Des Moines
Women's Athletic Footwear,3,Midwest,31,105,2021,10,6,Foot Locker,44,Des Moines
Men's Apparel,4,Midwest,38,160,2021,10,6,Foot Locker,102,Des Moines
Women's Apparel,4,Midwest,73,358,2021,10,6,West Gear,190,Des Moines
Men's Street Footwear,4,Midwest,112,459,2021,11,6,West Gear,202,Des Moines
Men's Athletic Footwear,3,Midwest,72,230,2021,11,6,West Gear,113,Des Moines
Women's Street Footwear,3,Midwest,57,182,2021,11,6,West Gear,80,Des Moines
Women's Athletic Footwear,3,Midwest,52,177,2021,11,6,West Gear,72,Des Moines
Men's Apparel,5,Midwest,49,270,2021,11,6,West Gear,162,Des Moines
Women's Apparel,5,Midwest,72,425,2021,11,6,West Gear,221,Des Moines
Men's Street Footwear,5,Midwest,147,794,2021,12,5,West Gear,333,Des Moines
Men's Athletic Footwear,4,Midwest,91,428,2021,12,5,West Gear,201,Des Moines
Women's Street Footwear,4,Midwest,83,390,2021,12,5,West Gear,164,Des Moines
Women's Athletic Footwear,4,Midwest,61,299,2021,12,5,West Gear,129,Des Moines
Men's Apparel,5,Midwest,59,348,2021,12,5,West Gear,212,Des Moines
Women's Apparel,5,Midwest,88,519,2021,12,5,West Gear,286,Des Moines
Men's Street Footwear,2,Midwest,126,353,2021,1,3,West Gear,159,Des Moines
Men's Athletic Footwear,2,Midwest,70,203,2021,1,3,West Gear,93,Des Moines
Women's Street Footwear,1,Midwest,65,117,2021,1,3,West Gear,48,Des Moines
Women's Athletic Footwear,2,Midwest,29,67,2021,1,3,West Gear,30,Des Moines
Men's Apparel,3,Midwest,45,171,2021,1,3,West Gear,106,Des Moines
Women's Apparel,2,Midwest,73,204,2021,1,3,West Gear,112,Des Moines
Men's Street Footwear,2,Midwest,140,406,2021,2,3,West Gear,166,Des Moines
Men's Athletic Footwear,2,Midwest,39,113,2021,2,3,West Gear,55,Des Moines
Women's Street Footwear,2,Midwest,60,120,2021,2,3,West Gear,52,Des Moines
Women's Athletic Footwear,2,Midwest,20,46,2021,2,3,West Gear,20,Milwaukee
Men's Apparel,3,Midwest,38,144,2021,2,3,West Gear,88,Milwaukee
Women's Apparel,1,Midwest,65,91,2021,2,3,West Gear,46,Milwaukee
Men's Street Footwear,1,Midwest,141,268,2021,3,2,West Gear,110,Milwaukee
Men's Athletic Footwear,1,Midwest,44,84,2021,3,2,West Gear,42,Milwaukee
Women's Street Footwear,0,Midwest,59,53,2021,3,2,West Gear,23,Milwaukee
Women's Athletic Footwear,1,Midwest,20,28,2021,3,2,West Gear,11,Milwaukee
Men's Apparel,2,Midwest,34,99,2021,3,2,West Gear,60,Milwaukee
Women's Apparel,1,Midwest,63,113,2021,3,2,West Gear,61,Milwaukee
Men's Street Footwear,1,Midwest,122,220,2021,4,3,West Gear,90,Milwaukee
Men's Athletic Footwear,2,Midwest,39,78,2021,4,3,West Gear,36,Milwaukee
Women's Street Footwear,0,Midwest,41,37,2021,4,3,West Gear,16,Milwaukee
Women's Athletic Footwear,1,Midwest,22,33,2021,4,3,West Gear,14,Milwaukee
Men's Apparel,5,Midwest,26,143,2021,4,3,West Gear,89,Milwaukee
Women's Apparel,4,Midwest,61,299,2021,4,3,West Gear,164,Milwaukee
Men's Street Footwear,5,Midwest,134,777,2021,5,4,West Gear,319,Milwaukee
Men's Athletic Footwear,3,Midwest,50,195,2021,5,4,West Gear,96,Milwaukee
Women's Street Footwear,3,Midwest,49,162,2021,5,4,West Gear,73,Milwaukee
Women's Athletic Footwear,3,Midwest,38,122,2021,5,4,West Gear,54,Milwaukee
Men's Apparel,4,Midwest,53,233,2021,5,4,West Gear,142,Milwaukee
Women's Apparel,4,Midwest,90,423,2021,5,4,West Gear,216,Milwaukee
Men's Street Footwear,3,Midwest,160,512,2021,6,3,West Gear,225,Milwaukee
Men's Athletic Footwear,2,Midwest,90,243,2021,6,3,West Gear,119,Milwaukee
Women's Street Footwear,2,Midwest,52,125,2021,6,3,West Gear,55,Milwaukee
Women's Athletic Footwear,2,Midwest,47,113,2021,6,3,West Gear,46,Milwaukee
Men's Apparel,3,Midwest,46,156,2021,6,3,West Gear,94,Milwaukee
Women's Apparel,5,Midwest,98,500,2021,6,3,West Gear,275,Milwaukee
Men's Street Footwear,4,Midwest,149,671,2021,7,2,West Gear,282,Milwaukee
Men's Athletic Footwear,4,Midwest,87,365,2021,7,2,West Gear,179,Milwaukee
Women's Street Footwear,3,Midwest,61,232,2021,7,2,West Gear,100,Milwaukee
Women's Athletic Footwear,3,Midwest,51,194,2021,7,2,West Gear,81,Milwaukee
Men's Apparel,4,Midwest,50,240,2021,7,2,West Gear,149,Milwaukee
Women's Apparel,5,Midwest,94,489,2021,7,2,West Gear,264,Milwaukee
Men's Street Footwear,4,Midwest,158,727,2021,8,3,West Gear,305,Milwaukee
Men's Athletic Footwear,4,Midwest,84,361,2021,8,3,West Gear,170,Milwaukee
Women's Street Footwear,3,Midwest,56,218,2021,8,3,West Gear,87,Milwaukee
Women's Athletic Footwear,3,Midwest,50,195,2021,8,3,West Gear,88,Milwaukee
Men's Apparel,4,Midwest,46,221,2021,8,3,West Gear,144,Milwaukee
Women's Apparel,5,Midwest,102,530,2021,8,3,West Gear,271,Milwaukee
Men's Street Footwear,3,Midwest,143,472,2021,9,4,West Gear,193,Milwaukee
Men's Athletic Footwear,2,Midwest,65,189,2021,9,4,West Gear,85,Milwaukee
Women's Street Footwear,2,Midwest,44,106,2021,9,4,West Gear,48,Milwaukee
Women's Athletic Footwear,2,Midwest,34,78,2021,9,4,West Gear,35,Milwaukee
Men's Apparel,3,Midwest,33,109,2021,9,4,West Gear,71,Milwaukee
Women's Apparel,3,Midwest,52,198,2021,9,4,West Gear,99,Milwaukee
Men's Street Footwear,4,Midwest,113,486,2021,10,3,West Gear,204,Milwaukee
Men's Athletic Footwear,3,Midwest,68,224,2021,10,3,West Gear,108,Milwaukee
Women's Street Footwear,3,Midwest,33,112,2021,10,3,West Gear,48,Milwaukee
Women's Athletic Footwear,3,Midwest,33,106,2021,10,3,West Gear,43,Milwaukee
Men's Apparel,4,Midwest,33,145,2021,10,3,West Gear,91,Milwaukee
Women's Apparel,4,Midwest,65,299,2021,10,3,West Gear,152,Milwaukee
Men's Street Footwear,4,Midwest,104,426,2021,11,3,West Gear,183,Milwaukee
Men's Athletic Footwear,3,Midwest,78,250,2021,11,3,West Gear,117,Milwaukee
Women's Street Footwear,3,Midwest,69,228,2021,11,3,West Gear,96,Milwaukee
Women's Athletic Footwear,3,Midwest,65,215,2021,11,3,West Gear,97,Milwaukee
Men's Apparel,5,Midwest,56,325,2021,11,3,West Gear,201,Milwaukee
Women's Apparel,6,Midwest,75,458,2021,11,3,West Gear,233,Milwaukee
Men's Street Footwear,5,Midwest,138,800,2021,12,2,West Gear,328,Milwaukee
Men's Athletic Footwear,4,Midwest,102,500,2021,12,2,West Gear,235,Milwaukee
Women's Street Footwear,4,Midwest,87,392,2021,12,2,West Gear,172,Milwaukee
Women's Athletic Footwear,4,Midwest,73,350,2021,12,2,West Gear,158,Milwaukee
Men's Apparel,5,Midwest,73,416,2021,12,2,West Gear,250,Milwaukee
Women's Apparel,5,Midwest,88,519,2021,12,2,West Gear,270,Milwaukee
Men's Street Footwear,3,Midwest,140,448,2021,1,10,West Gear,233,Milwaukee
Men's Athletic Footwear,3,Midwest,78,250,2021,1,10,West Gear,127,Milwaukee
Women's Street Footwear,2,Midwest,87,209,2021,1,10,West Gear,94,Milwaukee
Women's Athletic Footwear,2,Midwest,44,123,2021,1,10,West Gear,59,Milwaukee
Men's Apparel,4,Midwest,58,238,2021,1,10,West Gear,105,Milwaukee
Women's Apparel,3,Midwest,84,269,2021,1,10,West Gear,134,Milwaukee
Men's Street Footwear,3,Midwest,160,544,2021,2,10,West Gear,299,Milwaukee
Men's Athletic Footwear,3,Midwest,52,177,2021,2,10,West Gear,90,Milwaukee
Women's Street Footwear,2,Midwest,73,175,2021,2,10,West Gear,88,Milwaukee
Women's Athletic Footwear,2,Midwest,36,104,2021,2,10,West Gear,49,Indianapolis
Men's Apparel,4,Midwest,58,238,2021,2,10,West Gear,105,Indianapolis
Women's Apparel,1,Midwest,75,143,2021,2,10,West Gear,73,Indianapolis
Men's Street Footwear,2,Midwest,151,347,2021,3,9,West Gear,177,Indianapolis
Men's Athletic Footwear,2,Midwest,61,140,2021,3,9,West Gear,77,Indianapolis
Women's Street Footwear,1,Midwest,72,101,2021,3,9,West Gear,50,Indianapolis
Women's Athletic Footwear,1,Midwest,31,59,2021,3,9,West Gear,27,Indianapolis
Men's Apparel,3,Midwest,44,141,2021,3,9,West Gear,61,Indianapolis
Women's Apparel,2,Midwest,74,178,2021,3,9,West Gear,92,Indianapolis
Men's Street Footwear,2,Midwest,125,288,2021,4,10,West Gear,158,Indianapolis
Men's Athletic Footwear,2,Midwest,54,124,2021,4,10,West Gear,65,Indianapolis
Women's Street Footwear,1,Midwest,52,73,2021,4,10,West Gear,36,Indianapolis
Women's Athletic Footwear,1,Midwest,36,68,2021,4,10,West Gear,33,Indianapolis
Men's Apparel,6,Midwest,45,275,2021,4,10,West Gear,121,Indianapolis
Women's Apparel,4,Midwest,72,338,2021,4,10,West Gear,186,Indianapolis
Men's Street Footwear,5,Midwest,164,886,2021,5,11,West Gear,443,Indianapolis
Men's Athletic Footwear,3,Midwest,73,270,2021,5,11,West Gear,149,Indianapolis
Women's Street Footwear,3,Midwest,56,190,2021,5,11,West Gear,89,Indianapolis
Women's Athletic Footwear,3,Midwest,49,167,2021,5,11,West Gear,82,Indianapolis
Men's Apparel,4,Midwest,58,255,2021,5,11,West Gear,115,Indianapolis
Women's Apparel,5,Midwest,91,482,2021,5,11,West Gear,251,Indianapolis
Men's Street Footwear,3,Midwest,155,558,2021,6,10,West Gear,307,Indianapolis
Men's Athletic Footwear,3,Midwest,94,301,2021,6,10,West Gear,159,Indianapolis
Women's Street Footwear,2,Midwest,50,135,2021,6,10,West Gear,61,Indianapolis
Women's Athletic Footwear,2,Midwest,46,133,2021,6,10,West Gear,63,Indianapolis
Men's Apparel,3,Midwest,53,191,2021,6,10,West Gear,86,Indianapolis
Women's Apparel,5,Midwest,91,510,2021,6,10,West Gear,260,Indianapolis
Men's Street Footwear,5,Midwest,149,760,2021,7,9,West Gear,403,Indianapolis
Men's Athletic Footwear,4,Midwest,84,412,2021,7,9,West Gear,206,Indianapolis
Women's Street Footwear,4,Midwest,68,286,2021,7,9,West Gear,129,Indianapolis
Women's Athletic Footwear,4,Midwest,49,206,2021,7,9,West Gear,97,Indianapolis
Men's Apparel,5,Midwest,50,255,2021,7,9,West Gear,107,Indianapolis
Women's Apparel,5,Midwest,101,545,2021,7,9,West Gear,278,Indianapolis
Men's Street Footwear,4,Midwest,152,714,2021,8,10,West Gear,393,Indianapolis
Men's Athletic Footwear,4,Midwest,87,357,2021,8,10,West Gear,193,Indianapolis
Women's Street Footwear,3,Midwest,56,207,2021,8,10,West Gear,97,Indianapolis
Women's Athletic Footwear,3,Midwest,60,228,2021,8,10,West Gear,107,Indianapolis
Men's Apparel,4,Midwest,53,249,2021,8,10,West Gear,112,Indianapolis
Women's Apparel,5,Midwest,91,491,2021,8,10,West Gear,260,Indianapolis
Men's Street Footwear,3,Midwest,133,439,2021,9,11,West Gear,237,Indianapolis
Men's Athletic Footwear,2,Midwest,74,215,2021,9,11,West Gear,107,Indianapolis
Women's Street Footwear,2,Midwest,49,113,2021,9,11,West Gear,53,Indianapolis
Women's Athletic Footwear,2,Midwest,41,98,2021,9,11,West Gear,46,Indianapolis
Men's Apparel,3,Midwest,42,139,2021,9,11,West Gear,55,Indianapolis
Women's Apparel,3,Midwest,68,245,2021,9,11,West Gear,127,Indianapolis
Men's Street Footwear,4,Midwest,116,476,2021,10,10,West Gear,252,Indianapolis
Men's Athletic Footwear,3,Midwest,65,208,2021,10,10,West Gear,114,Indianapolis
Women's Street Footwear,3,Midwest,38,122,2021,10,10,West Gear,57,Indianapolis
Women's Athletic Footwear,3,Midwest,44,145,2021,10,10,West Gear,67,Indianapolis
Men's Apparel,4,Midwest,38,156,2021,10,10,West Gear,69,Indianapolis
Women's Apparel,4,Midwest,83,398,2021,10,10,West Gear,211,Indianapolis
Men's Street Footwear,4,Midwest,123,504,2021,11,10,West Gear,257,Indianapolis
Men's Athletic Footwear,3,Midwest,98,323,2021,11,10,West Gear,178,Indianapolis
Women's Street Footwear,3,Midwest,81,259,2021,11,10,West Gear,124,Indianapolis
Women's Athletic Footwear,3,Midwest,83,282,2021,11,10,West Gear,141,Indianapolis
Men's Apparel,5,Midwest,75,413,2021,11,10,West Gear,165,Indianapolis
Women's Apparel,6,Midwest,91,555,2021,11,10,West Gear,300,Indianapolis
Men's Street Footwear,5,Midwest,150,870,2021,12,9,West Gear,444,Indianapolis
Men's Athletic Footwear,4,Midwest,108,529,2021,12,9,West Gear,291,Indianapolis
Women's Street Footwear,4,Midwest,105,515,2021,12,9,West Gear,237,Indianapolis
Women's Athletic Footwear,4,Midwest,87,392,2021,12,9,West Gear,196,Indianapolis
Men's Apparel,5,Midwest,84,454,2021,12,9,West Gear,195,Indianapolis
Women's Apparel,6,Midwest,120,744,2021,12,9,West Gear,372,Indianapolis
Men's Street Footwear,3,Midwest,125,400,2021,1,17,West Gear,208,Indianapolis
Men's Athletic Footwear,3,Midwest,75,240,2021,1,17,West Gear,132,Indianapolis
Women's Street Footwear,2,Midwest,87,218,2021,1,17,West Gear,120,Indianapolis
Women's Athletic Footwear,2,Midwest,45,131,2021,1,17,West Gear,70,Indianapolis
Men's Apparel,4,Midwest,54,221,2021,1,17,West Gear,113,Indianapolis
Women's Apparel,3,Midwest,75,255,2021,1,17,West Gear,128,Indianapolis
Men's Street Footwear,3,Midwest,149,492,2021,2,17,West Gear,266,Indianapolis
Men's Athletic Footwear,3,Midwest,50,190,2021,2,17,West Gear,105,Indianapolis
Women's Street Footwear,2,Midwest,75,203,2021,2,17,West Gear,103,Indianapolis
Women's Athletic Footwear,3,Northeast,49,167,2021,2,17,West Gear,88,Charleston
Men's Apparel,4,Northeast,65,312,2021,2,17,West Gear,165,Charleston
Women's Apparel,2,Northeast,105,252,2021,2,17,West Gear,136,Charleston
Men's Street Footwear,2,Northeast,165,462,2021,3,16,West Gear,236,Charleston
Men's Athletic Footwear,2,Northeast,69,186,2021,3,16,West Gear,101,Charleston
Women's Street Footwear,1,Northeast,91,173,2021,3,16,West Gear,93,Charleston
Women's Athletic Footwear,2,Northeast,49,113,2021,3,16,West Gear,60,Charleston
Men's Apparel,3,Northeast,59,218,2021,3,16,West Gear,109,Charleston
Women's Apparel,2,Northeast,81,235,2021,3,16,West Gear,127,Charleston
Men's Street Footwear,2,Northeast,143,386,2021,4,17,West Gear,197,Charleston
Men's Athletic Footwear,2,Northeast,75,210,2021,4,17,West Gear,116,Charleston
Women's Street Footwear,1,Northeast,68,129,2021,4,17,West Gear,70,Charleston
Women's Athletic Footwear,2,Northeast,47,118,2021,4,17,West Gear,61,Charleston
Men's Apparel,6,Northeast,56,336,2021,4,17,West Gear,185,Charleston
Women's Apparel,4,Northeast,94,442,2021,4,17,West Gear,225,Charleston
Men's Street Footwear,5,Northeast,179,1038,2021,5,18,West Gear,540,Charleston
Men's Athletic Footwear,3,Northeast,87,322,2021,5,18,West Gear,164,Charleston
Women's Street Footwear,3,Northeast,77,246,2021,5,18,West Gear,136,Charleston
Women's Athletic Footwear,3,Northeast,50,165,2021,5,18,West Gear,91,Charleston
Men's Apparel,4,Northeast,68,286,2021,5,18,West Gear,154,Charleston
Women's Apparel,5,Northeast,95,494,2021,5,18,West Gear,272,Charleston
Men's Street Footwear,4,Northeast,150,645,2021,6,17,West Gear,335,Charleston
Men's Athletic Footwear,3,Northeast,119,440,2021,6,17,West Gear,220,Charleston
Women's Street Footwear,3,Northeast,81,267,2021,6,17,West Gear,144,Charleston
Women's Athletic Footwear,3,Northeast,69,228,2021,6,17,West Gear,118,Charleston
Men's Apparel,4,Northeast,74,303,2021,6,17,West Gear,167,Charleston
Women's Apparel,5,Northeast,115,679,2021,6,17,West Gear,353,Charleston
Men's Street Footwear,5,Northeast,182,1001,2021,7,16,West Gear,521,Charleston
Men's Athletic Footwear,5,Northeast,116,580,2021,7,16,West Gear,307,Charleston
Women's Street Footwear,4,Northeast,98,480,2021,7,16,West Gear,255,Charleston
Women's Athletic Footwear,4,Northeast,77,370,2021,7,16,West Gear,188,Charleston
Men's Apparel,5,Northeast,87,470,2021,7,16,West Gear,254,Charleston
Women's Apparel,6,Northeast,133,838,2021,7,16,West Gear,452,Charleston
Men's Street Footwear,4,Northeast,131,603,2021,8,17,West Gear,313,Charleston
Men's Athletic Footwear,4,Northeast,90,378,2021,8,17,West Gear,208,Charleston
Women's Street Footwear,3,Northeast,87,331,2021,8,17,West Gear,172,Charleston
Women's Athletic Footwear,3,Northeast,72,259,2021,8,17,West Gear,132,Charleston
Men's Apparel,4,Northeast,68,333,2021,8,17,West Gear,180,Charleston
Women's Apparel,5,Northeast,115,621,2021,8,17,West Gear,335,Charleston
Men's Street Footwear,3,Northeast,154,524,2021,9,18,West Gear,267,Charleston
Men's Athletic Footwear,2,Northeast,91,264,2021,9,18,West Gear,140,Charleston
Women's Street Footwear,2,Northeast,68,163,2021,9,18,West Gear,88,Charleston
Women's Athletic Footwear,2,Northeast,59,136,2021,9,18,West Gear,68,Charleston
Men's Apparel,3,Northeast,61,195,2021,9,18,West Gear,102,Charleston
Women's Apparel,3,Northeast,75,270,2021,9,18,West Gear,138,Charleston
Men's Street Footwear,4,Northeast,115,472,2021,10,17,West Gear,255,Charleston
Men's Athletic Footwear,3,Northeast,80,256,2021,10,17,West Gear,133,Charleston
Women's Street Footwear,3,Northeast,44,145,2021,10,17,West Gear,77,Charleston
Women's Athletic Footwear,3,Northeast,47,150,2021,10,17,West Gear,80,Charleston
Men's Apparel,4,Northeast,53,217,2021,10,17,West Gear,120,Charleston
Women's Apparel,4,Northeast,84,395,2021,10,17,Foot Locker,197,Charleston
Men's Street Footwear,4,Northeast,117,515,2021,11,17,Foot Locker,268,Charleston
Men's Athletic Footwear,3,Northeast,95,314,2021,11,17,Foot Locker,166,Charleston
Women's Street Footwear,3,Northeast,77,246,2021,11,17,Foot Locker,123,Charleston
Women's Athletic Footwear,3,Northeast,91,346,2021,11,17,Foot Locker,190,Charleston
Men's Apparel,6,Northeast,78,484,2021,11,17,Foot Locker,256,Charleston
Women's Apparel,6,Northeast,100,640,2021,11,17,Foot Locker,326,Charleston
Men's Street Footwear,6,Northeast,176,1056,2021,12,16,Foot Locker,549,Charleston
Men's Athletic Footwear,5,Northeast,135,702,2021,12,16,Foot Locker,365,Charleston
Women's Street Footwear,5,Northeast,112,560,2021,12,16,West Gear,297,Charleston
Women's Athletic Footwear,5,Northeast,102,541,2021,12,16,Foot Locker,276,Charleston
Men's Apparel,6,Northeast,95,580,2021,12,16,Foot Locker,290,Charleston
Women's Apparel,6,Northeast,122,830,2021,12,16,Foot Locker,456,Charleston
Men's Street Footwear,3,Northeast,106,350,2021,1,24,Foot Locker,175,Charleston
Men's Athletic Footwear,3,Northeast,68,231,2021,1,24,Foot Locker,109,Charleston
Women's Street Footwear,2,Northeast,63,151,2021,1,24,Foot Locker,70,Charleston
Women's Athletic Footwear,2,Northeast,20,56,2021,1,24,Foot Locker,28,Charleston
Men's Apparel,4,Northeast,33,139,2021,1,24,Foot Locker,60,Charleston
Women's Apparel,3,Northeast,59,195,2021,1,24,Foot Locker,78,Charleston
Men's Street Footwear,3,Northeast,138,442,2021,2,22,Foot Locker,234,Charleston
Men's Athletic Footwear,3,Northeast,38,129,2021,2,22,West Gear,59,Charleston
Women's Street Footwear,2,Northeast,46,110,2021,2,22,West Gear,52,Charleston
Women's Athletic Footwear,2,Northeast,14,39,2021,2,22,West Gear,20,Baltimore
Men's Apparel,4,Northeast,31,127,2021,2,22,West Gear,57,Baltimore
Women's Apparel,3,Northeast,63,214,2021,2,22,West Gear,92,Baltimore
Men's Street Footwear,3,Northeast,125,400,2021,3,20,West Gear,212,Baltimore
Men's Athletic Footwear,3,Northeast,39,133,2021,3,20,West Gear,62,Baltimore
Women's Street Footwear,2,Northeast,53,127,2021,3,20,West Gear,62,Baltimore
Women's Athletic Footwear,2,Northeast,7,20,2021,3,20,West Gear,9,Baltimore
Men's Apparel,4,Northeast,22,95,2021,3,20,West Gear,41,Baltimore
Women's Apparel,3,Northeast,49,162,2021,3,20,West Gear,73,Baltimore
Men's Street Footwear,3,Northeast,128,422,2021,4,21,West Gear,215,Baltimore
Men's Athletic Footwear,3,Northeast,31,99,2021,4,21,West Gear,47,Baltimore
Women's Street Footwear,2,Northeast,33,79,2021,4,21,West Gear,39,Baltimore
Women's Athletic Footwear,2,Northeast,13,35,2021,4,21,West Gear,16,Baltimore
Men's Apparel,4,Northeast,15,62,2021,4,21,West Gear,28,Baltimore
Women's Apparel,3,Northeast,52,166,2021,4,21,West Gear,73,Baltimore
Men's Street Footwear,4,Northeast,118,578,2021,5,20,West Gear,301,Baltimore
Men's Athletic Footwear,4,Northeast,47,197,2021,5,20,West Gear,91,Baltimore
Women's Street Footwear,3,Northeast,38,137,2021,5,20,West Gear,66,Baltimore
Women's Athletic Footwear,3,Northeast,30,111,2021,5,20,West Gear,53,Baltimore
Men's Apparel,4,Northeast,36,176,2021,5,20,West Gear,74,Baltimore
Women's Apparel,5,Northeast,63,328,2021,5,20,West Gear,134,Baltimore
Men's Street Footwear,4,Northeast,125,588,2021,6,22,West Gear,294,Baltimore
Men's Athletic Footwear,4,Northeast,75,308,2021,6,22,West Gear,145,Baltimore
Women's Street Footwear,3,Northeast,47,174,2021,6,22,Foot Locker,87,Baltimore
Women's Athletic Footwear,3,Northeast,44,163,2021,6,22,Foot Locker,81,Baltimore
Men's Apparel,4,Northeast,42,206,2021,6,22,Foot Locker,91,Baltimore
Women's Apparel,5,Northeast,84,445,2021,6,22,Foot Locker,200,Baltimore
Men's Street Footwear,4,Northeast,131,642,2021,7,20,Foot Locker,334,Baltimore
Men's Athletic Footwear,4,Northeast,72,302,2021,7,20,Sports Direct,145,Baltimore
Women's Street Footwear,3,Northeast,60,222,2021,7,20,Sports Direct,109,Baltimore
Women's Athletic Footwear,3,Northeast,45,162,2021,7,20,Sports Direct,76,Baltimore
Men's Apparel,4,Northeast,51,235,2021,7,20,Sports Direct,106,Baltimore
Women's Apparel,5,Northeast,102,551,2021,7,20,Sports Direct,231,Baltimore
Men's Street Footwear,4,Northeast,135,648,2021,8,21,Sports Direct,343,Baltimore
Men's Athletic Footwear,4,Northeast,83,340,2021,8,21,Sports Direct,170,Baltimore
Women's Street Footwear,3,Northeast,60,234,2021,8,21,Sports Direct,117,Baltimore
Women's Athletic Footwear,3,Northeast,44,163,2021,8,21,Sports Direct,75,Baltimore
Men's Apparel,4,Northeast,38,179,2021,8,21,Sports Direct,80,Baltimore
Women's Apparel,5,Northeast,81,429,2021,8,21,Sports Direct,185,Baltimore
Men's Street Footwear,4,Northeast,128,627,2021,9,20,Sports Direct,320,Baltimore
Men's Athletic Footwear,4,Northeast,63,277,2021,9,20,Sports Direct,125,Baltimore
Women's Street Footwear,3,Northeast,36,137,2021,9,20,Sports Direct,68,Baltimore
Women's Athletic Footwear,3,Northeast,25,90,2021,9,20,Sports Direct,41,Baltimore
Men's Apparel,4,Northeast,30,144,2021,9,20,Sports Direct,62,Baltimore
Women's Apparel,5,Northeast,50,270,2021,9,20,Sports Direct,108,Baltimore
Men's Street Footwear,5,Northeast,113,588,2021,10,22,Sports Direct,317,Baltimore
Men's Athletic Footwear,4,Northeast,58,278,2021,10,22,Sports Direct,128,Baltimore
Women's Street Footwear,4,Northeast,25,123,2021,10,22,Sports Direct,56,Baltimore
Women's Athletic Footwear,4,Northeast,21,103,2021,10,22,Foot Locker,51,Baltimore
Men's Apparel,5,Northeast,20,112,2021,10,22,Foot Locker,45,Baltimore
Women's Apparel,6,Northeast,52,312,2021,10,22,Foot Locker,125,Baltimore
Men's Street Footwear,5,Northeast,88,510,2021,11,21,Foot Locker,281,Baltimore
Men's Athletic Footwear,4,Northeast,51,230,2021,11,21,Foot Locker,108,Baltimore
Women's Street Footwear,4,Northeast,48,235,2021,11,21,Foot Locker,118,Baltimore
Women's Athletic Footwear,4,Northeast,41,197,2021,11,21,Foot Locker,91,Baltimore
Men's Apparel,5,Northeast,31,174,2021,11,21,Foot Locker,76,Baltimore
Women's Apparel,6,Northeast,63,391,2021,11,21,Foot Locker,168,Baltimore
Men's Street Footwear,5,Northeast,122,695,2021,12,20,Foot Locker,348,Baltimore
Men's Athletic Footwear,4,Northeast,65,299,2021,12,20,Foot Locker,150,Baltimore
Women's Street Footwear,4,Northeast,65,293,2021,12,20,Foot Locker,137,Baltimore
Women's Athletic Footwear,4,Northeast,44,216,2021,12,20,Foot Locker,101,Baltimore
Men's Apparel,5,Northeast,51,275,2021,12,20,Foot Locker,113,Baltimore
Women's Apparel,6,Northeast,72,439,2021,12,20,Foot Locker,184,Baltimore
Men's Street Footwear,3,Northeast,137,493,2021,1,17,Foot Locker,222,Baltimore
Men's Athletic Footwear,3,Northeast,81,308,2021,1,17,Foot Locker,154,Baltimore
Women's Street Footwear,2,Northeast,91,264,2021,1,17,Foot Locker,140,Baltimore
Women's Athletic Footwear,3,Northeast,47,150,2021,1,17,Foot Locker,83,Baltimore
Men's Apparel,4,Northeast,59,289,2021,1,17,Foot Locker,121,Baltimore
Women's Apparel,3,Northeast,81,292,2021,1,17,Foot Locker,149,Baltimore
Men's Street Footwear,3,Northeast,144,562,2021,2,15,Foot Locker,281,Baltimore
Men's Athletic Footwear,3,Northeast,61,226,2021,2,15,Foot Locker,104,Baltimore
Women's Street Footwear,2,Northeast,69,186,2021,2,15,Foot Locker,95,Baltimore
Women's Athletic Footwear,3,Northeast,45,149,2021,2,15,Foot Locker,82,Wilmington
Men's Apparel,4,Northeast,65,293,2021,2,15,Foot Locker,120,Wilmington
Women's Apparel,3,Northeast,98,382,2021,2,15,Foot Locker,203,Wilmington
Men's Street Footwear,3,Northeast,158,569,2021,3,13,Foot Locker,262,Wilmington
Men's Athletic Footwear,3,Northeast,68,265,2021,3,13,Foot Locker,119,Wilmington
Women's Street Footwear,2,Northeast,69,200,2021,3,13,Foot Locker,108,Wilmington
Women's Athletic Footwear,3,Northeast,31,99,2021,3,13,Foot Locker,53,Wilmington
Men's Apparel,4,Northeast,49,225,2021,3,13,Foot Locker,92,Wilmington
Women's Apparel,3,Northeast,72,281,2021,3,13,Foot Locker,140,Wilmington
Men's Street Footwear,3,Northeast,131,472,2021,4,14,Foot Locker,236,Wilmington
Men's Athletic Footwear,3,Northeast,61,232,2021,4,14,Foot Locker,109,Wilmington
Women's Street Footwear,2,Northeast,59,159,2021,4,14,Foot Locker,88,Wilmington
Women's Athletic Footwear,3,Northeast,44,141,2021,4,14,Foot Locker,72,Wilmington
Men's Apparel,4,Northeast,45,212,2021,4,14,Foot Locker,95,Wilmington
Women's Apparel,3,Northeast,78,296,2021,4,14,Foot Locker,160,Wilmington
Men's Street Footwear,5,Northeast,160,816,2021,5,13,Foot Locker,392,Wilmington
Men's Athletic Footwear,4,Northeast,69,324,2021,5,13,Foot Locker,146,Wilmington
Women's Street Footwear,4,Northeast,81,332,2021,5,13,Foot Locker,173,Wilmington
Women's Athletic Footwear,4,Northeast,65,267,2021,5,13,Foot Locker,139,Wilmington
Men's Apparel,5,Northeast,74,370,2021,5,13,Foot Locker,155,Wilmington
Women's Apparel,5,Northeast,104,562,2021,5,13,Foot Locker,309,Wilmington
Men's Street Footwear,5,Northeast,189,964,2021,6,15,Foot Locker,443,Wilmington
Men's Athletic Footwear,4,Northeast,120,576,2021,6,15,Foot Locker,259,Wilmington
Women's Street Footwear,4,Northeast,85,366,2021,6,15,Foot Locker,194,Wilmington
Women's Athletic Footwear,4,Northeast,75,308,2021,6,15,Foot Locker,169,Wilmington
Men's Apparel,5,Northeast,75,375,2021,6,15,Foot Locker,150,Wilmington
Women's Apparel,5,Northeast,135,756,2021,6,15,Foot Locker,401,Wilmington
Men's Street Footwear,5,Northeast,182,965,2021,7,13,Foot Locker,482,Wilmington
Men's Athletic Footwear,4,Northeast,119,559,2021,7,13,Foot Locker,252,Wilmington
Women's Street Footwear,4,Northeast,102,418,2021,7,13,Foot Locker,226,Wilmington
Women's Athletic Footwear,4,Northeast,90,387,2021,7,13,Foot Locker,205,Wilmington
Men's Apparel,5,Northeast,94,479,2021,7,13,Foot Locker,197,Wilmington
Women's Apparel,5,Northeast,145,798,2021,7,13,Foot Locker,399,Wilmington
Men's Street Footwear,5,Northeast,163,815,2021,8,14,Foot Locker,399,Wilmington
Men's Athletic Footwear,4,Northeast,128,602,2021,8,14,Foot Locker,277,Wilmington
Women's Street Footwear,4,Northeast,105,441,2021,8,14,Foot Locker,221,Wilmington
Women's Athletic Footwear,4,Northeast,63,258,2021,8,14,Foot Locker,129,Wilmington
Men's Apparel,5,Northeast,63,315,2021,8,14,Foot Locker,142,Wilmington
Women's Apparel,5,Northeast,120,708,2021,8,14,Foot Locker,368,Wilmington
Men's Street Footwear,5,Northeast,142,710,2021,9,13,Foot Locker,348,Wilmington
Men's Athletic Footwear,4,Northeast,85,400,2021,9,13,Foot Locker,180,Wilmington
Women's Street Footwear,4,Northeast,61,262,2021,9,13,Foot Locker,134,Wilmington
Women's Athletic Footwear,4,Northeast,60,246,2021,9,13,Foot Locker,125,Wilmington
Men's Apparel,5,Northeast,60,300,2021,9,13,Foot Locker,132,Wilmington
Women's Apparel,5,Northeast,84,487,2021,9,13,Foot Locker,263,Wilmington
Men's Street Footwear,5,Northeast,128,717,2021,10,15,Foot Locker,323,Wilmington
Men's Athletic Footwear,5,Northeast,90,459,2021,10,15,Foot Locker,211,Wilmington
Women's Street Footwear,5,Northeast,52,260,2021,10,15,Foot Locker,143,Wilmington
Women's Athletic Footwear,5,Northeast,44,229,2021,10,15,Foot Locker,114,Wilmington
Men's Apparel,6,Northeast,49,304,2021,10,15,Foot Locker,122,Wilmington
Women's Apparel,6,Northeast,78,491,2021,10,15,Kohl'S,270,Wilmington
Men's Street Footwear,6,Northeast,135,810,2021,11,14,Kohl'S,381,Wilmington
Men's Athletic Footwear,5,Northeast,85,451,2021,11,14,Kohl'S,207,Wilmington
Women's Street Footwear,5,Northeast,86,447,2021,11,14,Kohl'S,228,Wilmington
Women's Athletic Footwear,5,Northeast,84,428,2021,11,14,Kohl'S,227,Wilmington
Men's Apparel,6,Northeast,72,432,2021,11,14,Kohl'S,173,Wilmington
Women's Apparel,6,Northeast,98,627,2021,11,14,Kohl'S,345,Wilmington
Men's Street Footwear,6,Northeast,168,1042,2021,12,13,Kohl'S,490,Wilmington
Men's Athletic Footwear,5,Northeast,100,500,2021,12,13,Kohl'S,240,Wilmington
Women's Street Footwear,5,Northeast,109,545,2021,12,13,Kohl'S,294,Wilmington
Women's Athletic Footwear,5,Northeast,98,519,2021,12,13,Kohl'S,280,Wilmington
Men's Apparel,6,Northeast,91,555,2021,12,13,Kohl'S,222,Wilmington
Women's Apparel,6,Northeast,123,800,2021,12,13,Kohl'S,400,Wilmington
Men's Street Footwear,3,Northeast,138,442,2021,1,10,Kohl'S,221,Wilmington
Men's Athletic Footwear,3,Northeast,77,254,2021,1,10,Kohl'S,119,Wilmington
Women's Street Footwear,2,Northeast,72,173,2021,1,10,Kohl'S,88,Wilmington
Women's Athletic Footwear,2,Northeast,38,103,2021,1,10,Kohl'S,51,Wilmington
Men's Apparel,4,Northeast,47,193,2021,1,10,Kohl'S,77,Wilmington
Women's Apparel,3,Northeast,69,228,2021,1,10,Kohl'S,125,Wilmington
Men's Street Footwear,3,Northeast,147,500,2021,2,8,Kohl'S,240,Wilmington
Men's Athletic Footwear,3,Northeast,53,170,2021,2,8,Kohl'S,85,Wilmington
Women's Street Footwear,2,Northeast,63,151,2021,2,8,Kohl'S,77,Wilmington
Women's Athletic Footwear,2,Northeast,30,87,2021,2,8,Kohl'S,46,Newark
Men's Apparel,4,Northeast,47,193,2021,2,8,Kohl'S,77,Newark
Women's Apparel,3,Northeast,74,237,2021,2,8,Kohl'S,126,Newark
Men's Street Footwear,3,Northeast,144,461,2021,3,6,Kohl'S,212,Newark
Men's Athletic Footwear,3,Northeast,58,186,2021,3,6,Kohl'S,91,Newark
Women's Street Footwear,2,Northeast,59,142,2021,3,6,Kohl'S,75,Newark
Women's Athletic Footwear,2,Northeast,22,59,2021,3,6,Kohl'S,31,Newark
Men's Apparel,4,Northeast,34,146,2021,3,6,Kohl'S,66,Newark
Women's Apparel,3,Northeast,61,195,2021,3,6,Kohl'S,98,Newark
Men's Street Footwear,3,Northeast,133,452,2021,4,7,Kohl'S,226,Newark
Men's Athletic Footwear,3,Northeast,51,168,2021,4,7,Kohl'S,77,Newark
Women's Street Footwear,2,Northeast,51,122,2021,4,7,Kohl'S,61,Newark
Women's Athletic Footwear,2,Northeast,27,73,2021,4,7,Kohl'S,37,Newark
Men's Apparel,4,Northeast,27,119,2021,4,7,Kohl'S,52,Newark
Women's Apparel,3,Northeast,68,224,2021,4,7,Kohl'S,121,Newark
Men's Street Footwear,4,Northeast,130,624,2021,5,6,Kohl'S,293,Newark
Men's Athletic Footwear,4,Northeast,68,279,2021,5,6,Kohl'S,139,Newark
Women's Street Footwear,3,Northeast,75,285,2021,5,6,Kohl'S,143,Newark
Women's Athletic Footwear,3,Northeast,56,213,2021,5,6,Kohl'S,106,Newark
Men's Apparel,4,Northeast,68,320,2021,5,6,Kohl'S,131,Newark
Women's Apparel,5,Northeast,102,520,2021,5,6,Kohl'S,271,Newark
Men's Street Footwear,4,Northeast,156,702,2021,6,8,Kohl'S,323,Newark
Men's Athletic Footwear,4,Northeast,105,462,2021,6,8,Kohl'S,213,Newark
Women's Street Footwear,3,Northeast,69,262,2021,6,8,Kohl'S,139,Newark
Women's Athletic Footwear,3,Northeast,65,254,2021,6,8,Kohl'S,137,Newark
Men's Apparel,4,Northeast,65,299,2021,6,8,Kohl'S,135,Newark
Women's Apparel,5,Northeast,120,600,2021,6,8,Kohl'S,300,Newark
Men's Street Footwear,4,Northeast,188,884,2021,7,6,Kohl'S,415,Newark
Men's Athletic Footwear,4,Northeast,98,412,2021,7,6,Kohl'S,206,Newark
Women's Street Footwear,3,Northeast,81,300,2021,7,6,Kohl'S,156,Newark
Women's Athletic Footwear,3,Northeast,63,227,2021,7,6,Kohl'S,122,Newark
Men's Apparel,4,Northeast,74,355,2021,7,6,Kohl'S,153,Newark
Women's Apparel,5,Northeast,131,707,2021,7,6,Kohl'S,375,Newark
Men's Street Footwear,4,Northeast,180,846,2021,8,7,Kohl'S,406,Newark
Men's Athletic Footwear,4,Northeast,101,424,2021,8,7,Kohl'S,199,Newark
Women's Street Footwear,3,Northeast,75,278,2021,8,7,Kohl'S,150,Newark
Women's Athletic Footwear,3,Northeast,52,187,2021,8,7,Kohl'S,95,Newark
Men's Apparel,4,Northeast,46,212,2021,8,7,Kohl'S,91,Newark
Women's Apparel,5,Northeast,105,546,2021,8,7,Kohl'S,289,Newark
Men's Street Footwear,4,Northeast,124,570,2021,9,6,Kohl'S,279,Newark
Men's Athletic Footwear,4,Northeast,72,295,2021,9,6,Kohl'S,148,Newark
Women's Street Footwear,3,Northeast,51,199,2021,9,6,Kohl'S,105,Newark
Women's Athletic Footwear,3,Northeast,38,141,2021,9,6,Kohl'S,75,Newark
Men's Apparel,4,Northeast,41,193,2021,9,6,Kohl'S,79,Newark
Women's Apparel,5,Northeast,73,365,2021,9,6,Kohl'S,193,Newark
Men's Street Footwear,5,Northeast,119,631,2021,10,8,Kohl'S,290,Newark
Men's Athletic Footwear,4,Northeast,63,302,2021,10,8,Kohl'S,151,Newark
Women's Street Footwear,4,Northeast,42,193,2021,10,8,Kohl'S,97,Newark
Women's Athletic Footwear,4,Northeast,31,149,2021,10,8,Kohl'S,77,Newark
Men's Apparel,5,Northeast,38,220,2021,10,8,Kohl'S,90,Newark
Women's Apparel,6,Northeast,68,422,2021,10,8,Sports Direct,223,Newark
Men's Street Footwear,5,Northeast,108,637,2021,11,7,Sports Direct,306,Newark
Men's Athletic Footwear,4,Northeast,80,368,2021,11,7,Sports Direct,180,Newark
Women's Street Footwear,4,Northeast,68,326,2021,11,7,Sports Direct,166,Newark
Women's Athletic Footwear,4,Northeast,65,319,2021,11,7,Sports Direct,175,Newark
Men's Apparel,5,Northeast,59,325,2021,11,7,Sports Direct,143,Newark
Women's Apparel,5,Northeast,91,537,2021,11,7,Sports Direct,285,Newark
Men's Street Footwear,5,Northeast,149,820,2021,12,6,Sports Direct,393,Newark
Men's Athletic Footwear,4,Northeast,105,515,2021,12,6,Sports Direct,247,Newark
Women's Street Footwear,4,Northeast,91,446,2021,12,6,Sports Direct,223,Newark
Women's Athletic Footwear,4,Northeast,83,390,2021,12,6,Sports Direct,199,Newark
Men's Apparel,5,Northeast,83,457,2021,12,6,Sports Direct,205,Newark
Women's Apparel,5,Northeast,101,596,2021,12,6,Sports Direct,322,Newark
Men's Street Footwear,3,Northeast,125,475,2021,1,7,Sports Direct,242,Newark
Men's Athletic Footwear,3,Northeast,87,322,2021,1,7,Sports Direct,167,Newark
Women's Street Footwear,2,Northeast,90,252,2021,1,7,Sports Direct,101,Newark
Women's Athletic Footwear,3,Northeast,42,139,2021,1,7,Sports Direct,61,Newark
Men's Apparel,4,Northeast,60,294,2021,1,7,Sports Direct,121,Newark
Women's Apparel,3,Northeast,81,300,2021,1,7,Sports Direct,150,Newark
Men's Street Footwear,3,Northeast,149,581,2021,2,5,Sports Direct,291,Newark
Men's Athletic Footwear,3,Northeast,54,200,2021,2,5,Sports Direct,100,Newark
Women's Street Footwear,2,Northeast,65,189,2021,2,5,Sports Direct,85,Newark
Women's Athletic Footwear,3,Northeast,34,109,2021,2,5,Sports Direct,48,Hartford
Men's Apparel,4,Northeast,60,294,2021,2,5,Sports Direct,129,Hartford
Women's Apparel,3,Northeast,84,328,2021,2,5,Sports Direct,147,Hartford
Men's Street Footwear,3,Northeast,130,507,2021,3,3,Sports Direct,254,Hartford
Men's Athletic Footwear,3,Northeast,56,213,2021,3,3,Sports Direct,115,Hartford
Women's Street Footwear,2,Northeast,68,197,2021,3,3,Sports Direct,89,Hartford
Women's Athletic Footwear,3,Northeast,30,96,2021,3,3,Sports Direct,40,Hartford
Men's Apparel,4,Northeast,39,187,2021,3,3,Sports Direct,75,Hartford
Women's Apparel,3,Northeast,73,277,2021,3,3,Sports Direct,136,Hartford
Men's Street Footwear,3,Northeast,150,540,2021,4,4,Sports Direct,270,Hartford
Men's Athletic Footwear,3,Northeast,58,220,2021,4,4,Sports Direct,121,Hartford
Women's Street Footwear,2,Northeast,56,162,2021,4,4,Sports Direct,70,Hartford
Women's Athletic Footwear,3,Northeast,38,122,2021,4,4,Sports Direct,55,Hartford
Men's Apparel,4,Northeast,35,161,2021,4,4,Sports Direct,72,Hartford
Women's Apparel,3,Northeast,69,248,2021,4,4,Sports Direct,124,Hartford
Men's Street Footwear,5,Northeast,142,767,2021,5,3,Sports Direct,391,Hartford
Men's Athletic Footwear,4,Northeast,73,350,2021,5,3,Sports Direct,186,Hartford
Women's Street Footwear,4,Northeast,74,318,2021,5,3,Sports Direct,127,Hartford
Women's Athletic Footwear,4,Northeast,63,277,2021,5,3,Sports Direct,114,Hartford
Men's Apparel,5,Northeast,70,350,2021,5,3,Sports Direct,154,Hartford
Women's Apparel,5,Northeast,113,622,2021,5,3,Sports Direct,305,Hartford
Men's Street Footwear,5,Northeast,175,875,2021,6,5,Sports Direct,481,Hartford
Men's Athletic Footwear,4,Northeast,94,451,2021,6,5,Sports Direct,226,Hartford
Women's Street Footwear,4,Northeast,87,365,2021,6,5,Sports Direct,164,Hartford
Women's Athletic Footwear,4,Northeast,80,336,2021,6,5,Sports Direct,141,Hartford
Men's Apparel,5,Northeast,74,392,2021,6,5,Sports Direct,173,Hartford
Women's Apparel,5,Northeast,123,689,2021,6,5,Sports Direct,338,Hartford
Men's Street Footwear,5,Northeast,189,1021,2021,7,3,Sports Direct,551,Hartford
Men's Athletic Footwear,4,Northeast,112,538,2021,7,3,Sports Direct,285,Hartford
Women's Street Footwear,4,Northeast,81,356,2021,7,3,Sports Direct,157,Hartford
Women's Athletic Footwear,4,Northeast,80,336,2021,7,3,Sports Direct,148,Hartford
Men's Apparel,5,Northeast,81,429,2021,7,3,Sports Direct,189,Hartford
Women's Apparel,5,Northeast,143,801,2021,7,3,Sports Direct,384,Hartford
Men's Street Footwear,5,Northeast,163,831,2021,8,4,Sports Direct,457,Hartford
Men's Athletic Footwear,4,Northeast,108,518,2021,8,4,Sports Direct,285,Hartford
Women's Street Footwear,4,Northeast,85,349,2021,8,4,Sports Direct,146,Hartford
Women's Athletic Footwear,4,Northeast,68,279,2021,8,4,Sports Direct,114,Hartford
Men's Apparel,5,Northeast,52,265,2021,8,4,Sports Direct,117,Hartford
Women's Apparel,5,Northeast,105,578,2021,8,4,Sports Direct,289,Hartford
Men's Street Footwear,5,Northeast,125,650,2021,9,3,Sports Direct,351,Hartford
Men's Athletic Footwear,4,Northeast,75,353,2021,9,3,Sports Direct,183,Hartford
Women's Street Footwear,4,Northeast,60,246,2021,9,3,Sports Direct,108,Hartford
Women's Athletic Footwear,4,Northeast,46,189,2021,9,3,Sports Direct,85,Hartford
Men's Apparel,5,Northeast,51,255,2021,9,3,Sports Direct,107,Hartford
Women's Apparel,5,Northeast,83,448,2021,9,3,Sports Direct,220,Hartford
Men's Street Footwear,5,Northeast,113,667,2021,10,5,Sports Direct,367,Hartford
Men's Athletic Footwear,5,Northeast,72,374,2021,10,5,Sports Direct,187,Hartford
Women's Street Footwear,5,Northeast,49,260,2021,10,5,Sports Direct,112,Hartford
Women's Athletic Footwear,5,Northeast,38,190,2021,10,5,Sports Direct,76,Hartford
Men's Apparel,6,Northeast,42,269,2021,10,5,Sports Direct,113,Hartford
Women's Apparel,6,Northeast,74,466,2021,10,5,Foot Locker,233,Hartford
Men's Street Footwear,6,Northeast,111,666,2021,11,4,Foot Locker,333,Hartford
Men's Athletic Footwear,5,Northeast,84,428,2021,11,4,Foot Locker,223,Hartford
Women's Street Footwear,5,Northeast,80,408,2021,11,4,Foot Locker,184,Hartford
Women's Athletic Footwear,5,Northeast,80,400,2021,11,4,Foot Locker,168,Hartford
Men's Apparel,6,Northeast,68,408,2021,11,4,Foot Locker,180,Hartford
Women's Apparel,6,Northeast,95,637,2021,11,4,Foot Locker,299,Hartford
Men's Street Footwear,5,Northeast,150,885,2021,12,3,Foot Locker,451,Hartford
Men's Athletic Footwear,5,Northeast,101,515,2021,12,3,Foot Locker,263,Hartford
Women's Street Footwear,5,Northeast,88,440,2021,12,3,Foot Locker,198,Hartford
Women's Athletic Footwear,5,Northeast,87,461,2021,12,3,Foot Locker,194,Hartford
Men's Apparel,6,Northeast,78,468,2021,12,3,Foot Locker,211,Hartford
Women's Apparel,6,Northeast,112,750,2021,12,3,Foot Locker,345,Hartford
Men's Street Footwear,3,Northeast,115,391,2021,1,10,Foot Locker,180,Hartford
Men's Athletic Footwear,3,Northeast,63,214,2021,1,10,Foot Locker,96,Hartford
Women's Street Footwear,2,Northeast,63,151,2021,1,10,Foot Locker,83,Hartford
Women's Athletic Footwear,2,Northeast,20,58,2021,1,10,Foot Locker,31,Hartford
Men's Apparel,4,Northeast,33,145,2021,1,10,Foot Locker,58,Hartford
Women's Apparel,3,Northeast,63,208,2021,1,10,Foot Locker,112,Hartford
Men's Street Footwear,3,Northeast,119,405,2021,2,8,Foot Locker,198,Hartford
Men's Athletic Footwear,3,Northeast,36,122,2021,2,8,Foot Locker,58,Hartford
Women's Street Footwear,2,Northeast,49,118,2021,2,8,Foot Locker,59,Hartford
Women's Athletic Footwear,2,Northeast,13,38,2021,2,8,Foot Locker,20,Providence
Men's Apparel,4,Northeast,35,144,2021,2,8,Foot Locker,59,Providence
Women's Apparel,3,Northeast,65,215,2021,2,8,Foot Locker,114,Providence
Men's Street Footwear,3,Northeast,111,377,2021,3,6,Foot Locker,189,Providence
Men's Athletic Footwear,3,Northeast,44,150,2021,3,6,Foot Locker,67,Providence
Women's Street Footwear,2,Northeast,51,117,2021,3,6,Foot Locker,61,Providence
Women's Athletic Footwear,2,Northeast,8,23,2021,3,6,Foot Locker,12,Providence
Men's Apparel,4,Northeast,20,88,2021,3,6,Foot Locker,40,Providence
Women's Apparel,3,Northeast,51,163,2021,3,6,Foot Locker,88,Providence
Men's Street Footwear,3,Northeast,111,355,2021,4,7,Foot Locker,174,Providence
Men's Athletic Footwear,3,Northeast,33,106,2021,4,7,Foot Locker,53,Providence
Women's Street Footwear,2,Northeast,36,86,2021,4,7,Foot Locker,45,Providence
Women's Athletic Footwear,2,Northeast,13,38,2021,4,7,Foot Locker,20,Providence
Men's Apparel,4,Northeast,15,66,2021,4,7,Foot Locker,26,Providence
Women's Apparel,3,Northeast,50,165,2021,4,7,Foot Locker,86,Providence
Men's Street Footwear,4,Northeast,122,598,2021,5,6,Foot Locker,299,Providence
Men's Athletic Footwear,4,Northeast,49,211,2021,5,6,Foot Locker,95,Providence
Women's Street Footwear,3,Northeast,60,234,2021,5,6,Foot Locker,126,Providence
Women's Athletic Footwear,3,Northeast,44,172,2021,5,6,Foot Locker,89,Providence
Men's Apparel,4,Northeast,46,225,2021,5,6,Foot Locker,90,Providence
Women's Apparel,5,Northeast,81,421,2021,5,6,Foot Locker,223,Providence
Men's Street Footwear,4,Northeast,138,649,2021,6,8,Foot Locker,292,Providence
Men's Athletic Footwear,4,Northeast,90,369,2021,6,8,Foot Locker,181,Providence
Women's Street Footwear,3,Northeast,65,254,2021,6,8,Foot Locker,139,Providence
Women's Athletic Footwear,3,Northeast,60,234,2021,6,8,Foot Locker,126,Providence
Men's Apparel,4,Northeast,58,278,2021,6,8,Foot Locker,114,Providence
Women's Apparel,5,Northeast,88,449,2021,6,8,Foot Locker,229,Providence
Men's Street Footwear,4,Northeast,167,768,2021,7,6,Foot Locker,346,Providence
Men's Athletic Footwear,4,Northeast,81,332,2021,7,6,Foot Locker,166,Providence
Women's Street Footwear,3,Northeast,65,241,2021,7,6,Foot Locker,125,Providence
Women's Athletic Footwear,3,Northeast,58,215,2021,7,6,Foot Locker,112,Providence
Men's Apparel,4,Northeast,63,296,2021,7,6,Foot Locker,118,Providence
Women's Apparel,5,Northeast,116,580,2021,7,6,Foot Locker,290,Providence
Men's Street Footwear,4,Northeast,143,658,2021,8,7,Foot Locker,316,Providence
Men's Athletic Footwear,4,Northeast,91,382,2021,8,7,Foot Locker,180,Providence
Women's Street Footwear,3,Northeast,75,285,2021,8,7,Foot Locker,157,Providence
Women's Athletic Footwear,3,Northeast,39,144,2021,8,7,Foot Locker,76,Providence
Men's Apparel,4,Northeast,31,140,2021,8,7,Foot Locker,56,Providence
Women's Apparel,5,Northeast,87,452,2021,8,7,Foot Locker,244,Providence
Men's Street Footwear,4,Northeast,111,500,2021,9,6,Foot Locker,225,Providence
Men's Athletic Footwear,4,Northeast,56,241,2021,9,6,Foot Locker,116,Providence
Women's Street Footwear,3,Northeast,38,137,2021,9,6,Foot Locker,70,Providence
Women's Athletic Footwear,3,Northeast,27,105,2021,9,6,Foot Locker,57,Providence
Men's Apparel,4,Northeast,27,127,2021,9,6,Foot Locker,52,Providence
Women's Apparel,5,Northeast,58,302,2021,9,6,Foot Locker,154,Providence
Men's Street Footwear,5,Northeast,94,498,2021,10,8,Foot Locker,249,Providence
Men's Athletic Footwear,4,Northeast,56,258,2021,10,8,Foot Locker,126,Providence
Women's Street Footwear,4,Northeast,29,131,2021,10,8,Foot Locker,68,Providence
Women's Athletic Footwear,4,Northeast,23,108,2021,10,8,Foot Locker,54,Providence
Men's Apparel,5,Northeast,19,105,2021,10,8,Foot Locker,42,Providence
Women's Apparel,6,Northeast,58,371,2021,10,8,Sports Direct,189,Providence
Men's Street Footwear,5,Northeast,95,523,2021,11,7,Sports Direct,256,Providence
Men's Athletic Footwear,4,Northeast,63,290,2021,11,7,Sports Direct,130,Providence
Women's Street Footwear,4,Northeast,64,307,2021,11,7,Sports Direct,166,Providence
Women's Athletic Footwear,4,Northeast,58,278,2021,11,7,Sports Direct,153,Providence
Men's Apparel,5,Northeast,44,255,2021,11,7,Sports Direct,112,Providence
Women's Apparel,6,Northeast,77,462,2021,11,7,Sports Direct,240,Providence
Men's Street Footwear,5,Northeast,135,729,2021,12,6,Sports Direct,365,Providence
Men's Athletic Footwear,4,Northeast,78,351,2021,12,6,Sports Direct,168,Providence
Women's Street Footwear,4,Northeast,74,348,2021,12,6,Sports Direct,177,Providence
Women's Athletic Footwear,4,Northeast,65,312,2021,12,6,Sports Direct,156,Providence
Men's Apparel,5,Northeast,68,381,2021,12,6,Sports Direct,164,Providence
Women's Apparel,6,Northeast,85,510,2021,12,6,Sports Direct,281,Providence
Men's Street Footwear,3,Northeast,126,479,2021,1,17,Sports Direct,206,Providence
Men's Athletic Footwear,3,Northeast,68,258,2021,1,17,Sports Direct,114,Providence
Women's Street Footwear,2,Northeast,73,197,2021,1,17,Sports Direct,71,Providence
Women's Athletic Footwear,3,Northeast,26,88,2021,1,17,Sports Direct,34,Providence
Men's Apparel,4,Northeast,41,197,2021,1,17,Sports Direct,77,Providence
Women's Apparel,3,Northeast,70,266,2021,1,17,Sports Direct,109,Providence
Men's Street Footwear,3,Northeast,140,504,2021,2,15,Sports Direct,207,Providence
Men's Athletic Footwear,3,Northeast,41,156,2021,2,15,Sports Direct,65,Providence
Women's Street Footwear,2,Northeast,60,174,2021,2,15,Sports Direct,66,Providence
Women's Athletic Footwear,3,Northeast,68,218,2021,2,15,Sports Direct,83,Boston
Men's Apparel,4,Northeast,41,197,2021,2,15,Sports Direct,75,Boston
Women's Apparel,3,Northeast,75,285,2021,2,15,Sports Direct,125,Boston
Men's Street Footwear,3,Northeast,127,483,2021,3,13,Sports Direct,212,Boston
Men's Athletic Footwear,3,Northeast,47,179,2021,3,13,Sports Direct,80,Boston
Women's Street Footwear,2,Northeast,50,140,2021,3,13,Sports Direct,55,Boston
Women's Athletic Footwear,3,Northeast,87,296,2021,3,13,Sports Direct,106,Boston
Men's Apparel,4,Northeast,29,133,2021,3,13,Sports Direct,52,Boston
Women's Apparel,3,Northeast,54,211,2021,3,13,Sports Direct,86,Boston
Men's Street Footwear,3,Northeast,117,445,2021,4,14,Sports Direct,200,Boston
Men's Athletic Footwear,3,Northeast,45,167,2021,4,14,Sports Direct,73,Boston
Women's Street Footwear,2,Northeast,41,119,2021,4,14,Sports Direct,42,Boston
Women's Athletic Footwear,3,Northeast,35,112,2021,4,14,Sports Direct,44,Boston
Men's Apparel,4,Northeast,33,162,2021,4,14,Sports Direct,61,Boston
Women's Apparel,3,Northeast,83,324,2021,4,14,Sports Direct,142,Boston
Men's Street Footwear,5,Northeast,129,684,2021,5,13,Sports Direct,294,Boston
Men's Athletic Footwear,4,Northeast,54,254,2021,5,13,Sports Direct,109,Boston
Women's Street Footwear,4,Northeast,56,230,2021,5,13,Sports Direct,92,Boston
Women's Athletic Footwear,4,Northeast,47,207,2021,5,13,Sports Direct,81,Boston
Men's Apparel,5,Northeast,54,270,2021,5,13,Sports Direct,103,Boston
Women's Apparel,5,Northeast,88,484,2021,5,13,Sports Direct,198,Boston
Men's Street Footwear,5,Northeast,155,791,2021,6,15,Sports Direct,332,Boston
Men's Athletic Footwear,4,Northeast,94,442,2021,6,15,Sports Direct,186,Boston
Women's Street Footwear,4,Northeast,68,286,2021,6,15,Sports Direct,103,Boston
Women's Athletic Footwear,4,Northeast,65,267,2021,6,15,Sports Direct,93,Boston
Men's Apparel,5,Northeast,59,301,2021,6,15,Sports Direct,114,Boston
Women's Apparel,5,Northeast,101,545,2021,6,15,Sports Direct,218,Boston
Men's Street Footwear,5,Northeast,150,780,2021,7,13,Sports Direct,328,Boston
Men's Athletic Footwear,4,Northeast,105,515,2021,7,13,Sports Direct,221,Boston
Women's Street Footwear,4,Northeast,77,316,2021,7,13,Sports Direct,117,Boston
Women's Athletic Footwear,4,Northeast,56,246,2021,7,13,Sports Direct,89,Boston
Men's Apparel,5,Northeast,68,360,2021,7,13,Sports Direct,141,Boston
Women's Apparel,5,Northeast,128,704,2021,7,13,Sports Direct,296,Boston
Men's Street Footwear,5,Northeast,161,805,2021,8,14,Sports Direct,354,Boston
Men's Athletic Footwear,4,Northeast,88,414,2021,8,14,Sports Direct,170,Boston
Women's Street Footwear,4,Northeast,69,290,2021,8,14,Sports Direct,101,Boston
Women's Athletic Footwear,4,Northeast,51,214,2021,8,14,Sports Direct,77,Boston
Men's Apparel,5,Northeast,44,220,2021,8,14,Sports Direct,81,Boston
Women's Apparel,5,Northeast,91,528,2021,8,14,Sports Direct,238,Boston
Men's Street Footwear,5,Northeast,135,716,2021,9,13,Sports Direct,301,Boston
Men's Athletic Footwear,4,Northeast,63,309,2021,9,13,Sports Direct,123,Boston
Women's Street Footwear,4,Northeast,39,160,2021,9,13,Sports Direct,59,Boston
Women's Athletic Footwear,4,Northeast,36,151,2021,9,13,Sports Direct,60,Boston
Men's Apparel,5,Northeast,34,177,2021,9,13,Sports Direct,64,Boston
Women's Apparel,5,Northeast,63,359,2021,9,13,Sports Direct,162,Boston
Men's Street Footwear,5,Northeast,120,684,2021,10,15,Sports Direct,308,Boston
Men's Athletic Footwear,5,Northeast,56,297,2021,10,15,Sports Direct,134,Boston
Women's Street Footwear,5,Northeast,34,180,2021,10,15,Sports Direct,63,Boston
Women's Athletic Footwear,5,Northeast,27,146,2021,10,15,Sports Direct,55,Boston
Men's Apparel,6,Northeast,27,167,2021,10,15,Sports Direct,59,Boston
Women's Apparel,6,Northeast,65,429,2021,10,15,Amazon,189,Boston
Men's Street Footwear,6,Northeast,113,701,2021,11,14,Amazon,301,Boston
Men's Athletic Footwear,5,Northeast,90,468,2021,11,14,Amazon,206,Boston
Women's Street Footwear,5,Northeast,83,415,2021,11,14,Amazon,149,Boston
Women's Athletic Footwear,5,Northeast,80,408,2021,11,14,Amazon,159,Boston
Men's Apparel,6,Northeast,70,441,2021,11,14,Amazon,168,Boston
Women's Apparel,6,Northeast,98,627,2021,11,14,Amazon,282,Boston
Men's Street Footwear,6,Northeast,150,960,2021,12,13,Amazon,394,Boston
Men's Athletic Footwear,5,Northeast,105,557,2021,12,13,Amazon,223,Boston
Women's Street Footwear,5,Northeast,98,500,2021,12,13,Amazon,195,Boston
Women's Athletic Footwear,5,Northeast,75,390,2021,12,13,Amazon,148,Boston
Men's Apparel,6,Northeast,84,521,2021,12,13,Amazon,203,Boston
Women's Apparel,6,Northeast,112,728,2021,12,13,Amazon,320,Boston
Men's Street Footwear,4,Northeast,152,669,2021,1,14,Amazon,368,Boston
Men's Athletic Footwear,4,Northeast,94,395,2021,1,14,Amazon,237,Boston
Women's Street Footwear,3,Northeast,91,291,2021,1,14,Amazon,131,Boston
Women's Athletic Footwear,3,Northeast,44,172,2021,1,14,Amazon,84,Boston
Men's Apparel,5,Northeast,68,354,2021,1,14,Amazon,166,Boston
Women's Apparel,4,Northeast,98,431,2021,1,14,Amazon,220,Boston
Men's Street Footwear,4,Northeast,167,685,2021,2,12,Amazon,383,Boston
Men's Athletic Footwear,4,Northeast,61,268,2021,2,12,Amazon,161,Boston
Women's Street Footwear,3,Northeast,74,244,2021,2,12,Amazon,122,Boston
Women's Athletic Footwear,3,Northeast,45,162,2021,2,12,Amazon,75,Burlington
Men's Apparel,5,Northeast,63,340,2021,2,12,Amazon,170,Burlington
Women's Apparel,4,Northeast,85,366,2021,2,12,Amazon,197,Burlington
Men's Street Footwear,4,Northeast,142,625,2021,3,10,Amazon,375,Burlington
Men's Athletic Footwear,4,Northeast,70,294,2021,3,10,Amazon,168,Burlington
Women's Street Footwear,3,Northeast,77,262,2021,3,10,Amazon,128,Burlington
Women's Athletic Footwear,3,Northeast,38,137,2021,3,10,Amazon,67,Burlington
Men's Apparel,5,Northeast,47,240,2021,3,10,Amazon,117,Burlington
Women's Apparel,4,Northeast,80,328,2021,3,10,Amazon,180,Burlington
Men's Street Footwear,4,Northeast,137,562,2021,4,11,Amazon,315,Burlington
Men's Athletic Footwear,4,Northeast,56,241,2021,4,11,Amazon,140,Burlington
Women's Street Footwear,3,Northeast,65,208,2021,4,11,Amazon,104,Burlington
Women's Athletic Footwear,3,Northeast,44,158,2021,4,11,Amazon,79,Burlington
Men's Apparel,5,Northeast,38,194,2021,4,11,Amazon,89,Burlington
Women's Apparel,4,Northeast,90,396,2021,4,11,Amazon,202,Burlington
Men's Street Footwear,5,Northeast,154,847,2021,5,10,Amazon,483,Burlington
Men's Athletic Footwear,5,Northeast,80,432,2021,5,10,Amazon,242,Burlington
Women's Street Footwear,4,Northeast,75,368,2021,5,10,Amazon,169,Burlington
Women's Athletic Footwear,4,Northeast,65,299,2021,5,10,Amazon,141,Burlington
Men's Apparel,5,Northeast,72,396,2021,5,10,Amazon,186,Burlington
Women's Apparel,6,Northeast,120,720,2021,5,10,Amazon,374,Burlington
Men's Street Footwear,5,Northeast,163,945,2021,6,12,Amazon,548,Burlington
Men's Athletic Footwear,5,Northeast,116,615,2021,6,12,Amazon,363,Burlington
Women's Street Footwear,4,Northeast,81,365,2021,6,12,Amazon,171,Burlington
Women's Athletic Footwear,4,Northeast,90,423,2021,6,12,Amazon,190,Burlington
Men's Apparel,5,Northeast,81,470,2021,6,12,Amazon,235,Burlington
Women's Apparel,6,Northeast,117,725,2021,6,12,Amazon,377,Burlington
Men's Street Footwear,5,Northeast,182,983,2021,7,10,Amazon,560,Burlington
Men's Athletic Footwear,5,Northeast,115,587,2021,7,10,Amazon,328,Burlington
Women's Street Footwear,4,Northeast,98,451,2021,7,10,Amazon,216,Burlington
Women's Athletic Footwear,4,Northeast,90,414,2021,7,10,Amazon,203,Burlington
Men's Apparel,5,Northeast,94,508,2021,7,10,Amazon,239,Burlington
Women's Apparel,6,Northeast,125,763,2021,7,10,Amazon,397,Burlington
Men's Street Footwear,5,Northeast,176,1021,2021,8,11,Amazon,612,Burlington
Men's Athletic Footwear,5,Northeast,106,562,2021,8,11,Amazon,331,Burlington
Women's Street Footwear,4,Northeast,105,504,2021,8,11,Amazon,232,Burlington
Women's Athletic Footwear,4,Northeast,68,333,2021,8,11,Amazon,157,Burlington
Men's Apparel,5,Northeast,65,371,2021,8,11,Amazon,182,Burlington
Women's Apparel,6,Northeast,104,634,2021,8,11,Amazon,324,Burlington
Men's Street Footwear,5,Northeast,137,767,2021,9,10,Amazon,437,Burlington
Men's Athletic Footwear,5,Northeast,85,425,2021,9,10,Amazon,255,Burlington
Women's Street Footwear,4,Northeast,56,258,2021,9,10,Amazon,129,Burlington
Women's Athletic Footwear,4,Northeast,52,234,2021,9,10,Amazon,115,Burlington
Men's Apparel,5,Northeast,50,290,2021,9,10,Amazon,136,Burlington
Women's Apparel,5,Northeast,78,460,2021,9,10,Amazon,253,Burlington
Men's Street Footwear,6,Northeast,133,825,2021,10,12,Amazon,495,Burlington
Men's Athletic Footwear,5,Northeast,75,405,2021,10,12,Amazon,239,Burlington
Women's Street Footwear,5,Northeast,54,319,2021,10,12,Amazon,159,Burlington
Women's Athletic Footwear,5,Northeast,46,253,2021,10,12,Amazon,121,Burlington
Men's Apparel,6,Northeast,51,337,2021,10,12,Amazon,162,Burlington
Women's Apparel,7,Northeast,81,575,2021,10,12,West Gear,305,Burlington
Men's Street Footwear,6,Northeast,126,806,2021,11,11,West Gear,484,Burlington
Men's Athletic Footwear,5,Northeast,81,446,2021,11,11,West Gear,258,Burlington
Women's Street Footwear,5,Northeast,96,547,2021,11,11,West Gear,263,Burlington
Women's Athletic Footwear,5,Northeast,75,413,2021,11,11,Amazon,206,Burlington
Men's Apparel,6,Northeast,80,536,2021,11,11,Amazon,268,Burlington
Women's Apparel,7,Northeast,94,658,2021,11,11,Amazon,349,Burlington
Men's Street Footwear,6,Northeast,168,1075,2021,12,10,Amazon,645,Burlington
Men's Athletic Footwear,5,Northeast,100,550,2021,12,10,Amazon,303,Burlington
Women's Street Footwear,5,Northeast,113,622,2021,12,10,Amazon,292,Burlington
Women's Athletic Footwear,5,Northeast,81,454,2021,12,10,Amazon,204,Burlington
Men's Apparel,6,Northeast,81,543,2021,12,10,Amazon,260,Burlington
Women's Apparel,6,Northeast,106,721,2021,12,10,Amazon,375,Burlington
Men's Street Footwear,4,Northeast,131,642,2021,1,21,Amazon,353,Burlington
Men's Athletic Footwear,4,Northeast,91,410,2021,1,21,Amazon,217,Burlington
Women's Street Footwear,3,Northeast,81,308,2021,1,21,Amazon,139,Burlington
Women's Athletic Footwear,4,Northeast,46,198,2021,1,21,Amazon,79,Burlington
Men's Apparel,5,Northeast,56,330,2021,1,21,Amazon,145,Burlington
Women's Apparel,4,Northeast,88,431,2021,1,21,Amazon,194,Burlington
Men's Street Footwear,4,Northeast,180,882,2021,2,19,Amazon,467,Burlington
Men's Athletic Footwear,4,Northeast,75,338,2021,2,19,Amazon,172,Burlington
Women's Street Footwear,3,Northeast,90,351,2021,2,19,Amazon,154,Burlington
Women's Athletic Footwear,4,Northeast,58,244,2021,2,19,Amazon,105,Manchester
Men's Apparel,5,Northeast,83,465,2021,2,19,Amazon,200,Manchester
Women's Apparel,4,Northeast,98,451,2021,2,19,Amazon,216,Manchester
Men's Street Footwear,4,Northeast,165,809,2021,3,17,Amazon,404,Manchester
Men's Athletic Footwear,4,Northeast,69,338,2021,3,17,Amazon,172,Manchester
Women's Street Footwear,3,Northeast,75,285,2021,3,17,Amazon,117,Manchester
Women's Athletic Footwear,4,Northeast,38,167,2021,3,17,Amazon,70,Manchester
Men's Apparel,5,Northeast,60,348,2021,3,17,Amazon,157,Manchester
Women's Apparel,4,Northeast,75,338,2021,3,17,Amazon,159,Manchester
Men's Street Footwear,4,Northeast,154,739,2021,4,18,Amazon,392,Manchester
Men's Athletic Footwear,4,Northeast,68,333,2021,4,18,Amazon,183,Manchester
Women's Street Footwear,3,Northeast,73,277,2021,4,18,Amazon,122,Manchester
Women's Athletic Footwear,4,Northeast,49,216,2021,4,18,Amazon,88,Manchester
Men's Apparel,5,Northeast,53,302,2021,4,18,Amazon,136,Manchester
Women's Apparel,4,Northeast,98,451,2021,4,18,Amazon,207,Manchester
Men's Street Footwear,6,Northeast,173,1107,2021,5,17,Amazon,587,Manchester
Men's Athletic Footwear,5,Northeast,87,470,2021,5,17,Amazon,254,Manchester
Women's Street Footwear,5,Northeast,98,500,2021,5,17,Amazon,210,Manchester
Women's Athletic Footwear,5,Northeast,80,416,2021,5,17,Amazon,166,Manchester
Men's Apparel,6,Northeast,78,491,2021,5,17,Amazon,221,Manchester
Women's Apparel,6,Northeast,115,748,2021,5,17,Amazon,344,Manchester
Men's Street Footwear,5,Northeast,169,997,2021,6,19,Amazon,528,Manchester
Men's Athletic Footwear,5,Northeast,123,689,2021,6,19,Amazon,351,Manchester
Women's Street Footwear,5,Northeast,88,466,2021,6,19,Amazon,205,Manchester
Women's Athletic Footwear,5,Northeast,91,473,2021,6,19,Amazon,199,Manchester
Men's Apparel,6,Northeast,94,564,2021,6,19,Amazon,243,Manchester
Women's Apparel,6,Northeast,138,911,2021,6,19,Amazon,428,Manchester
Men's Street Footwear,6,Northeast,196,1254,2021,7,17,Amazon,665,Manchester
Men's Athletic Footwear,5,Northeast,131,721,2021,7,17,Amazon,360,Manchester
Women's Street Footwear,5,Northeast,109,589,2021,7,17,Amazon,241,Manchester
Women's Athletic Footwear,5,Northeast,85,451,2021,7,17,Amazon,198,Manchester
Men's Apparel,6,Northeast,102,612,2021,7,17,Amazon,251,Manchester
Women's Apparel,6,Northeast,137,877,2021,7,17,Amazon,430,Manchester
Men's Street Footwear,6,Northeast,196,1176,2021,8,18,Amazon,600,Manchester
Men's Athletic Footwear,5,Northeast,135,783,2021,8,18,Amazon,423,Manchester
Women's Street Footwear,5,Northeast,105,546,2021,8,18,Amazon,246,Manchester
Women's Athletic Footwear,5,Northeast,72,367,2021,8,18,Amazon,154,Manchester
Men's Apparel,5,Northeast,73,431,2021,8,18,Amazon,194,Manchester
Women's Apparel,6,Northeast,106,678,2021,8,18,Amazon,319,Manchester
Men's Street Footwear,5,Northeast,154,909,2021,9,17,Amazon,472,Manchester
Men's Athletic Footwear,5,Northeast,95,513,2021,9,17,Amazon,267,Manchester
Women's Street Footwear,5,Northeast,75,390,2021,9,17,Amazon,168,Manchester
Women's Athletic Footwear,5,Northeast,56,297,2021,9,17,Amazon,125,Manchester
Men's Apparel,6,Northeast,63,403,2021,9,17,Amazon,173,Manchester
Women's Apparel,6,Northeast,98,666,2021,9,17,Amazon,307,Manchester
Men's Street Footwear,6,Northeast,119,762,2021,10,19,Foot Locker,404,Manchester
Men's Athletic Footwear,6,Northeast,84,521,2021,10,19,Foot Locker,276,Manchester
Women's Street Footwear,5,Northeast,54,319,2021,10,19,Foot Locker,140,Manchester
Women's Athletic Footwear,6,Northeast,47,291,2021,10,19,Foot Locker,125,Manchester
Men's Apparel,7,Northeast,46,327,2021,10,19,Foot Locker,140,Manchester
Women's Apparel,7,Northeast,81,583,2021,10,19,Foot Locker,280,Manchester
Men's Street Footwear,6,Northeast,117,796,2021,11,18,Foot Locker,422,Manchester
Men's Athletic Footwear,6,Northeast,98,608,2021,11,18,Foot Locker,316,Manchester
Women's Street Footwear,6,Northeast,104,655,2021,11,18,Foot Locker,295,Manchester
Women's Athletic Footwear,6,Northeast,85,544,2021,11,18,Foot Locker,218,Manchester
Men's Apparel,7,Northeast,81,575,2021,11,18,Foot Locker,242,Manchester
Women's Apparel,7,Northeast,116,905,2021,11,18,Foot Locker,425,Manchester
Men's Street Footwear,7,Northeast,169,1200,2021,12,17,Foot Locker,660,Manchester
Men's Athletic Footwear,5,Northeast,115,679,2021,12,17,Foot Locker,373,Manchester
Women's Street Footwear,6,Northeast,108,670,2021,12,17,Foot Locker,281,Manchester
Women's Athletic Footwear,6,Northeast,88,546,2021,12,17,Foot Locker,240,Manchester
Men's Apparel,7,Northeast,105,777,2021,12,17,Foot Locker,334,Manchester
Women's Apparel,7,Northeast,117,866,2021,12,17,Foot Locker,424,Manchester
Men's Street Footwear,5,Northeast,145,754,2021,1,24,Foot Locker,347,Manchester
Men's Athletic Footwear,5,Northeast,84,420,2021,1,24,Foot Locker,197,Manchester
Women's Street Footwear,4,Northeast,90,396,2021,1,24,Foot Locker,139,Manchester
Women's Athletic Footwear,4,Northeast,39,191,2021,1,24,Foot Locker,71,Manchester
Men's Apparel,6,Northeast,54,324,2021,1,24,Foot Locker,120,Manchester
Women's Apparel,5,Northeast,78,421,2021,1,24,Foot Locker,190,Manchester
Men's Street Footwear,5,Northeast,173,900,2021,2,22,Foot Locker,405,Manchester
Men's Athletic Footwear,5,Northeast,59,313,2021,2,22,Foot Locker,144,Manchester
Women's Street Footwear,4,Northeast,83,357,2021,2,22,Foot Locker,143,Manchester
Men's Street Footwear,3,Northeast,384,1306,2020,1,1,Foot Locker,679,New York
Men's Athletic Footwear,3,Northeast,320,1152,2020,1,2,Foot Locker,403,New York
Women's Street Footwear,3,Northeast,350,1120,2020,1,3,Foot Locker,414,New York
Women's Athletic Footwear,3,Northeast,281,1012,2020,1,4,Foot Locker,374,New York
Men's Apparel,4,Northeast,306,1316,2020,1,5,Foot Locker,487,New York
Women's Apparel,3,Northeast,330,1254,2020,1,6,Foot Locker,401,New York
Men's Street Footwear,3,Northeast,388,1280,2020,1,7,Foot Locker,666,New York
Men's Athletic Footwear,3,Northeast,315,1229,2020,1,8,Foot Locker,405,New York
Women's Street Footwear,3,Northeast,323,1034,2020,1,21,Foot Locker,393,New York
Women's Athletic Footwear,3,Northeast,248,794,2020,1,22,Foot Locker,302,New York
Men's Apparel,4,Northeast,306,1316,2020,1,23,Foot Locker,461,New York
Women's Apparel,3,Northeast,350,1260,2020,1,24,Foot Locker,365,New York
Men's Street Footwear,4,Northeast,390,1560,2020,1,25,Foot Locker,811,New York
Men's Athletic Footwear,3,Northeast,315,1103,2020,1,26,Foot Locker,397,New York
Women's Street Footwear,2,Northeast,314,848,2020,1,27,Foot Locker,348,New York
Women's Athletic Footwear,3,Northeast,240,744,2020,1,28,Foot Locker,298,New York
Men's Apparel,4,Northeast,289,1243,2020,1,29,Foot Locker,398,New York
Women's Apparel,3,Northeast,323,1163,2020,1,30,Foot Locker,314,New York
Men's Street Footwear,3,Northeast,372,1228,2020,1,31,Foot Locker,663,New York
Men's Athletic Footwear,3,Northeast,315,1103,2020,2,1,Foot Locker,364,New York
Women's Street Footwear,2,Northeast,315,882,2020,2,2,Foot Locker,335,New York
Women's Athletic Footwear,3,Northeast,289,896,2020,2,3,Foot Locker,331,New York
Men's Apparel,4,Northeast,281,1236,2020,2,4,Foot Locker,445,New York
Women's Apparel,3,Northeast,333,1299,2020,2,5,Foot Locker,351,New York
Men's Street Footwear,4,Northeast,366,1610,2020,2,6,Foot Locker,837,New York
Men's Athletic Footwear,3,Northeast,296,1095,2020,2,7,Foot Locker,383,New York
Women's Street Footwear,3,Northeast,288,1037,2020,2,8,Foot Locker,435,New York
Women's Athletic Footwear,3,Northeast,289,954,2020,2,9,Foot Locker,381,New York
Men's Apparel,4,Northeast,280,1316,2020,2,10,Foot Locker,461,New York
Women's Apparel,4,Northeast,320,1408,2020,3,3,Foot Locker,408,New York
Men's Street Footwear,4,Northeast,400,1880,2020,3,4,Foot Locker,978,New York
Men's Athletic Footwear,4,Northeast,340,1394,2020,3,5,Foot Locker,474,New York
Women's Street Footwear,3,Northeast,296,1095,2020,3,6,Foot Locker,449,New York
Women's Athletic Footwear,3,Northeast,297,1129,2020,3,7,Foot Locker,429,New York
Men's Apparel,4,Northeast,288,1296,2020,3,8,Foot Locker,441,New York
Women's Apparel,4,Northeast,347,1596,2020,3,9,Foot Locker,511,New York
Men's Street Footwear,4,Northeast,434,1910,2020,3,10,Foot Locker,993,New York
Men's Athletic Footwear,4,Northeast,318,1304,2020,3,11,Foot Locker,482,New York
Women's Street Footwear,3,Northeast,295,1033,2020,3,12,Foot Locker,434,New York
Women's Athletic Footwear,3,Northeast,270,945,2020,3,13,Foot Locker,350,New York
Men's Apparel,4,Northeast,278,1279,2020,3,14,Foot Locker,435,New York
Women's Apparel,4,Northeast,352,1654,2020,3,15,Foot Locker,447,New York
Men's Street Footwear,4,Northeast,375,1538,2020,3,16,Foot Locker,800,New York
Men's Athletic Footwear,3,Northeast,359,1328,2020,3,17,Foot Locker,452,New York
Women's Street Footwear,3,Northeast,314,1162,2020,3,18,Foot Locker,430,New York
Women's Athletic Footwear,4,Northeast,324,1296,2020,3,31,Foot Locker,518,New York
Men's Apparel,4,Northeast,279,1200,2020,4,17,Walmart,396,New York
Women's Apparel,4,Northeast,355,1704,2020,4,18,Walmart,511,New York
Men's Street Footwear,3,Northeast,408,1591,2020,4,19,Walmart,875,New York
Men's Athletic Footwear,4,Northeast,350,1505,2020,4,20,Walmart,497,New York
Women's Street Footwear,3,Northeast,315,1134,2020,4,21,Walmart,442,New York
Women's Athletic Footwear,3,Northeast,306,1040,2020,4,22,Walmart,406,New York
Men's Apparel,4,Northeast,315,1386,2020,4,23,Walmart,513,New York
Women's Apparel,4,Northeast,350,1575,2020,4,24,Walmart,473,New York
Men's Apparel,5,Northeast,289,1474,2020,4,25,Walmart,472,New York
Women's Apparel,5,Northeast,330,1650,2020,4,26,Walmart,462,New York
Men's Street Footwear,4,Northeast,403,1854,2020,4,27,Walmart,1038,New York
Men's Athletic Footwear,4,Northeast,312,1248,2020,4,28,Walmart,449,New York
Women's Street Footwear,4,Northeast,294,1264,2020,4,29,Walmart,531,New York
Women's Athletic Footwear,4,Northeast,270,1107,2020,4,30,Walmart,410,New York
Men's Apparel,4,Northeast,280,1316,2020,5,1,Walmart,474,New York
Women's Apparel,5,Northeast,322,1707,2020,5,2,Walmart,478,New York
Men's Street Footwear,4,Northeast,420,2016,2020,5,3,Walmart,1129,New York
Men's Athletic Footwear,4,Northeast,310,1333,2020,5,4,Walmart,467,New York
Women's Street Footwear,4,Northeast,333,1399,2020,5,5,Walmart,559,New York
Women's Athletic Footwear,4,Northeast,306,1255,2020,5,6,Walmart,502,New York
Men's Apparel,4,Northeast,279,1339,2020,5,7,Walmart,496,New York
Women's Apparel,4,Northeast,340,1632,2020,7,18,Walmart,490,New York
Men's Street Footwear,2,Northeast,270,540,2020,7,19,Sports Direct,211,New York
Men's Athletic Footwear,2,Northeast,270,702,2020,7,20,Sports Direct,260,New York
Women's Street Footwear,2,Northeast,238,643,2020,7,21,Sports Direct,251,New York
Women's Athletic Footwear,2,Northeast,210,567,2020,7,22,Sports Direct,295,New York
Men's Apparel,2,South,176,458,2020,7,23,Sports Direct,156,Houston
Women's Apparel,2,South,224,560,2020,7,24,Sports Direct,314,Houston
Men's Street Footwear,2,South,255,510,2020,7,25,Sports Direct,209,Houston
Men's Athletic Footwear,2,South,289,665,2020,7,26,Sports Direct,279,Houston
Women's Street Footwear,2,South,236,637,2020,7,27,Sports Direct,261,Houston
Women's Athletic Footwear,2,South,213,554,2020,7,28,Sports Direct,277,Houston
Men's Apparel,2,South,160,448,2020,7,29,Sports Direct,148,Houston
Women's Apparel,2,South,231,601,2020,7,30,Sports Direct,330,Houston
Men's Street Footwear,2,South,306,612,2020,7,31,Sports Direct,257,Houston
Men's Athletic Footwear,3,South,263,789,2020,8,1,Sports Direct,308,Houston
Women's Street Footwear,2,South,224,515,2020,8,2,Sports Direct,216,Houston
Women's Athletic Footwear,3,South,204,612,2020,8,3,Sports Direct,294,Houston
Men's Apparel,3,South,155,543,2020,8,4,Sports Direct,174,Houston
Women's Apparel,2,South,228,661,2020,8,5,Sports Direct,364,Houston
Men's Street Footwear,2,South,306,704,2020,8,6,Sports Direct,260,Houston
Men's Athletic Footwear,2,South,306,887,2020,8,7,Sports Direct,364,Houston
Women's Street Footwear,2,South,232,557,2020,8,8,Sports Direct,206,Houston
Women's Athletic Footwear,2,South,213,596,2020,8,9,Sports Direct,286,Houston
Men's Apparel,3,South,179,609,2020,8,10,Walmart,207,Houston
Women's Apparel,2,South,272,734,2020,8,11,Walmart,404,Houston
Men's Street Footwear,2,South,315,756,2020,8,12,Walmart,295,Houston
Men's Athletic Footwear,3,South,287,861,2020,8,13,Walmart,362,Houston
Women's Street Footwear,2,South,240,552,2020,8,14,Walmart,204,Houston
Women's Athletic Footwear,3,South,245,760,2020,8,15,Walmart,387,Houston
Men's Apparel,3,South,180,630,2020,8,16,Walmart,221,Houston
Women's Apparel,3,South,295,944,2020,8,17,Walmart,538,Houston
Men's Street Footwear,2,South,295,826,2020,8,18,Walmart,339,Houston
Men's Athletic Footwear,3,South,323,1066,2020,8,19,Walmart,448,Houston
Women's Street Footwear,2,South,264,713,2020,8,20,Walmart,285,Houston
Women's Athletic Footwear,2,South,263,684,2020,8,21,Walmart,328,Houston
Men's Apparel,2,South,221,641,2020,8,22,Walmart,205,Houston
Women's Apparel,3,South,350,1330,2020,8,23,Walmart,758,Houston
Men's Street Footwear,2,South,295,856,2020,8,24,Walmart,342,Houston
Men's Athletic Footwear,3,South,285,912,2020,8,25,Walmart,383,Houston
Women's Street Footwear,2,South,374,1085,2020,8,26,Walmart,445,Houston
Women's Athletic Footwear,2,South,224,627,2020,8,27,Walmart,326,Houston
Men's Apparel,3,South,217,716,2020,8,28,Walmart,258,Houston
Women's Apparel,3,South,302,1087,2020,8,29,Walmart,565,Houston
Men's Street Footwear,2,South,305,824,2020,8,30,Walmart,305,Houston
Men's Athletic Footwear,3,South,305,1007,2020,8,31,Walmart,382,Houston
Women's Street Footwear,2,South,374,1085,2020,9,1,Walmart,445,Houston
Women's Athletic Footwear,3,South,215,645,2020,9,2,Walmart,310,Houston
Men's Apparel,3,South,228,798,2020,9,3,Walmart,271,Houston
Women's Apparel,3,South,270,1053,2020,9,4,Walmart,569,Houston
Men's Street Footwear,3,South,264,871,2020,9,5,Walmart,366,Houston
Men's Athletic Footwear,3,South,255,816,2020,9,6,Walmart,302,Houston
Women's Street Footwear,3,South,315,1134,2020,9,7,Walmart,431,Houston
Women's Athletic Footwear,3,South,200,740,2020,9,8,Walmart,370,Houston
Men's Apparel,3,South,206,742,2020,9,9,Walmart,267,Houston
Women's Apparel,4,South,298,1252,2020,9,10,Walmart,713,Houston
Men's Street Footwear,3,South,272,843,2020,9,11,Walmart,329,Houston
Men's Athletic Footwear,2,South,248,719,2020,9,12,Walmart,280,Houston
Women's Street Footwear,3,South,255,995,2020,9,13,Walmart,368,Houston
Women's Athletic Footwear,3,South,204,734,2020,9,14,Walmart,345,Houston
Men's Apparel,3,South,184,644,2020,9,15,Walmart,238,Houston
Women's Apparel,4,South,233,1002,2020,9,16,Walmart,541,Houston
Men's Street Footwear,3,South,270,918,2020,10,20,Walmart,349,Houston
Men's Athletic Footwear,3,South,306,949,2020,10,21,Walmart,379,Houston
Women's Street Footwear,3,South,281,955,2020,10,22,Walmart,373,Houston
Women's Athletic Footwear,3,South,230,828,2020,10,23,Walmart,414,Houston
Men's Apparel,3,South,195,585,2020,10,24,Walmart,187,Houston
Women's Apparel,4,South,289,1272,2020,10,25,Walmart,725,Houston
Men's Street Footwear,3,South,333,1066,2020,10,26,Walmart,426,Houston
Men's Athletic Footwear,3,South,333,1132,2020,10,27,Walmart,476,Houston
Women's Street Footwear,3,South,298,1132,2020,10,28,Walmart,430,Houston
Women's Athletic Footwear,3,South,210,756,2020,10,29,Walmart,393,Houston
Men's Apparel,3,South,208,624,2020,10,30,Walmart,225,Houston
Women's Apparel,4,South,306,1255,2020,10,31,Walmart,690,Houston
Men's Street Footwear,3,South,264,792,2020,11,1,West Gear,309,Houston
Men's Athletic Footwear,3,South,248,818,2020,11,2,West Gear,188,Houston
Women's Street Footwear,3,South,271,894,2020,11,3,West Gear,376,Houston
Women's Athletic Footwear,3,South,219,767,2020,11,4,West Gear,276,Houston
Men's Apparel,3,West,173,657,2020,11,5,West Gear,355,San Francisco
Women's Apparel,3,West,233,839,2020,11,6,West Gear,176,San Francisco
Men's Street Footwear,2,West,289,809,2020,11,7,West Gear,340,San Francisco
Men's Athletic Footwear,3,West,239,860,2020,11,8,West Gear,215,San Francisco
Women's Street Footwear,4,West,247,988,2020,11,9,West Gear,405,San Francisco
Women's Athletic Footwear,3,West,190,741,2020,11,10,West Gear,252,San Francisco
Men's Apparel,4,West,165,693,2020,11,11,West Gear,395,San Francisco
Women's Apparel,3,West,210,693,2020,11,12,West Gear,152,San Francisco
Men's Street Footwear,3,West,272,979,2020,11,13,West Gear,382,San Francisco
Men's Athletic Footwear,3,West,231,901,2020,11,14,West Gear,207,San Francisco
Women's Street Footwear,4,West,210,987,2020,11,15,West Gear,415,San Francisco
Women's Athletic Footwear,4,West,204,979,2020,12,22,West Gear,313,San Francisco
Men's Apparel,5,West,170,867,2020,12,23,West Gear,468,San Francisco
Women's Apparel,4,West,245,1005,2020,12,24,West Gear,201,San Francisco
Men's Street Footwear,4,West,271,1084,2020,12,25,West Gear,412,San Francisco
Men's Athletic Footwear,5,West,216,1102,2020,12,26,West Gear,275,San Francisco
Women's Street Footwear,4,West,254,1168,2020,12,27,West Gear,456,San Francisco
Women's Athletic Footwear,4,West,188,902,2020,12,28,West Gear,307,San Francisco
Men's Apparel,4,West,158,743,2020,12,29,West Gear,416,San Francisco
Women's Apparel,6,West,245,1519,2020,12,30,West Gear,289,San Francisco
Men's Street Footwear,4,West,270,1188,2020,12,31,West Gear,523,San Francisco
Men's Athletic Footwear,5,West,233,1188,2021,1,1,West Gear,321,San Francisco
Women's Street Footwear,4,West,225,1035,2021,1,2,West Gear,455,San Francisco
Women's Athletic Footwear,4,West,228,958,2021,1,3,West Gear,402,San Francisco
Men's Apparel,4,West,182,892,2021,1,4,West Gear,508,San Francisco
Women's Apparel,5,West,225,1305,2021,1,5,West Gear,300,San Francisco
Men's Street Footwear,4,West,341,1398,2021,1,6,West Gear,601,San Francisco
Men's Athletic Footwear,5,West,256,1280,2021,1,7,West Gear,384,San Francisco
Women's Street Footwear,4,West,281,1180,2021,1,8,West Gear,531,San Francisco
Women's Athletic Footwear,4,West,224,918,2021,1,9,West Gear,377,San Francisco
Men's Apparel,4,West,196,862,2021,1,10,West Gear,526,San Francisco
Women's Apparel,6,West,306,1836,2021,1,11,West Gear,477,San Francisco
Men's Street Footwear,4,West,338,1386,2021,1,12,West Gear,527,San Francisco
Men's Athletic Footwear,4,West,263,1289,2021,1,13,West Gear,309,San Francisco
Women's Street Footwear,4,West,264,1214,2021,1,14,West Gear,486,San Francisco
Women's Athletic Footwear,4,West,247,1136,2021,1,15,West Gear,409,San Francisco
Men's Apparel,4,West,240,1056,2021,1,16,West Gear,591,San Francisco
Women's Apparel,5,West,264,1478,2021,1,17,West Gear,281,San Francisco
Men's Street Footwear,4,West,302,1359,2021,1,18,West Gear,544,San Francisco
Men's Athletic Footwear,4,West,278,1307,2021,1,19,West Gear,287,San Francisco
Women's Street Footwear,5,West,248,1265,2021,1,20,West Gear,493,San Francisco
Women's Athletic Footwear,5,West,255,1326,2021,1,21,West Gear,451,San Francisco
Men's Apparel,5,West,263,1552,2021,1,22,West Gear,884,San Francisco
Women's Apparel,6,West,254,1524,2021,1,23,West Gear,335,San Francisco
Men's Street Footwear,4,West,287,1148,2021,1,24,West Gear,402,San Francisco
Men's Athletic Footwear,4,West,287,1205,2021,1,25,West Gear,205,San Francisco
Women's Street Footwear,3,West,248,967,2021,1,26,West Gear,329,San Francisco
Women's Athletic Footwear,3,West,247,963,2021,1,27,West Gear,260,San Francisco
Men's Apparel,4,West,225,968,2021,1,28,West Gear,464,San Francisco
Women's Apparel,5,West,264,1346,2021,1,29,West Gear,202,San Francisco
Men's Street Footwear,3,West,289,1040,2021,1,30,West Gear,343,San Francisco
Men's Athletic Footwear,3,West,280,1092,2021,1,31,West Gear,197,San Francisco
Women's Street Footwear,4,West,210,882,2021,2,1,West Gear,291,San Francisco
Women's Athletic Footwear,4,West,223,937,2021,2,2,West Gear,290,San Francisco
Men's Apparel,5,West,221,1105,2021,2,3,West Gear,519,San Francisco
Women's Apparel,4,West,224,1030,2021,2,4,West Gear,124,San Francisco
Men's Street Footwear,3,West,263,1026,2021,2,5,West Gear,359,San Francisco
Men's Athletic Footwear,4,West,306,1408,2021,2,6,West Gear,282,San Francisco
Women's Street Footwear,4,West,247,988,2021,2,7,West Gear,336,San Francisco
Women's Athletic Footwear,3,West,210,777,2021,2,8,West Gear,225,San Francisco
Men's Apparel,5,West,228,1163,2021,2,9,West Gear,547,San Francisco
Women's Apparel,5,West,256,1434,2021,2,10,West Gear,215,San Francisco
Men's Street Footwear,4,West,322,1288,2021,2,11,West Gear,425,San Francisco
Men's Athletic Footwear,4,West,332,1527,2021,2,12,West Gear,321,San Francisco
Women's Street Footwear,4,West,256,1126,2021,2,13,West Gear,372,San Francisco
Women's Athletic Footwear,4,West,271,1084,2021,2,14,West Gear,325,San Francisco
Men's Apparel,4,West,245,1054,2021,2,15,West Gear,548,San Francisco
Women's Apparel,5,West,256,1280,2021,2,16,West Gear,218,San Francisco
Men's Street Footwear,2,West,224,582,2021,2,17,Kohl'S,250,San Francisco
Men's Athletic Footwear,3,West,224,784,2021,2,18,Kohl'S,235,San Francisco
Women's Street Footwear,3,West,217,781,2021,3,9,Kohl'S,328,San Francisco
Women's Athletic Footwear,3,West,182,601,2021,3,10,Kohl'S,228,San Francisco
Men's Apparel,3,West,155,558,2021,3,11,Kohl'S,329,Los Angeles
Women's Apparel,2,West,210,609,2021,3,12,Kohl'S,140,Los Angeles
Men's Street Footwear,2,West,240,672,2021,3,13,Kohl'S,309,Los Angeles
Men's Athletic Footwear,3,West,215,645,2021,3,14,Kohl'S,200,Los Angeles
Women's Street Footwear,3,West,223,736,2021,3,15,Kohl'S,309,Los Angeles
Women's Athletic Footwear,3,West,179,609,2021,3,16,Kohl'S,250,Los Angeles
Men's Apparel,4,West,140,560,2021,3,17,Kohl'S,319,Los Angeles
Women's Apparel,3,West,208,666,2021,3,18,Kohl'S,173,Los Angeles
Men's Street Footwear,2,West,264,634,2021,3,19,Kohl'S,279,Los Angeles
Men's Athletic Footwear,3,West,228,821,2021,3,20,Kohl'S,230,Los Angeles
Women's Street Footwear,3,West,221,729,2021,3,21,Kohl'S,335,Los Angeles
Women's Athletic Footwear,3,West,176,634,2021,3,22,Kohl'S,247,Los Angeles
Men's Apparel,3,West,128,461,2021,3,23,Kohl'S,272,Los Angeles
Women's Apparel,3,West,194,640,2021,4,6,Kohl'S,147,Los Angeles
Men's Street Footwear,3,West,248,769,2021,4,7,Kohl'S,354,Los Angeles
Men's Athletic Footwear,3,West,210,714,2021,4,8,Kohl'S,207,Los Angeles
Women's Street Footwear,3,West,206,783,2021,4,9,Kohl'S,368,Los Angeles
Women's Athletic Footwear,3,West,173,536,2021,4,10,Kohl'S,204,Los Angeles
Men's Apparel,3,West,149,566,2021,4,11,Kohl'S,345,Los Angeles
Women's Apparel,4,West,198,970,2021,4,12,Kohl'S,262,Los Angeles
Men's Street Footwear,3,West,240,768,2021,4,13,Kohl'S,361,Los Angeles
Men's Athletic Footwear,3,West,221,751,2021,4,14,Kohl'S,225,Los Angeles
Women's Street Footwear,3,West,215,774,2021,4,15,Kohl'S,348,Los Angeles
Women's Athletic Footwear,3,West,193,637,2021,4,16,Kohl'S,242,Los Angeles
Men's Apparel,3,West,140,532,2021,4,17,Kohl'S,314,Los Angeles
Women's Apparel,4,West,206,886,2021,4,18,Kohl'S,195,Los Angeles
Men's Street Footwear,3,West,297,1069,2021,4,19,Kohl'S,470,Los Angeles
Men's Athletic Footwear,3,West,225,788,2021,4,20,Kohl'S,236,Los Angeles
Women's Street Footwear,3,West,233,816,2021,4,21,Kohl'S,343,Los Angeles
Women's Athletic Footwear,3,West,194,621,2021,4,22,Kohl'S,230,Los Angeles
Men's Apparel,3,West,165,644,2021,4,23,Kohl'S,386,Los Angeles
Women's Apparel,4,West,264,1267,2021,4,24,Kohl'S,279,Los Angeles
Men's Street Footwear,3,West,285,855,2021,4,25,Kohl'S,402,Los Angeles
Men's Athletic Footwear,3,West,272,1006,2021,4,26,Kohl'S,292,Los Angeles
Women's Street Footwear,3,West,240,792,2021,4,27,Kohl'S,364,Los Angeles
Women's Athletic Footwear,2,West,228,661,2021,4,28,Kohl'S,264,Los Angeles
Men's Apparel,3,West,224,851,2021,4,29,Kohl'S,511,Los Angeles
Women's Apparel,5,West,224,1142,2021,4,30,Kohl'S,263,Los Angeles
Men's Street Footwear,3,West,306,1102,2021,5,1,Kohl'S,496,Los Angeles
Men's Athletic Footwear,4,West,264,1082,2021,5,2,Kohl'S,336,Los Angeles
Women's Street Footwear,3,West,232,789,2021,5,3,Kohl'S,347,Los Angeles
Women's Athletic Footwear,3,West,223,803,2021,5,4,Kohl'S,305,Los Angeles
Men's Apparel,4,West,230,989,2021,5,5,Kohl'S,613,Los Angeles
Women's Apparel,4,West,208,957,2021,5,6,Kohl'S,220,Los Angeles
Men's Street Footwear,3,West,289,1098,2021,5,7,Kohl'S,505,Los Angeles
Men's Athletic Footwear,3,West,264,1030,2021,5,8,Kohl'S,278,Los Angeles
Women's Street Footwear,3,West,210,798,2021,5,9,Kohl'S,359,Los Angeles
Women's Athletic Footwear,3,West,195,761,2021,5,10,Kohl'S,304,Los Angeles
Men's Apparel,4,West,195,858,2021,5,11,Kohl'S,532,Los Angeles
Women's Apparel,4,West,210,1029,2021,5,12,Kohl'S,226,Los Angeles
Men's Street Footwear,3,West,256,922,2021,5,13,Kohl'S,433,Los Angeles
Men's Athletic Footwear,4,West,264,1135,2021,5,14,Kohl'S,341,Los Angeles
Women's Street Footwear,3,West,208,686,2021,5,15,Kohl'S,288,Los Angeles
Women's Athletic Footwear,3,West,213,703,2021,5,16,Kohl'S,295,Los Angeles
Men's Apparel,4,West,210,966,2021,5,17,Kohl'S,599,Los Angeles
Women's Apparel,4,West,208,957,2021,5,18,Kohl'S,230,Los Angeles
Men's Street Footwear,4,West,272,1088,2021,5,19,Kohl'S,500,Los Angeles
Men's Athletic Footwear,4,West,264,1109,2021,5,20,Kohl'S,333,Los Angeles
Women's Street Footwear,3,West,223,781,2021,5,21,Kohl'S,359,Los Angeles
Women's Athletic Footwear,3,West,221,729,2021,5,22,Kohl'S,306,Los Angeles
Men's Apparel,4,West,204,938,2021,5,23,Kohl'S,535,Los Angeles
Women's Apparel,4,West,238,1166,2021,5,24,Kohl'S,280,Los Angeles
Men's Street Footwear,3,West,315,1229,2021,5,25,Kohl'S,565,Los Angeles
Men's Athletic Footwear,4,West,288,1210,2021,5,26,Kohl'S,339,Los Angeles
Women's Street Footwear,3,West,231,901,2021,5,27,Kohl'S,414,Los Angeles
Women's Athletic Footwear,3,West,224,784,2021,5,28,Kohl'S,314,Los Angeles
Men's Apparel,4,West,219,942,2021,5,29,Kohl'S,584,Los Angeles
Women's Apparel,4,West,232,1021,2021,5,30,Kohl'S,255,Los Angeles
Men's Street Footwear,3,West,147,529,2021,5,31,Foot Locker,238,Los Angeles
Men's Athletic Footwear,3,West,91,282,2021,6,1,Foot Locker,116,Los Angeles
Women's Street Footwear,2,West,94,226,2021,6,2,Foot Locker,88,Los Angeles
Women's Athletic Footwear,2,West,41,111,2021,6,3,Foot Locker,51,Los Angeles
Men's Apparel,2,South,113,294,2021,8,15,Sports Direct,79,Dallas
Women's Apparel,2,South,163,391,2021,8,16,Sports Direct,188,Dallas
Men's Street Footwear,1,South,230,437,2021,8,17,Sports Direct,140,Dallas
Men's Athletic Footwear,2,South,215,495,2021,8,18,Sports Direct,178,Dallas
Women's Street Footwear,2,South,143,386,2021,8,19,Sports Direct,135,Dallas
Women's Athletic Footwear,2,South,136,381,2021,8,20,Sports Direct,171,Dallas
Men's Apparel,2,South,93,242,2021,8,21,Sports Direct,77,Dallas
Women's Apparel,2,South,155,403,2021,8,22,Sports Direct,206,Dallas
Men's Street Footwear,2,South,203,426,2021,8,23,Sports Direct,166,Dallas
Men's Athletic Footwear,3,South,236,732,2021,8,24,Sports Direct,293,Dallas
Women's Street Footwear,2,South,155,310,2021,8,25,Sports Direct,118,Dallas
Women's Athletic Footwear,2,South,140,364,2021,8,26,Sports Direct,171,Dallas
Men's Apparel,2,South,96,278,2021,8,27,Sports Direct,103,Dallas
Women's Apparel,2,South,153,413,2021,8,28,Sports Direct,223,Dallas
Men's Street Footwear,1,South,231,300,2021,8,29,Sports Direct,120,Dallas
Men's Athletic Footwear,2,South,210,441,2021,8,30,Sports Direct,176,Dallas
Women's Street Footwear,2,South,179,358,2021,8,31,Sports Direct,140,Dallas
Women's Athletic Footwear,2,South,149,298,2021,9,1,Sports Direct,146,Dallas
Men's Apparel,2,South,107,278,2021,9,2,Sports Direct,100,Dallas
Women's Apparel,2,South,210,462,2021,9,3,Sports Direct,263,Dallas
Men's Street Footwear,1,South,233,303,2021,9,4,Sports Direct,115,Dallas
Men's Athletic Footwear,2,South,248,546,2021,9,5,Sports Direct,229,Dallas
Women's Street Footwear,1,South,200,380,2021,9,6,Sports Direct,152,Dallas
Women's Athletic Footwear,2,South,182,491,2021,9,7,Sports Direct,241,Dallas
Men's Apparel,3,South,153,581,2021,9,8,Sports Direct,209,Dallas
Women's Apparel,3,South,264,898,2021,9,9,Sports Direct,467,Dallas
Men's Street Footwear,3,South,256,768,2021,9,10,Sports Direct,284,Dallas
Men's Athletic Footwear,4,South,280,1120,2021,9,11,Sports Direct,459,Dallas
Women's Street Footwear,3,South,215,645,2021,9,12,Sports Direct,252,Dallas
Women's Athletic Footwear,2,South,192,557,2021,9,13,Sports Direct,273,Dallas
Men's Apparel,4,South,150,600,2021,9,14,Sports Direct,222,Dallas
Women's Apparel,4,South,280,1176,2021,9,15,Sports Direct,647,Dallas
Men's Street Footwear,3,South,256,870,2021,9,16,Sports Direct,366,Dallas
Men's Athletic Footwear,3,South,264,898,2021,9,17,Sports Direct,377,Dallas
Women's Street Footwear,3,South,322,1063,2021,9,18,Sports Direct,446,Dallas
Women's Athletic Footwear,3,South,201,643,2021,9,19,Sports Direct,354,Dallas
Men's Apparel,3,South,184,718,2021,9,20,Sports Direct,273,Dallas
Women's Apparel,4,South,272,1278,2021,9,21,Sports Direct,729,Dallas
Men's Street Footwear,3,South,248,843,2021,9,22,Sports Direct,363,Dallas
Men's Athletic Footwear,4,South,256,1101,2021,9,23,Sports Direct,506,Dallas
Women's Street Footwear,3,South,332,1162,2021,9,24,Sports Direct,546,Dallas
Women's Athletic Footwear,3,South,158,600,2021,9,25,Sports Direct,324,Dallas
Men's Apparel,4,South,158,679,2021,9,26,Sports Direct,279,Dallas
Women's Apparel,4,South,240,1032,2021,9,27,Sports Direct,619,Dallas
Men's Street Footwear,3,South,232,882,2021,9,28,Sports Direct,406,Dallas
Men's Athletic Footwear,3,South,203,771,2021,9,29,Sports Direct,363,Dallas
Women's Street Footwear,4,South,254,1194,2021,9,30,Sports Direct,537,Dallas
Women's Athletic Footwear,4,South,135,554,2021,10,1,Sports Direct,304,Dallas
Men's Apparel,3,South,149,551,2021,10,2,Sports Direct,221,Dallas
Women's Apparel,3,South,236,779,2021,10,3,Sports Direct,459,Dallas
Men's Street Footwear,3,South,213,639,2021,10,4,Sports Direct,281,Dallas
Men's Athletic Footwear,2,South,219,635,2021,10,5,Sports Direct,298,Dallas
Women's Street Footwear,3,South,190,608,2021,10,6,Sports Direct,268,Dallas
Women's Athletic Footwear,3,South,145,435,2021,10,7,Sports Direct,235,Dallas
Men's Apparel,3,South,128,384,2021,10,8,Sports Direct,154,Dallas
Women's Apparel,3,South,190,741,2021,10,9,Sports Direct,430,Dallas
Men's Street Footwear,3,South,225,698,2021,10,10,Sports Direct,300,Dallas
Men's Athletic Footwear,2,South,218,589,2021,10,11,Sports Direct,265,Dallas
Women's Street Footwear,5,South,228,1163,2021,10,12,Sports Direct,512,Dallas
Women's Athletic Footwear,5,South,160,800,2021,10,13,Sports Direct,416,Dallas
Men's Apparel,4,South,162,745,2021,10,14,Sports Direct,291,Dallas
Women's Apparel,5,South,236,1204,2021,10,15,Sports Direct,734,Dallas
Men's Street Footwear,4,South,281,1293,2021,10,16,Sports Direct,608,Dallas
Men's Athletic Footwear,3,South,248,967,2021,10,17,Sports Direct,406,Dallas
Women's Street Footwear,4,South,239,1099,2021,10,18,Sports Direct,484,Dallas
Women's Athletic Footwear,4,South,190,836,2021,10,19,Sports Direct,468,Dallas
Men's Apparel,4,South,168,790,2021,10,20,Sports Direct,292,Dallas
Women's Apparel,5,South,256,1382,2021,10,21,Sports Direct,829,Dallas
Men's Street Footwear,3,South,128,435,2021,10,22,Foot Locker,270,Dallas
Men's Athletic Footwear,3,South,68,231,2021,10,23,Foot Locker,90,Dallas
Women's Street Footwear,2,South,72,202,2021,10,24,Foot Locker,85,Dallas
Women's Athletic Footwear,2,South,23,64,2021,10,25,Foot Locker,28,Dallas
Men's Apparel,4,Northeast,41,172,2021,10,26,Foot Locker,71,Philadelphia
Women's Apparel,3,Northeast,70,224,2021,10,27,Foot Locker,76,Philadelphia
Men's Street Footwear,3,Northeast,166,531,2021,10,28,Foot Locker,319,Philadelphia
Men's Athletic Footwear,3,Northeast,44,141,2021,10,29,Foot Locker,56,Philadelphia
Women's Street Footwear,2,Northeast,54,135,2021,10,30,Foot Locker,61,Philadelphia
Women's Athletic Footwear,2,Northeast,17,48,2021,10,31,Foot Locker,20,Philadelphia
Men's Apparel,3,Northeast,40,156,2021,11,1,Foot Locker,58,Philadelphia
Women's Apparel,3,Northeast,74,222,2021,11,2,Foot Locker,78,Philadelphia
Men's Street Footwear,3,Northeast,156,608,2021,11,3,Foot Locker,353,Philadelphia
Men's Athletic Footwear,3,Northeast,53,175,2021,11,4,Foot Locker,65,Philadelphia
Women's Street Footwear,2,Northeast,58,168,2021,11,5,Foot Locker,76,Philadelphia
Women's Athletic Footwear,3,Northeast,8,26,2021,11,6,Foot Locker,11,Philadelphia
Men's Apparel,4,Northeast,24,98,2021,11,7,Foot Locker,33,Philadelphia
Women's Apparel,3,Northeast,61,232,2021,11,8,Foot Locker,72,Philadelphia
Men's Street Footwear,3,Northeast,140,490,2021,11,9,Foot Locker,279,Philadelphia
Men's Athletic Footwear,3,Northeast,51,189,2021,11,10,Foot Locker,60,Philadelphia
Women's Street Footwear,2,Northeast,51,138,2021,11,11,Foot Locker,58,Philadelphia
Women's Athletic Footwear,3,Northeast,24,86,2021,11,12,Foot Locker,33,Philadelphia
Men's Apparel,4,Northeast,26,117,2021,11,13,Foot Locker,43,Philadelphia
Women's Apparel,3,Northeast,64,250,2021,11,14,Foot Locker,67,Philadelphia
Men's Street Footwear,4,Northeast,150,660,2021,11,15,Foot Locker,343,Philadelphia
Men's Athletic Footwear,4,Northeast,54,216,2021,11,16,Foot Locker,71,Philadelphia
Women's Street Footwear,3,Northeast,53,201,2021,11,17,Foot Locker,75,Philadelphia
Women's Athletic Footwear,4,Northeast,34,143,2021,11,18,Foot Locker,57,Philadelphia
Men's Apparel,5,Northeast,39,199,2021,11,19,Foot Locker,74,Philadelphia
Women's Apparel,5,Northeast,78,398,2021,11,20,Foot Locker,147,Philadelphia
Men's Street Footwear,4,Northeast,170,833,2021,11,21,Foot Locker,475,Philadelphia
Men's Athletic Footwear,4,Northeast,85,349,2021,11,22,Foot Locker,136,Philadelphia
Women's Street Footwear,4,Northeast,54,227,2021,11,23,Foot Locker,98,Philadelphia
Women's Athletic Footwear,4,Northeast,53,228,2021,11,24,Foot Locker,107,Philadelphia
Men's Apparel,4,Northeast,48,206,2021,11,25,Foot Locker,87,Philadelphia
Women's Apparel,5,Northeast,105,546,2021,11,26,Foot Locker,191,Philadelphia
Men's Street Footwear,4,Northeast,175,858,2021,11,27,Foot Locker,489,Philadelphia
Men's Athletic Footwear,4,Northeast,99,446,2021,11,28,Foot Locker,174,Philadelphia
Women's Street Footwear,4,Northeast,72,310,2021,11,29,Foot Locker,133,Philadelphia
Women's Athletic Footwear,3,Northeast,56,218,2021,11,30,Foot Locker,103,Philadelphia
Men's Apparel,5,Northeast,64,320,2021,12,1,Foot Locker,128,Philadelphia
Women's Apparel,5,Northeast,116,580,2021,12,2,Foot Locker,209,Philadelphia
Men's Street Footwear,5,Northeast,179,913,2021,12,3,Foot Locker,529,Philadelphia
Men's Athletic Footwear,4,Northeast,102,449,2021,12,4,Foot Locker,188,Philadelphia
Women's Street Footwear,3,Northeast,79,300,2021,12,5,Foot Locker,141,Philadelphia
Women's Athletic Footwear,4,Northeast,62,267,2021,12,6,Foot Locker,123,Philadelphia
Men's Apparel,4,Northeast,54,248,2021,12,7,Foot Locker,97,Philadelphia
Women's Apparel,4,Northeast,123,603,2021,12,8,Foot Locker,217,Philadelphia
Men's Street Footwear,4,Northeast,162,745,2021,12,9,Foot Locker,388,Philadelphia
Men's Athletic Footwear,4,Northeast,91,364,2021,12,10,Foot Locker,124,Philadelphia
Women's Street Footwear,3,Northeast,60,192,2021,12,11,Foot Locker,77,Philadelphia
Women's Athletic Footwear,3,Northeast,53,170,2021,12,12,Foot Locker,70,Philadelphia
Men's Apparel,3,Northeast,41,148,2021,12,13,Foot Locker,50,Philadelphia
Women's Apparel,4,Northeast,79,379,2021,12,14,Foot Locker,118,Philadelphia
Men's Street Footwear,4,Northeast,124,583,2021,12,15,Foot Locker,309,Philadelphia
Men's Athletic Footwear,3,Northeast,68,238,2021,12,16,Foot Locker,76,Philadelphia
Women's Street Footwear,3,Northeast,38,144,2021,12,17,Foot Locker,55,Philadelphia
Women's Athletic Footwear,4,Northeast,34,136,2021,12,18,Foot Locker,52,Philadelphia
Men's Apparel,4,Northeast,30,129,2021,12,19,Foot Locker,43,Philadelphia
Women's Apparel,4,Northeast,74,311,2021,12,20,Foot Locker,99,Philadelphia
Men's Street Footwear,4,Northeast,124,595,2021,12,21,Foot Locker,357,Philadelphia
Men's Athletic Footwear,4,Northeast,68,292,2021,12,22,Foot Locker,123,Philadelphia
Women's Street Footwear,4,Northeast,66,310,2021,12,23,Foot Locker,136,Philadelphia
Women's Athletic Footwear,4,Northeast,60,258,2021,12,24,Foot Locker,119,Philadelphia
Men's Apparel,5,Northeast,48,245,2021,12,25,Foot Locker,95,Philadelphia
Women's Apparel,5,Northeast,75,398,2021,12,26,Foot Locker,143,Philadelphia
Men's Street Footwear,5,Northeast,143,758,2021,12,27,Foot Locker,462,Philadelphia
Men's Athletic Footwear,4,Northeast,85,400,2021,12,28,Foot Locker,164,Philadelphia
Women's Street Footwear,4,Northeast,79,348,2021,12,29,Foot Locker,153,Philadelphia
Women's Athletic Footwear,4,Northeast,53,212,2021,12,30,Foot Locker,95,Philadelphia
Men's Apparel,4,Northeast,56,258,2021,12,31,Foot Locker,100,Philadelphia
Women's Apparel,5,Northeast,83,440,2020,1,1,Foot Locker,141,Philadelphia
Men's Street Footwear,2,Northeast,158,427,2020,1,2,West Gear,179,Philadelphia
Men's Athletic Footwear,3,Northeast,135,473,2020,1,3,West Gear,146,Philadelphia
Women's Street Footwear,3,Northeast,140,504,2020,1,4,West Gear,237,Philadelphia
Women's Athletic Footwear,3,Northeast,90,306,2020,1,5,West Gear,125,Philadelphia
Men's Apparel,3,West,80,296,2020,1,6,West Gear,169,Las Vegas
Women's Apparel,3,West,166,598,2020,1,7,West Gear,143,Las Vegas
Men's Street Footwear,2,West,173,467,2020,1,8,West Gear,201,Las Vegas
Men's Athletic Footwear,3,West,145,508,2020,1,9,West Gear,157,Las Vegas
Women's Street Footwear,3,West,140,434,2020,1,10,West Gear,187,Las Vegas
Women's Athletic Footwear,3,West,85,255,2020,1,11,West Gear,105,Las Vegas
Men's Apparel,3,West,70,259,2020,1,12,West Gear,158,Las Vegas
Women's Apparel,3,West,140,434,2020,1,13,West Gear,100,Las Vegas
Men's Street Footwear,3,West,182,564,2020,1,14,West Gear,254,Las Vegas
Men's Athletic Footwear,4,West,124,521,2020,1,15,West Gear,167,Las Vegas
Women's Street Footwear,4,West,128,550,2020,1,16,West Gear,259,Las Vegas
Women's Athletic Footwear,4,West,93,381,2020,1,17,West Gear,156,Las Vegas
Men's Apparel,4,West,60,264,2020,1,18,West Gear,164,Las Vegas
Women's Apparel,3,West,124,484,2020,1,19,West Gear,126,Las Vegas
Men's Street Footwear,4,West,171,701,2020,1,20,West Gear,294,Las Vegas
Men's Athletic Footwear,4,West,116,534,2020,1,21,West Gear,155,Las Vegas
Women's Street Footwear,4,West,120,564,2020,1,22,West Gear,254,Las Vegas
Women's Athletic Footwear,4,West,90,360,2020,1,23,West Gear,148,Las Vegas
Men's Apparel,4,West,62,291,2020,1,24,West Gear,178,Las Vegas
Women's Apparel,5,West,123,664,2020,1,25,West Gear,179,Las Vegas
Men's Street Footwear,4,West,171,735,2020,1,26,West Gear,353,Las Vegas
Men's Athletic Footwear,4,West,120,516,2020,1,27,West Gear,181,Las Vegas
Women's Street Footwear,4,West,132,647,2020,1,28,West Gear,304,Las Vegas
Women's Athletic Footwear,4,West,105,494,2020,1,29,West Gear,227,Las Vegas
Men's Apparel,4,West,66,284,2020,1,30,West Gear,187,Las Vegas
Women's Apparel,5,West,140,756,2020,1,31,West Gear,242,Las Vegas
Men's Street Footwear,4,West,245,1152,2020,2,1,West Gear,576,Las Vegas
Men's Athletic Footwear,5,West,182,928,2020,2,2,West Gear,334,Las Vegas
Women's Street Footwear,4,West,176,810,2020,2,3,West Gear,389,Las Vegas
Women's Athletic Footwear,4,West,145,682,2020,2,4,West Gear,307,Las Vegas
Men's Apparel,4,West,105,494,2020,2,5,West Gear,321,Las Vegas
Women's Apparel,5,West,192,1094,2020,2,6,West Gear,306,Las Vegas
Men's Street Footwear,4,West,233,1118,2020,2,7,West Gear,492,Las Vegas
Men's Athletic Footwear,4,West,204,938,2020,2,8,West Gear,253,Las Vegas
Women's Street Footwear,4,West,171,804,2020,2,9,West Gear,362,Las Vegas
Women's Athletic Footwear,4,West,140,644,2020,2,10,West Gear,270,Las Vegas
Men's Apparel,4,West,150,705,2020,2,11,West Gear,416,Las Vegas
Women's Apparel,6,West,170,1037,2020,2,12,West Gear,280,Las Vegas
Men's Street Footwear,4,West,238,1047,2020,2,13,West Gear,482,Las Vegas
Men's Athletic Footwear,5,West,208,1165,2020,2,14,West Gear,338,Las Vegas
Women's Street Footwear,4,West,179,788,2020,2,15,West Gear,331,Las Vegas
Women's Athletic Footwear,4,West,152,638,2020,2,16,West Gear,268,Las Vegas
Men's Apparel,5,West,152,760,2020,2,17,West Gear,448,Las Vegas
Women's Apparel,5,West,128,704,2020,2,18,West Gear,183,Las Vegas
Men's Street Footwear,4,West,186,763,2020,2,19,West Gear,290,Las Vegas
Men's Athletic Footwear,5,West,180,918,2020,2,20,West Gear,248,Las Vegas
Women's Street Footwear,4,West,144,662,2020,2,21,West Gear,272,Las Vegas
Women's Athletic Footwear,4,West,124,533,2020,2,22,West Gear,187,Las Vegas
Men's Apparel,5,West,128,678,2020,2,23,West Gear,360,Las Vegas
Women's Apparel,5,West,140,756,2020,2,24,West Gear,159,Las Vegas
Men's Street Footwear,4,West,171,804,2020,2,25,West Gear,321,Las Vegas
Men's Athletic Footwear,5,West,193,965,2020,2,26,West Gear,241,Las Vegas
Women's Street Footwear,4,West,113,531,2020,2,27,West Gear,223,Las Vegas
Women's Athletic Footwear,4,West,119,512,2020,2,28,West Gear,169,Las Vegas
Men's Apparel,4,West,107,514,2020,3,1,West Gear,277,Las Vegas
Women's Apparel,5,West,120,636,2020,3,2,West Gear,140,Las Vegas
Men's Street Footwear,4,West,196,921,2020,3,3,West Gear,387,Las Vegas
Men's Athletic Footwear,5,West,201,1045,2020,3,4,West Gear,261,Las Vegas
Women's Street Footwear,4,West,140,616,2020,3,5,West Gear,259,Las Vegas
Women's Athletic Footwear,4,West,132,568,2020,3,6,West Gear,199,Las Vegas
Men's Apparel,4,West,119,547,2020,3,7,West Gear,296,Las Vegas
Women's Apparel,5,West,162,826,2020,3,8,West Gear,174,Las Vegas
Men's Street Footwear,4,West,216,1015,2020,3,9,West Gear,376,Las Vegas
Men's Athletic Footwear,5,West,209,1045,2020,3,10,West Gear,261,Las Vegas
Women's Street Footwear,4,West,166,780,2020,3,11,West Gear,328,Las Vegas
Women's Athletic Footwear,4,West,166,664,2020,3,12,West Gear,239,Las Vegas
Men's Apparel,4,West,136,666,2020,3,13,West Gear,360,Las Vegas
Women's Apparel,5,West,170,952,2020,3,14,West Gear,171,Las Vegas
Men's Street Footwear,2,West,149,298,2020,3,15,West Gear,119,Las Vegas
Men's Athletic Footwear,3,West,145,450,2020,3,16,West Gear,112,Las Vegas
Women's Street Footwear,2,West,128,333,2020,3,17,West Gear,140,Las Vegas
Women's Athletic Footwear,2,West,96,250,2020,3,18,West Gear,85,Las Vegas
Men's Apparel,3,South,123,369,2021,3,14,Sports Direct,125,Knoxville
Women's Apparel,2,South,170,408,2021,3,15,Sports Direct,216,Knoxville
Men's Street Footwear,1,South,202,364,2021,3,16,Sports Direct,135,Knoxville
Men's Athletic Footwear,2,South,219,504,2021,3,17,Sports Direct,196,Knoxville
Women's Street Footwear,2,South,140,322,2021,3,18,Sports Direct,126,Knoxville
Women's Athletic Footwear,2,South,128,358,2021,3,19,Sports Direct,176,Knoxville
Men's Apparel,2,South,94,273,2021,3,20,Sports Direct,87,Knoxville
Women's Apparel,2,South,143,400,2021,3,21,Sports Direct,224,Knoxville
Men's Street Footwear,2,South,221,442,2021,3,22,Sports Direct,190,Knoxville
Men's Athletic Footwear,3,South,195,605,2021,3,23,Sports Direct,284,Knoxville
Women's Street Footwear,2,South,166,365,2021,3,24,Sports Direct,157,Knoxville
Women's Athletic Footwear,2,South,124,310,2021,3,25,Sports Direct,174,Knoxville
Men's Apparel,2,South,88,238,2021,3,26,Sports Direct,97,Knoxville
Women's Apparel,2,South,145,363,2021,3,27,Sports Direct,221,Knoxville
Men's Street Footwear,1,South,203,264,2021,3,28,Sports Direct,119,Knoxville
Men's Athletic Footwear,1,South,203,345,2021,3,29,Sports Direct,145,Knoxville
Women's Street Footwear,1,South,170,255,2021,3,30,Sports Direct,112,Knoxville
Women's Athletic Footwear,2,South,128,256,2021,3,31,Sports Direct,143,Knoxville
Men's Apparel,2,South,105,210,2021,4,1,Sports Direct,80,Knoxville
Women's Apparel,1,South,196,353,2021,4,2,Sports Direct,215,Knoxville
Men's Street Footwear,1,South,247,296,2021,4,3,Sports Direct,133,Knoxville
Men's Athletic Footwear,2,South,240,480,2021,4,4,Sports Direct,211,Knoxville
Women's Street Footwear,1,South,204,286,2021,4,5,Sports Direct,131,Knoxville
Women's Athletic Footwear,2,South,179,358,2021,4,6,Sports Direct,193,Knoxville
Men's Apparel,3,South,132,436,2021,4,7,Sports Direct,179,Knoxville
Women's Apparel,3,South,271,840,2021,4,8,Sports Direct,496,Knoxville
Men's Street Footwear,2,South,256,717,2021,4,9,Sports Direct,337,Knoxville
Men's Athletic Footwear,3,South,240,768,2021,4,10,Sports Direct,361,Knoxville
Women's Street Footwear,2,South,202,525,2021,4,11,Sports Direct,231,Knoxville
Women's Athletic Footwear,2,South,198,574,2021,4,12,Sports Direct,322,Knoxville
Men's Apparel,3,South,150,450,2021,4,13,Sports Direct,176,Knoxville
Women's Apparel,3,South,306,1132,2021,4,14,Sports Direct,668,Knoxville
Men's Street Footwear,2,South,272,789,2021,4,15,Sports Direct,394,Knoxville
Men's Athletic Footwear,3,South,264,792,2021,4,16,Sports Direct,396,Knoxville
Women's Street Footwear,3,South,322,966,2021,4,17,Sports Direct,483,Knoxville
Women's Athletic Footwear,3,South,196,627,2021,4,18,Sports Direct,383,Knoxville
Men's Apparel,3,South,182,601,2021,4,19,Sports Direct,270,Knoxville
Women's Apparel,3,South,272,1034,2021,4,20,Sports Direct,641,Knoxville
Men's Street Footwear,2,South,233,676,2021,4,21,Sports Direct,345,Knoxville
Men's Athletic Footwear,4,South,271,1192,2021,4,22,Sports Direct,608,Knoxville
Women's Street Footwear,3,South,314,1225,2021,4,23,Sports Direct,576,Knoxville
Women's Athletic Footwear,3,South,162,518,2021,4,24,Sports Direct,306,Knoxville
Men's Apparel,3,South,143,501,2021,4,25,Sports Direct,225,Knoxville
Women's Apparel,4,South,232,928,2021,4,26,Sports Direct,622,Knoxville
Men's Street Footwear,4,South,209,836,2021,4,27,Sports Direct,418,Knoxville
Men's Athletic Footwear,3,South,213,703,2021,4,28,Sports Direct,330,Knoxville
Women's Street Footwear,4,South,203,812,2021,4,29,Sports Direct,414,Knoxville
Women's Athletic Footwear,4,South,136,544,2021,4,30,Sports Direct,310,Knoxville
Men's Apparel,3,South,120,468,2021,5,1,Sports Direct,201,Knoxville
Women's Apparel,3,South,219,657,2021,5,2,Sports Direct,407,Knoxville
Men's Street Footwear,2,South,201,563,2021,5,3,Sports Direct,293,Knoxville
Men's Athletic Footwear,2,South,178,445,2021,5,4,Sports Direct,214,Knoxville
Women's Street Footwear,2,South,163,440,2021,5,5,Sports Direct,211,Knoxville
Women's Athletic Footwear,3,South,131,393,2021,5,6,Sports Direct,236,Knoxville
Men's Apparel,2,South,109,305,2021,5,7,Sports Direct,134,Knoxville
Women's Apparel,2,South,179,519,2021,5,8,Sports Direct,348,Knoxville
Men's Street Footwear,2,South,203,487,2021,5,9,Sports Direct,234,Knoxville
Men's Athletic Footwear,2,South,223,468,2021,5,10,Sports Direct,229,Knoxville
Women's Street Footwear,3,South,204,755,2021,5,11,Sports Direct,355,Knoxville
Women's Athletic Footwear,3,South,157,597,2021,5,12,Sports Direct,370,Knoxville
Men's Apparel,4,South,140,602,2021,5,13,Sports Direct,277,Knoxville
Women's Apparel,4,South,202,869,2021,5,14,Sports Direct,573,Knoxville
Men's Street Footwear,3,South,248,967,2021,5,15,Sports Direct,464,Knoxville
Men's Athletic Footwear,3,South,264,977,2021,5,16,Sports Direct,479,Knoxville
Women's Street Footwear,4,South,210,924,2021,5,17,Sports Direct,471,Knoxville
Women's Athletic Footwear,4,South,176,774,2021,5,18,Sports Direct,465,Knoxville
Men's Apparel,3,South,160,608,2021,5,19,Sports Direct,286,Knoxville
Women's Apparel,4,South,225,1103,2021,5,20,Sports Direct,695,Knoxville
Men's Street Footwear,2,South,140,378,2021,5,21,Foot Locker,166,Knoxville
Men's Athletic Footwear,2,South,70,161,2021,5,22,Foot Locker,66,Knoxville
Women's Street Footwear,1,South,74,141,2021,5,23,Foot Locker,55,Knoxville
Women's Athletic Footwear,2,South,23,51,2021,5,24,Foot Locker,22,Knoxville
Men's Apparel,3,South,114,353,2021,8,5,Sports Direct,145,Birmingham
Women's Apparel,2,South,152,365,2021,8,6,Sports Direct,215,Birmingham
Men's Street Footwear,1,South,206,330,2021,8,7,Sports Direct,155,Birmingham
Men's Athletic Footwear,2,South,192,499,2021,8,8,Sports Direct,210,Birmingham
Women's Street Footwear,2,South,136,354,2021,8,9,Sports Direct,156,Birmingham
Women's Athletic Footwear,2,South,113,271,2021,8,10,Sports Direct,146,Birmingham
Men's Apparel,2,South,85,247,2021,8,11,Sports Direct,96,Birmingham
Women's Apparel,2,South,144,389,2021,8,12,Sports Direct,222,Birmingham
Men's Street Footwear,2,South,194,446,2021,8,13,Sports Direct,219,Birmingham
Men's Athletic Footwear,3,South,194,621,2021,8,14,Sports Direct,292,Birmingham
Women's Street Footwear,2,South,144,288,2021,8,15,Sports Direct,147,Birmingham
Women's Athletic Footwear,2,South,116,267,2021,8,16,Sports Direct,163,Birmingham
Men's Apparel,2,South,88,246,2021,8,17,Sports Direct,113,Birmingham
Women's Apparel,2,South,120,312,2021,8,18,Sports Direct,206,Birmingham
Men's Street Footwear,1,South,215,323,2021,8,19,Sports Direct,168,Birmingham
Men's Athletic Footwear,1,South,202,323,2021,8,20,Sports Direct,152,Birmingham
Women's Street Footwear,1,South,152,167,2021,8,21,Sports Direct,79,Birmingham
Women's Athletic Footwear,1,South,116,174,2021,8,22,Sports Direct,104,Birmingham
Men's Apparel,1,South,88,167,2021,8,23,Sports Direct,70,Birmingham
Women's Apparel,1,South,165,231,2021,8,24,Sports Direct,155,Birmingham
Men's Street Footwear,0,South,224,157,2021,8,25,Sports Direct,74,Birmingham
Men's Athletic Footwear,1,South,218,349,2021,8,26,Sports Direct,171,Birmingham
Women's Street Footwear,1,South,190,209,2021,8,27,Sports Direct,109,Birmingham
Women's Athletic Footwear,2,South,165,429,2021,8,28,Sports Direct,262,Birmingham
Men's Apparel,3,South,132,515,2021,8,29,Sports Direct,216,Birmingham
Women's Apparel,3,South,263,947,2021,8,30,Sports Direct,625,Birmingham
Men's Street Footwear,3,South,225,675,2021,8,31,Sports Direct,324,Birmingham
Men's Athletic Footwear,3,South,233,816,2021,9,1,Sports Direct,383,Birmingham
Women's Street Footwear,3,South,228,798,2021,9,2,Sports Direct,407,Birmingham
Women's Athletic Footwear,3,South,210,651,2021,9,3,Sports Direct,391,Birmingham
Men's Apparel,3,South,165,627,2021,9,4,Sports Direct,295,Birmingham
Women's Apparel,3,South,280,1008,2021,9,5,Sports Direct,645,Birmingham
Men's Street Footwear,3,South,256,794,2021,9,6,Sports Direct,421,Birmingham
Men's Athletic Footwear,3,South,264,977,2021,9,7,Sports Direct,537,Birmingham
Women's Street Footwear,3,South,322,998,2021,9,8,Sports Direct,559,Birmingham
Women's Athletic Footwear,3,South,196,706,2021,9,9,Sports Direct,473,Birmingham
Men's Apparel,3,South,179,627,2021,9,10,Sports Direct,326,Birmingham
Women's Apparel,4,South,280,1316,2021,9,11,Sports Direct,921,Birmingham
Men's Street Footwear,2,South,233,629,2021,9,12,Sports Direct,346,Birmingham
Men's Athletic Footwear,3,South,233,909,2021,9,13,Sports Direct,491,Birmingham
Women's Street Footwear,3,South,278,1001,2021,9,14,Sports Direct,530,Birmingham
Women's Athletic Footwear,3,South,140,518,2021,9,15,Sports Direct,332,Birmingham
Men's Apparel,4,South,140,588,2021,9,16,Sports Direct,294,Birmingham
Women's Apparel,3,South,203,792,2021,9,17,Sports Direct,562,Birmingham
Men's Street Footwear,3,South,206,783,2021,9,18,Sports Direct,431,Birmingham
Men's Athletic Footwear,3,South,173,623,2021,9,19,Sports Direct,343,Birmingham
Women's Street Footwear,4,South,213,1001,2021,9,20,Sports Direct,561,Birmingham
Women's Athletic Footwear,4,South,105,462,2021,9,21,Sports Direct,305,Birmingham
Men's Apparel,3,South,116,406,2021,9,22,Sports Direct,195,Birmingham
Women's Apparel,2,South,190,494,2021,9,23,Sports Direct,356,Birmingham
Men's Street Footwear,2,South,184,368,2021,9,24,Sports Direct,191,Birmingham
Men's Athletic Footwear,2,South,173,398,2021,9,25,Sports Direct,219,Birmingham
Women's Street Footwear,2,South,166,398,2021,9,26,Sports Direct,215,Birmingham
Women's Athletic Footwear,2,South,98,255,2021,9,27,Sports Direct,171,Birmingham
Men's Apparel,2,South,105,231,2021,9,28,Sports Direct,113,Birmingham
Women's Apparel,2,South,147,382,2021,9,29,Sports Direct,275,Birmingham
Men's Street Footwear,1,South,188,263,2021,9,30,Sports Direct,150,Birmingham
Men's Athletic Footwear,1,South,200,280,2021,10,1,Sports Direct,146,Birmingham
Women's Street Footwear,3,South,196,647,2021,10,2,Sports Direct,356,Birmingham
Women's Athletic Footwear,3,South,135,486,2021,10,3,Sports Direct,326,Birmingham
Men's Apparel,3,South,149,551,2021,10,4,Sports Direct,265,Birmingham
Women's Apparel,4,South,188,846,2021,10,5,Sports Direct,584,Birmingham
Men's Street Footwear,4,South,240,1104,2021,10,6,Sports Direct,618,Birmingham
Men's Athletic Footwear,4,South,248,992,2021,10,7,Sports Direct,526,Birmingham
Women's Street Footwear,4,South,217,1020,2021,10,8,Sports Direct,551,Birmingham
Women's Athletic Footwear,5,South,193,1004,2021,10,9,Sports Direct,632,Birmingham
Men's Apparel,4,South,155,620,2021,10,10,Sports Direct,291,Birmingham
Women's Apparel,5,South,225,1260,2021,10,11,Sports Direct,907,Birmingham
Men's Street Footwear,2,South,140,378,2021,10,12,Amazon,147,Birmingham
Men's Athletic Footwear,3,South,88,264,2021,10,13,Amazon,108,Birmingham
Women's Street Footwear,2,South,83,191,2021,10,14,Amazon,80,Birmingham
Women's Athletic Footwear,2,South,30,75,2021,10,15,Amazon,25,Birmingham
Women's Athletic Footwear,3,Southeast,94,338,2021,2,17,Sports Direct,125,Orlando
Men's Apparel,4,Southeast,62,273,2021,2,17,Sports Direct,65,Orlando
Women's Apparel,3,Southeast,124,409,2021,2,17,Sports Direct,209,Orlando
Men's Street Footwear,3,Southeast,171,599,2021,3,16,Sports Direct,203,Orlando
Men's Athletic Footwear,4,Southeast,124,546,2021,3,16,Sports Direct,169,Orlando
Women's Street Footwear,4,Southeast,149,700,2021,3,16,Sports Direct,224,Orlando
Women's Athletic Footwear,4,Southeast,114,479,2021,3,16,Sports Direct,168,Orlando
Men's Apparel,4,Southeast,60,264,2021,3,16,Sports Direct,69,Orlando
Women's Apparel,4,Southeast,131,629,2021,3,16,Sports Direct,296,Orlando
Men's Street Footwear,4,Southeast,171,804,2021,4,17,Walmart,289,Orlando
Men's Athletic Footwear,5,Southeast,105,536,2021,4,17,Walmart,145,Orlando
Women's Street Footwear,4,Southeast,132,647,2021,4,17,Walmart,220,Orlando
Women's Athletic Footwear,4,Southeast,90,369,2021,4,17,Walmart,129,Orlando
Men's Apparel,4,Southeast,60,282,2021,4,17,Walmart,62,Orlando
Women's Apparel,5,Southeast,113,644,2021,4,17,Walmart,322,Orlando
Men's Street Footwear,4,Southeast,201,884,2021,5,18,Walmart,292,Orlando
Men's Athletic Footwear,4,Southeast,132,607,2021,5,18,Walmart,170,Orlando
Women's Street Footwear,4,Southeast,132,607,2021,5,18,Walmart,219,Orlando
Women's Athletic Footwear,3,Southeast,107,417,2021,5,18,Walmart,142,Orlando
Men's Apparel,4,Southeast,68,286,2021,5,18,Walmart,71,Orlando
Women's Apparel,4,Southeast,173,830,2021,5,18,Walmart,390,Orlando
Men's Street Footwear,5,Southeast,272,1360,2021,6,17,Walmart,435,Orlando
Men's Athletic Footwear,5,Southeast,224,1187,2021,6,17,Walmart,344,Orlando
Women's Street Footwear,6,Southeast,238,1428,2021,6,17,Walmart,471,Orlando
Women's Athletic Footwear,6,Southeast,196,1294,2021,6,17,Walmart,479,Orlando
Men's Apparel,7,Southeast,153,1086,2021,6,17,Walmart,239,Orlando
Women's Apparel,7,Southeast,248,1835,2021,6,17,Walmart,863,Orlando
Men's Street Footwear,6,Southeast,297,2020,2021,7,16,Walmart,747,Orlando
Men's Athletic Footwear,7,Southeast,263,1946,2021,7,16,Walmart,545,Orlando
Women's Street Footwear,7,Southeast,238,1714,2021,7,16,Walmart,583,Orlando
Women's Athletic Footwear,5,Southeast,186,1097,2021,7,16,Walmart,362,Orlando
Men's Apparel,6,Southeast,208,1414,2021,7,16,Walmart,311,Orlando
Women's Apparel,7,Southeast,195,1463,2021,7,16,Walmart,687,Orlando
Men's Street Footwear,6,Southeast,255,1734,2021,8,17,Walmart,624,Orlando
Men's Athletic Footwear,6,Southeast,272,1632,2021,8,17,Walmart,441,Orlando
Women's Street Footwear,6,Southeast,231,1432,2021,8,17,Walmart,473,Orlando
Women's Athletic Footwear,6,Southeast,147,941,2021,8,17,Walmart,310,Orlando
Men's Apparel,6,Southeast,166,1046,2021,8,17,Walmart,251,Orlando
Women's Apparel,6,Southeast,96,576,2021,8,17,Walmart,282,Orlando
Men's Street Footwear,4,Southeast,155,682,2021,9,18,Walmart,252,Orlando
Men's Athletic Footwear,4,Southeast,150,675,2021,9,18,Walmart,209,Orlando
Women's Street Footwear,3,Southeast,96,374,2021,9,18,Walmart,124,Orlando
Women's Athletic Footwear,4,Southeast,78,343,2021,9,18,Walmart,127,Orlando
Men's Apparel,5,Southeast,94,508,2021,9,18,Walmart,117,Orlando
Women's Apparel,4,Southeast,99,416,2021,9,18,Walmart,204,Orlando
Men's Street Footwear,3,Southeast,140,546,2021,10,17,Walmart,202,Orlando
Men's Athletic Footwear,4,Southeast,190,817,2021,10,17,Walmart,237,Orlando
Women's Street Footwear,4,Southeast,128,550,2021,10,17,Walmart,187,Orlando
Women's Athletic Footwear,4,Southeast,120,480,2021,10,17,Walmart,168,Orlando
Men's Apparel,4,Southeast,116,545,2021,10,17,Walmart,120,Orlando
Women's Apparel,5,Southeast,140,742,2021,10,17,Walmart,386,Orlando
Men's Street Footwear,4,Southeast,188,771,2021,11,17,Walmart,262,Orlando
Men's Athletic Footwear,4,Southeast,231,1063,2021,11,17,Walmart,340,Orlando
Women's Street Footwear,4,Southeast,173,761,2021,11,17,Walmart,282,Orlando
Women's Athletic Footwear,4,Southeast,170,799,2021,11,17,Walmart,272,Orlando
Men's Apparel,5,Southeast,147,853,2021,11,17,Walmart,230,Orlando
Women's Apparel,6,Southeast,198,1307,2021,11,17,Walmart,653,Orlando
Men's Street Footwear,5,Southeast,280,1624,2021,12,16,Walmart,585,Orlando
Men's Athletic Footwear,5,Southeast,256,1408,2021,12,16,Walmart,436,Orlando
Women's Street Footwear,6,Southeast,204,1306,2021,12,16,West Gear,431,Orlando
Women's Athletic Footwear,5,Southeast,204,1183,2021,12,16,West Gear,402,Orlando
Men's Apparel,6,Southeast,179,1146,2021,12,16,West Gear,298,Orlando
Women's Apparel,6,Southeast,200,1280,2021,12,16,West Gear,614,Orlando
Men's Street Footwear,3,Southeast,272,816,2021,1,12,West Gear,416,Orlando
Men's Athletic Footwear,3,Southeast,221,796,2021,1,12,West Gear,318,Orlando
Women's Street Footwear,2,Southeast,202,525,2021,1,12,West Gear,152,Orlando
Women's Athletic Footwear,3,Southeast,170,510,2021,1,12,West Gear,189,Orlando
Men's Apparel,3,Southeast,193,695,2021,1,12,West Gear,285,Orlando
Women's Apparel,3,Southeast,221,774,2021,1,12,West Gear,425,Orlando
Men's Street Footwear,3,Southeast,288,1037,2021,2,10,West Gear,487,Orlando
Men's Athletic Footwear,3,Southeast,165,512,2021,2,10,West Gear,210,Orlando
Women's Street Footwear,2,Southeast,204,469,2021,2,10,West Gear,150,Orlando
Women's Athletic Footwear,2,Southeast,64,179,2021,2,24,Foot Locker,73,Richmond
Men's Apparel,2,Southeast,39,113,2021,2,24,Foot Locker,51,Richmond
Women's Apparel,3,Southeast,107,321,2021,2,24,Foot Locker,116,Richmond
Men's Street Footwear,3,Southeast,162,486,2021,3,23,Foot Locker,185,Richmond
Men's Athletic Footwear,3,Southeast,98,343,2021,3,23,Foot Locker,141,Richmond
Women's Street Footwear,4,Southeast,112,482,2021,3,23,Foot Locker,197,Richmond
Women's Athletic Footwear,3,Southeast,78,296,2021,3,23,Foot Locker,116,Richmond
Men's Apparel,4,Southeast,33,142,2021,3,23,Foot Locker,60,Richmond
Women's Apparel,3,Southeast,102,357,2021,3,23,Foot Locker,129,Richmond
Men's Street Footwear,3,Southeast,147,559,2021,4,24,Foot Locker,207,Richmond
Men's Athletic Footwear,4,Southeast,85,374,2021,4,24,Foot Locker,153,Richmond
Women's Street Footwear,4,Southeast,114,467,2021,4,24,Foot Locker,173,Richmond
Women's Athletic Footwear,3,Southeast,68,218,2021,4,24,Foot Locker,91,Richmond
Men's Apparel,4,Southeast,40,160,2021,4,24,Foot Locker,67,Richmond
Women's Apparel,4,Southeast,90,423,2021,4,24,Foot Locker,152,Richmond
Men's Street Footwear,3,Southeast,175,683,2021,5,25,Foot Locker,273,Richmond
Men's Athletic Footwear,4,Southeast,105,420,2021,5,25,Foot Locker,172,Richmond
Women's Street Footwear,3,Southeast,109,403,2021,5,25,Foot Locker,149,Richmond
Women's Athletic Footwear,3,Southeast,85,281,2021,5,25,Foot Locker,107,Richmond
Men's Apparel,3,Southeast,54,184,2021,5,25,Foot Locker,79,Richmond
Women's Apparel,4,Southeast,168,739,2021,5,25,Foot Locker,259,Richmond
Men's Street Footwear,3,Southeast,233,862,2021,6,24,Foot Locker,319,Richmond
Men's Athletic Footwear,4,Southeast,221,995,2021,6,24,Foot Locker,408,Richmond
Women's Street Footwear,5,Southeast,208,1206,2021,6,24,Foot Locker,446,Richmond
Women's Athletic Footwear,6,Southeast,184,1122,2021,6,24,Foot Locker,460,Richmond
Men's Apparel,6,Southeast,128,870,2021,6,24,Foot Locker,400,Richmond
Women's Apparel,8,Southeast,231,1894,2021,6,24,Foot Locker,701,Richmond
Men's Street Footwear,6,Southeast,272,1632,2021,7,23,Foot Locker,604,Richmond
Men's Athletic Footwear,6,Southeast,224,1344,2021,7,23,Foot Locker,511,Richmond
Women's Street Footwear,6,Southeast,208,1290,2021,7,23,Foot Locker,490,Richmond
Women's Athletic Footwear,6,Southeast,187,1216,2021,7,23,Foot Locker,511,Richmond
Men's Apparel,7,Southeast,210,1512,2021,7,23,Foot Locker,650,Richmond
Women's Apparel,8,Southeast,186,1525,2021,7,23,Foot Locker,503,Richmond
Men's Street Footwear,6,Southeast,272,1822,2021,8,24,Foot Locker,729,Richmond
Men's Athletic Footwear,5,Southeast,240,1272,2021,8,24,Foot Locker,534,Richmond
Women's Street Footwear,5,Southeast,215,1140,2021,8,24,Foot Locker,422,Richmond
Women's Athletic Footwear,5,Southeast,136,707,2021,8,24,Foot Locker,276,Richmond
Men's Apparel,5,Southeast,132,673,2021,8,24,Foot Locker,303,Richmond
Women's Apparel,5,Southeast,80,440,2021,8,24,Foot Locker,150,Richmond
Men's Street Footwear,3,Southeast,149,522,2021,9,25,Foot Locker,219,Richmond
Men's Athletic Footwear,4,Southeast,153,658,2021,9,25,Foot Locker,257,Richmond
Women's Street Footwear,3,Southeast,78,265,2021,9,25,Foot Locker,106,Richmond
Women's Athletic Footwear,3,Southeast,70,259,2021,9,25,Foot Locker,104,Richmond
Men's Apparel,3,Southeast,74,289,2021,9,25,Foot Locker,136,Richmond
Women's Apparel,3,Southeast,83,274,2021,9,25,Foot Locker,99,Richmond
Men's Street Footwear,2,Southeast,119,333,2021,10,24,Foot Locker,133,Richmond
Men's Athletic Footwear,3,Southeast,173,675,2021,10,24,Foot Locker,256,Richmond
Women's Street Footwear,3,Southeast,119,464,2021,10,24,Foot Locker,195,Richmond
Women's Athletic Footwear,3,Southeast,101,313,2021,10,24,Foot Locker,116,Richmond
Men's Apparel,4,Southeast,105,441,2021,10,24,Foot Locker,207,Richmond
Women's Apparel,4,Southeast,109,436,2021,10,24,Foot Locker,140,Richmond
Men's Street Footwear,3,Southeast,173,588,2021,11,24,Foot Locker,247,Richmond
Men's Athletic Footwear,3,Southeast,221,751,2021,11,24,Foot Locker,278,Richmond
Women's Street Footwear,3,Southeast,143,472,2021,11,24,Foot Locker,184,Richmond
Women's Athletic Footwear,3,Southeast,144,518,2021,11,24,Foot Locker,202,Richmond
Men's Apparel,5,Southeast,136,762,2021,11,24,Foot Locker,335,Richmond
Women's Apparel,6,Southeast,176,1056,2021,11,24,Foot Locker,348,Richmond
Men's Street Footwear,4,Southeast,248,1215,2021,12,23,Foot Locker,486,Richmond
Men's Athletic Footwear,5,Southeast,225,1215,2021,12,23,Foot Locker,498,Richmond
Women's Street Footwear,5,Southeast,165,875,2021,12,23,Sports Direct,350,Richmond
Women's Athletic Footwear,5,Southeast,176,898,2021,12,23,Sports Direct,350,Richmond
Men's Apparel,5,Southeast,157,926,2021,12,23,Sports Direct,389,Richmond
Women's Apparel,6,Southeast,190,1235,2021,12,23,Sports Direct,432,Richmond
Men's Street Footwear,2,Southeast,233,536,2021,1,19,Sports Direct,279,Richmond
Men's Athletic Footwear,2,Southeast,187,524,2021,1,19,Sports Direct,246,Richmond
Women's Street Footwear,1,Southeast,176,317,2021,1,19,Sports Direct,101,Richmond
Women's Athletic Footwear,2,Southeast,136,286,2021,1,19,Sports Direct,120,Richmond
Men's Apparel,3,Southeast,140,420,2021,1,19,Sports Direct,189,Richmond
Women's Apparel,2,Southeast,193,483,2021,1,19,Sports Direct,280,Richmond
Men's Street Footwear,2,Southeast,256,666,2021,2,17,Sports Direct,366,Richmond
Men's Athletic Footwear,2,Southeast,153,413,2021,2,17,Sports Direct,186,Richmond
Women's Street Footwear,1,Southeast,170,289,2021,2,17,Sports Direct,104,Richmond
Women's Athletic Footwear,1,West,93,149,2021,2,11,West Gear,62,Salt Lake City
Men's Apparel,2,West,120,336,2021,2,11,West Gear,141,Salt Lake City
Women's Apparel,1,West,149,268,2021,2,11,West Gear,148,Salt Lake City
Men's Street Footwear,2,West,228,456,2021,3,10,West Gear,196,Salt Lake City
Men's Athletic Footwear,2,West,105,231,2021,3,10,West Gear,92,Salt Lake City
Women's Street Footwear,1,West,140,224,2021,3,10,West Gear,87,Salt Lake City
Women's Athletic Footwear,2,West,75,150,2021,3,10,West Gear,63,Salt Lake City
Men's Apparel,2,West,90,252,2021,3,10,West Gear,101,Salt Lake City
Women's Apparel,2,West,140,294,2021,3,10,West Gear,168,Salt Lake City
Men's Street Footwear,2,West,194,388,2021,4,11,West Gear,178,Salt Lake City
Men's Athletic Footwear,2,West,111,222,2021,4,11,West Gear,82,Salt Lake City
Women's Street Footwear,1,West,107,107,2021,4,11,West Gear,44,Salt Lake City
Women's Athletic Footwear,1,West,75,105,2021,4,11,West Gear,47,Salt Lake City
Men's Apparel,2,West,88,211,2021,4,11,West Gear,82,Salt Lake City
Women's Apparel,2,West,136,272,2021,4,11,West Gear,141,Salt Lake City
Men's Street Footwear,2,West,228,616,2021,5,12,West Gear,265,Salt Lake City
Men's Athletic Footwear,2,West,128,282,2021,5,12,West Gear,118,Salt Lake City
Women's Street Footwear,1,West,109,207,2021,5,12,West Gear,79,Salt Lake City
Women's Athletic Footwear,1,West,94,179,2021,5,12,West Gear,77,Salt Lake City
Men's Apparel,2,West,90,261,2021,5,12,West Gear,110,Salt Lake City
Women's Apparel,3,West,128,410,2021,5,12,West Gear,233,Salt Lake City
Men's Street Footwear,2,West,208,437,2021,6,11,West Gear,188,Salt Lake City
Men's Athletic Footwear,1,West,132,238,2021,6,11,West Gear,95,Salt Lake City
Women's Street Footwear,1,West,128,166,2021,6,11,West Gear,62,Salt Lake City
Women's Athletic Footwear,1,West,132,172,2021,6,11,West Gear,74,Salt Lake City
Men's Apparel,2,West,132,317,2021,6,11,West Gear,117,Salt Lake City
Women's Apparel,3,West,190,608,2021,6,11,West Gear,328,Salt Lake City
Men's Street Footwear,2,West,248,694,2021,7,10,West Gear,299,Salt Lake City
Men's Athletic Footwear,2,West,182,364,2021,7,10,West Gear,142,Salt Lake City
Women's Street Footwear,1,West,157,298,2021,7,10,West Gear,116,Salt Lake City
Women's Athletic Footwear,1,West,128,205,2021,7,10,West Gear,96,Salt Lake City
Men's Apparel,2,West,140,392,2021,7,10,West Gear,149,Salt Lake City
Women's Apparel,3,West,204,653,2021,7,10,West Gear,359,Salt Lake City
Men's Street Footwear,2,West,248,670,2021,8,11,West Gear,315,Salt Lake City
Men's Athletic Footwear,2,West,179,501,2021,8,11,West Gear,211,Salt Lake City
Women's Street Footwear,2,West,158,363,2021,8,11,West Gear,149,Salt Lake City
Women's Athletic Footwear,1,West,124,174,2021,8,11,West Gear,82,Salt Lake City
Men's Apparel,2,West,109,251,2021,8,11,West Gear,98,Salt Lake City
Women's Apparel,2,West,184,497,2021,8,11,West Gear,283,Salt Lake City
Men's Street Footwear,2,West,228,524,2021,9,12,West Gear,236,Salt Lake City
Men's Athletic Footwear,1,West,158,300,2021,9,12,West Gear,114,Salt Lake City
Women's Street Footwear,0,West,105,74,2021,9,12,West Gear,31,Salt Lake City
Women's Athletic Footwear,0,West,111,78,2021,9,12,West Gear,36,Salt Lake City
Men's Apparel,1,West,114,182,2021,9,12,West Gear,75,Salt Lake City
Women's Apparel,1,West,132,238,2021,9,12,West Gear,135,Salt Lake City
Men's Street Footwear,2,West,201,482,2021,10,11,West Gear,227,Salt Lake City
Men's Athletic Footwear,1,West,132,185,2021,10,11,West Gear,74,Salt Lake City
Women's Street Footwear,1,West,90,117,2021,10,11,West Gear,48,Salt Lake City
Women's Athletic Footwear,1,West,94,122,2021,10,11,West Gear,56,Salt Lake City
Men's Apparel,2,West,85,170,2021,10,11,West Gear,66,Salt Lake City
Women's Apparel,2,West,140,350,2021,10,11,West Gear,189,Salt Lake City
Men's Street Footwear,2,West,165,363,2021,11,11,West Gear,156,Salt Lake City
Men's Athletic Footwear,1,West,136,190,2021,11,11,West Gear,74,Salt Lake City
Women's Street Footwear,1,West,107,150,2021,11,11,West Gear,63,Salt Lake City
Women's Athletic Footwear,1,West,124,186,2021,11,11,West Gear,78,Salt Lake City
Men's Apparel,2,West,123,344,2021,11,11,West Gear,131,Salt Lake City
Women's Apparel,3,West,158,553,2021,11,11,West Gear,304,Salt Lake City
Men's Street Footwear,2,West,231,670,2021,12,10,West Gear,308,Salt Lake City
Men's Athletic Footwear,2,West,170,374,2021,12,10,West Gear,157,Salt Lake City
Women's Street Footwear,2,West,153,306,2021,12,10,West Gear,113,Salt Lake City
Women's Athletic Footwear,2,West,136,299,2021,12,10,West Gear,126,Salt Lake City
Men's Apparel,2,West,124,335,2021,12,10,West Gear,137,Salt Lake City
Women's Apparel,2,West,170,493,2021,12,10,West Gear,256,Salt Lake City
Men's Street Footwear,2,West,109,262,2021,1,24,West Gear,97,Salt Lake City
Men's Athletic Footwear,2,West,123,357,2021,1,24,West Gear,143,Salt Lake City
Women's Street Footwear,3,West,105,326,2021,1,24,West Gear,127,Salt Lake City
Women's Athletic Footwear,3,West,68,204,2021,1,24,West Gear,78,Salt Lake City
Men's Apparel,3,West,53,186,2021,1,24,West Gear,85,Salt Lake City
Women's Apparel,2,West,132,370,2021,1,24,West Gear,126,Salt Lake City
Men's Street Footwear,2,West,153,337,2021,2,24,West Gear,138,Salt Lake City
Men's Athletic Footwear,2,West,123,357,2021,2,24,West Gear,150,Salt Lake City
Women's Street Footwear,2,West,123,344,2021,2,24,West Gear,127,Salt Lake City
Women's Athletic Footwear,2,West,64,186,2021,2,24,West Gear,76,Portland
Men's Apparel,3,West,43,138,2021,2,24,West Gear,61,Portland
Women's Apparel,2,West,98,274,2021,2,24,West Gear,96,Portland
Men's Street Footwear,2,West,143,400,2021,3,23,West Gear,160,Portland
Men's Athletic Footwear,4,West,98,392,2021,3,23,West Gear,161,Portland
Women's Street Footwear,4,West,112,459,2021,3,23,West Gear,174,Portland
Women's Athletic Footwear,3,West,75,293,2021,3,23,West Gear,108,Portland
Men's Apparel,4,West,30,129,2021,3,23,West Gear,57,Portland
Women's Apparel,4,West,90,360,2021,3,23,West Gear,126,Portland
Men's Street Footwear,4,West,166,730,2021,4,24,West Gear,285,Portland
Men's Athletic Footwear,3,West,88,343,2021,4,24,West Gear,141,Portland
Women's Street Footwear,4,West,114,536,2021,4,24,West Gear,220,Portland
Women's Athletic Footwear,3,West,70,238,2021,4,24,West Gear,88,Portland
Men's Apparel,3,West,39,140,2021,4,24,West Gear,59,Portland
Women's Apparel,4,West,90,441,2021,4,24,West Gear,150,Portland
Men's Street Footwear,3,West,155,605,2021,5,25,West Gear,254,Portland
Men's Athletic Footwear,3,West,109,392,2021,5,25,West Gear,157,Portland
Women's Street Footwear,3,West,119,464,2021,5,25,West Gear,181,Portland
Women's Athletic Footwear,3,West,94,310,2021,5,25,West Gear,121,Portland
Men's Apparel,3,West,58,191,2021,5,25,West Gear,84,Portland
Women's Apparel,4,West,173,796,2021,5,25,West Gear,286,Portland
Men's Street Footwear,4,West,240,1032,2021,6,24,West Gear,392,Portland
Men's Athletic Footwear,4,West,202,949,2021,6,24,West Gear,389,Portland
Women's Street Footwear,5,West,208,1102,2021,6,24,West Gear,430,Portland
Women's Athletic Footwear,6,West,179,1110,2021,6,24,West Gear,455,Portland
Men's Apparel,6,West,140,938,2021,6,24,West Gear,431,Portland
Women's Apparel,7,West,231,1709,2021,6,24,West Gear,564,Portland
Men's Street Footwear,6,West,298,1788,2021,7,23,West Gear,751,Portland
Men's Athletic Footwear,6,West,217,1432,2021,7,23,West Gear,587,Portland
Women's Street Footwear,6,West,221,1459,2021,7,23,West Gear,613,Portland
Women's Athletic Footwear,6,West,171,1043,2021,7,23,West Gear,428,Portland
Men's Apparel,6,West,198,1346,2021,7,23,West Gear,619,Portland
Women's Apparel,7,West,204,1591,2021,7,23,West Gear,557,Portland
Men's Street Footwear,6,West,256,1766,2021,8,24,West Gear,654,Portland
Men's Athletic Footwear,6,West,256,1587,2021,8,24,West Gear,667,Portland
Women's Street Footwear,5,West,215,1075,2021,8,24,West Gear,430,Portland
Women's Athletic Footwear,5,West,128,640,2021,8,24,West Gear,243,Portland
Men's Apparel,5,West,136,721,2021,8,24,West Gear,303,Portland
Women's Apparel,5,West,88,466,2021,8,24,West Gear,173,Portland
Men's Street Footwear,3,West,149,507,2021,9,25,West Gear,187,Portland
Men's Athletic Footwear,4,West,158,679,2021,9,25,West Gear,258,Portland
Women's Street Footwear,3,West,83,324,2021,9,25,West Gear,136,Portland
Women's Athletic Footwear,3,West,62,236,2021,9,25,West Gear,99,Portland
Men's Apparel,4,West,77,370,2021,9,25,West Gear,155,Portland
Women's Apparel,3,West,85,306,2021,9,25,West Gear,98,Portland
Men's Street Footwear,2,West,119,345,2021,10,24,West Gear,135,Portland
Men's Athletic Footwear,3,West,179,662,2021,10,24,West Gear,252,Portland
Women's Street Footwear,3,West,109,403,2021,10,24,West Gear,149,Portland
Women's Athletic Footwear,3,West,114,388,2021,10,24,West Gear,151,Portland
Men's Apparel,4,West,93,372,2021,10,24,West Gear,167,Portland
Women's Apparel,4,West,123,504,2021,10,24,West Gear,187,Portland
Men's Street Footwear,3,West,190,646,2021,11,24,West Gear,239,Portland
Men's Athletic Footwear,3,West,202,747,2021,11,24,West Gear,291,Portland
Women's Street Footwear,3,West,152,486,2021,11,24,West Gear,204,Portland
Women's Athletic Footwear,3,West,149,581,2021,11,24,West Gear,238,Portland
Men's Apparel,5,West,145,725,2021,11,24,West Gear,334,Portland
Women's Apparel,5,West,165,875,2021,11,24,West Gear,324,Portland
Men's Street Footwear,5,West,225,1148,2021,12,23,West Gear,482,Portland
Men's Athletic Footwear,5,West,233,1305,2021,12,23,West Gear,522,Portland
Women's Street Footwear,4,West,193,926,2021,12,23,West Gear,380,Portland
Women's Athletic Footwear,5,West,165,875,2021,12,23,West Gear,341,Portland
Men's Apparel,5,West,157,848,2021,12,23,West Gear,398,Portland
Women's Apparel,5,West,201,1106,2021,12,23,West Gear,376,Portland
Men's Street Footwear,2,West,120,336,2021,1,17,West Gear,141,Portland
Men's Athletic Footwear,3,West,124,384,2021,1,17,West Gear,169,Portland
Women's Street Footwear,3,West,128,422,2021,1,17,West Gear,182,Portland
Women's Athletic Footwear,3,West,78,265,2021,1,17,West Gear,122,Portland
Men's Apparel,3,West,68,224,2021,1,17,West Gear,114,Portland
Women's Apparel,3,West,140,476,2021,1,17,West Gear,190,Portland
Men's Street Footwear,2,West,175,420,2021,2,17,West Gear,189,Portland
Men's Athletic Footwear,3,West,124,384,2021,2,17,West Gear,165,Portland
Women's Street Footwear,3,West,132,449,2021,2,17,West Gear,193,Portland
Women's Athletic Footwear,3,South,75,248,2021,2,17,West Gear,116,New Orleans
Men's Apparel,3,South,53,175,2021,2,17,West Gear,82,New Orleans
Women's Apparel,3,South,131,419,2021,2,17,West Gear,155,New Orleans
Men's Street Footwear,2,South,179,519,2021,3,16,West Gear,239,New Orleans
Men's Athletic Footwear,3,South,120,456,2021,3,16,West Gear,201,New Orleans
Women's Street Footwear,3,South,120,468,2021,3,16,West Gear,211,New Orleans
Women's Athletic Footwear,4,South,96,413,2021,3,16,West Gear,178,New Orleans
Men's Apparel,4,South,50,200,2021,3,16,West Gear,102,New Orleans
Women's Apparel,2,South,109,316,2021,3,16,West Gear,117,New Orleans
Men's Street Footwear,3,South,168,638,2021,4,17,West Gear,300,New Orleans
Men's Athletic Footwear,3,South,107,385,2021,4,17,West Gear,177,New Orleans
Women's Street Footwear,4,South,120,480,2021,4,17,West Gear,202,New Orleans
Women's Athletic Footwear,2,South,91,246,2021,4,17,West Gear,111,New Orleans
Men's Apparel,3,South,56,190,2021,4,17,West Gear,97,New Orleans
Women's Apparel,3,South,123,480,2021,4,17,West Gear,177,New Orleans
Men's Street Footwear,3,South,176,563,2021,5,18,West Gear,242,New Orleans
Men's Athletic Footwear,4,South,128,512,2021,5,18,West Gear,225,New Orleans
Women's Street Footwear,3,South,136,503,2021,5,18,West Gear,211,New Orleans
Women's Athletic Footwear,3,South,101,333,2021,5,18,West Gear,143,New Orleans
Men's Apparel,3,South,77,246,2021,5,18,West Gear,118,New Orleans
Women's Apparel,4,South,178,819,2021,5,18,West Gear,328,New Orleans
Men's Street Footwear,4,South,256,1203,2021,6,17,West Gear,566,New Orleans
Men's Athletic Footwear,5,South,224,1232,2021,6,17,West Gear,554,New Orleans
Women's Street Footwear,5,South,210,1155,2021,6,17,West Gear,508,New Orleans
Women's Athletic Footwear,5,South,184,1086,2021,6,17,West Gear,510,New Orleans
Men's Apparel,7,South,153,1071,2021,6,17,West Gear,503,New Orleans
Women's Apparel,8,South,248,1984,2021,6,17,West Gear,813,New Orleans
Men's Street Footwear,6,South,306,1897,2021,7,16,West Gear,816,New Orleans
Men's Athletic Footwear,6,South,248,1662,2021,7,16,West Gear,764,New Orleans
Women's Street Footwear,6,South,210,1449,2021,7,16,West Gear,681,New Orleans
Women's Athletic Footwear,6,South,198,1228,2021,7,16,West Gear,552,New Orleans
Men's Apparel,7,South,221,1613,2021,7,16,West Gear,791,New Orleans
Women's Apparel,8,South,208,1685,2021,7,16,West Gear,691,New Orleans
Men's Street Footwear,7,South,255,1862,2021,8,17,West Gear,875,New Orleans
Men's Athletic Footwear,5,South,256,1459,2021,8,17,West Gear,642,New Orleans
Women's Street Footwear,5,South,217,1085,2021,8,17,West Gear,456,New Orleans
Women's Athletic Footwear,5,South,143,787,2021,8,17,West Gear,370,New Orleans
Men's Apparel,4,South,152,714,2021,8,17,West Gear,350,New Orleans
Women's Apparel,4,South,102,469,2021,8,17,West Gear,178,New Orleans
Men's Street Footwear,3,South,175,578,2021,9,18,West Gear,243,New Orleans
Men's Athletic Footwear,4,South,175,700,2021,9,18,West Gear,301,New Orleans
Women's Street Footwear,3,South,96,288,2021,9,18,West Gear,132,New Orleans
Women's Athletic Footwear,3,South,80,272,2021,9,18,West Gear,114,New Orleans
Men's Apparel,4,South,83,340,2021,9,18,West Gear,163,New Orleans
Women's Apparel,3,South,90,270,2021,9,18,West Gear,108,New Orleans
Men's Street Footwear,2,South,124,310,2021,10,17,West Gear,133,New Orleans
Men's Athletic Footwear,3,South,184,626,2021,10,17,West Gear,282,New Orleans
Women's Street Footwear,3,South,128,422,2021,10,17,West Gear,190,New Orleans
Women's Athletic Footwear,3,South,120,372,2021,10,17,West Gear,160,New Orleans
Men's Apparel,3,South,112,437,2021,10,17,West Gear,210,New Orleans
Women's Apparel,4,South,140,616,2021,10,17,West Gear,246,New Orleans
Men's Street Footwear,2,South,219,613,2021,11,17,West Gear,288,New Orleans
Men's Athletic Footwear,3,South,224,784,2021,11,17,West Gear,368,New Orleans
Women's Street Footwear,3,South,158,474,2021,11,17,West Gear,218,New Orleans
Women's Athletic Footwear,4,South,155,620,2021,11,17,West Gear,285,New Orleans
Men's Apparel,5,South,147,779,2021,11,17,West Gear,366,New Orleans
Women's Apparel,6,South,180,1152,2021,11,17,West Gear,472,New Orleans
Men's Street Footwear,4,South,272,1251,2021,12,16,West Gear,576,New Orleans
Men's Athletic Footwear,5,South,248,1290,2021,12,16,West Gear,567,New Orleans
Women's Street Footwear,5,South,192,1018,2021,12,16,Foot Locker,438,New Orleans
Women's Athletic Footwear,5,South,192,1018,2021,12,16,Foot Locker,478,New Orleans
Men's Apparel,5,South,168,924,2021,12,16,Foot Locker,444,New Orleans
Women's Apparel,5,South,194,1145,2021,12,16,Foot Locker,458,New Orleans
Men's Street Footwear,1,South,223,312,2021,1,5,Foot Locker,106,New Orleans
Men's Athletic Footwear,2,South,209,418,2021,1,5,Foot Locker,150,New Orleans
Women's Street Footwear,2,South,162,340,2021,1,5,Foot Locker,126,New Orleans
Women's Athletic Footwear,2,South,166,432,2021,1,5,Foot Locker,181,New Orleans
Men's Apparel,2,South,111,311,2021,1,5,Foot Locker,87,New Orleans
Women's Apparel,2,South,147,338,2021,1,5,West Gear,169,New Orleans
Men's Street Footwear,1,South,200,360,2021,2,4,Foot Locker,115,New Orleans
Men's Athletic Footwear,2,South,180,504,2021,2,4,Foot Locker,166,New Orleans
Women's Street Footwear,2,South,128,358,2021,2,4,Foot Locker,125,New Orleans
Women's Athletic Footwear,2,West,116,313,2021,2,4,Foot Locker,132,Boise
Men's Apparel,3,West,88,273,2021,2,4,Foot Locker,82,Boise
Women's Apparel,2,West,135,351,2021,2,4,Foot Locker,183,Boise
Men's Street Footwear,2,West,200,420,2021,3,6,Foot Locker,155,Boise
Men's Athletic Footwear,2,West,188,508,2021,3,6,Foot Locker,198,Boise
Women's Street Footwear,2,West,135,270,2021,3,6,Foot Locker,103,Boise
Women's Athletic Footwear,2,West,112,291,2021,3,6,Foot Locker,137,Boise
Men's Apparel,3,West,88,282,2021,3,6,West Gear,99,Boise
Women's Apparel,2,West,124,310,2021,3,6,West Gear,164,Boise
Men's Street Footwear,1,West,215,323,2021,4,5,West Gear,135,Boise
Men's Athletic Footwear,2,West,215,452,2021,4,5,West Gear,176,Boise
Women's Street Footwear,1,West,162,308,2021,4,5,West Gear,114,Boise
Women's Athletic Footwear,2,West,116,232,2021,4,5,West Gear,114,Boise
Men's Apparel,2,West,91,246,2021,4,5,West Gear,79,Boise
Women's Apparel,2,West,176,405,2021,4,5,West Gear,231,Boise
Men's Street Footwear,1,West,210,294,2021,5,5,West Gear,123,Boise
Men's Athletic Footwear,2,West,247,543,2021,5,5,West Gear,223,Boise
Women's Street Footwear,1,West,184,331,2021,5,5,West Gear,129,Boise
Women's Athletic Footwear,2,West,155,372,2021,5,5,West Gear,186,Boise
Men's Apparel,3,West,120,408,2021,5,5,West Gear,143,Boise
Women's Apparel,3,West,240,792,2021,5,5,West Gear,436,Boise
Men's Street Footwear,3,West,233,722,2021,6,4,West Gear,274,Boise
Men's Athletic Footwear,3,West,263,921,2021,6,4,West Gear,377,Boise
Women's Street Footwear,3,West,186,632,2021,6,4,West Gear,259,Boise
Women's Athletic Footwear,3,West,187,617,2021,6,4,West Gear,302,Boise
Men's Apparel,4,West,158,679,2021,6,4,West Gear,231,Boise
Women's Apparel,3,West,248,967,2021,6,4,West Gear,532,Boise
Men's Street Footwear,3,West,264,924,2021,7,6,West Gear,425,Boise
Men's Athletic Footwear,4,West,271,1084,2021,7,6,West Gear,466,Boise
Women's Street Footwear,3,West,278,945,2021,7,6,West Gear,397,Boise
Women's Athletic Footwear,3,West,158,600,2021,7,6,West Gear,318,Boise
Men's Apparel,4,West,173,744,2021,7,6,West Gear,298,Boise
Women's Apparel,5,West,264,1346,2021,7,6,Foot Locker,794,Boise
Men's Street Footwear,3,West,233,885,2021,8,8,Foot Locker,372,Boise
Men's Athletic Footwear,3,West,255,944,2021,8,8,Foot Locker,406,Boise
Women's Street Footwear,3,West,305,1190,2021,8,8,Foot Locker,511,Boise
Women's Athletic Footwear,3,West,162,535,2021,8,8,Foot Locker,294,Boise
Men's Apparel,3,West,166,647,2021,8,8,Sports Direct,272,Boise
Women's Apparel,4,West,239,1052,2021,8,8,Sports Direct,641,Boise
Men's Street Footwear,4,West,230,943,2021,9,5,Sports Direct,434,Boise
Men's Athletic Footwear,3,West,219,832,2021,9,5,Sports Direct,358,Boise
Women's Street Footwear,4,West,203,873,2021,9,5,Sports Direct,393,Boise
Women's Athletic Footwear,4,West,136,544,2021,9,5,Sports Direct,299,Boise
Men's Apparel,4,West,140,588,2021,9,5,Sports Direct,241,Boise
Women's Apparel,3,West,200,720,2021,9,5,Sports Direct,418,Boise
Men's Street Footwear,3,West,201,603,2021,10,4,Sports Direct,277,Boise
Men's Athletic Footwear,2,West,190,513,2021,10,4,Sports Direct,221,Boise
Women's Street Footwear,3,West,179,555,2021,10,4,Sports Direct,233,Boise
Women's Athletic Footwear,3,West,116,406,2021,10,4,Sports Direct,215,Boise
Men's Apparel,2,West,123,308,2021,10,4,Sports Direct,120,Boise
Women's Apparel,3,West,179,609,2021,10,4,Sports Direct,359,Boise
Men's Street Footwear,2,West,203,548,2021,11,5,Sports Direct,252,Boise
Men's Athletic Footwear,2,West,223,624,2021,11,5,Sports Direct,268,Boise
Women's Street Footwear,4,West,210,882,2021,11,5,Sports Direct,370,Boise
Women's Athletic Footwear,4,West,158,679,2021,11,5,Sports Direct,353,Boise
Men's Apparel,4,West,149,611,2021,11,5,Sports Direct,232,Boise
Women's Apparel,5,West,194,989,2021,11,5,Sports Direct,584,Boise
Men's Street Footwear,4,West,240,960,2021,12,4,Foot Locker,432,Boise
Men's Athletic Footwear,4,West,240,984,2021,12,4,Foot Locker,453,Boise
Women's Street Footwear,4,West,223,1048,2021,12,4,Foot Locker,461,Boise
Women's Athletic Footwear,4,West,184,810,2021,12,4,Foot Locker,421,Boise
Men's Apparel,4,West,147,632,2021,12,4,Foot Locker,259,Boise
Women's Apparel,4,West,232,1090,2021,12,4,Foot Locker,665,Boise
Men's Street Footwear,2,West,136,313,2021,1,23,Foot Locker,125,Boise
Men's Athletic Footwear,3,West,140,420,2021,1,23,Foot Locker,181,Boise
Women's Street Footwear,3,West,145,450,2021,1,23,Foot Locker,175,Boise
Women's Athletic Footwear,3,West,88,264,2021,1,23,Foot Locker,98,Boise
Men's Apparel,3,West,68,238,2021,1,23,Foot Locker,81,Boise
Women's Apparel,2,West,140,378,2021,1,23,Foot Locker,102,Boise
Men's Street Footwear,2,West,162,340,2021,2,23,Foot Locker,126,Boise
Men's Athletic Footwear,2,West,128,358,2021,2,23,Foot Locker,154,Boise
Women's Street Footwear,2,West,124,347,2021,2,23,Foot Locker,146,Boise
Women's Athletic Footwear,2,West,68,177,2021,2,23,Foot Locker,74,Phoenix
Men's Apparel,3,West,51,184,2021,2,23,Foot Locker,68,Phoenix
Women's Apparel,3,West,116,360,2021,2,23,Foot Locker,97,Phoenix
Men's Street Footwear,2,West,160,464,2021,3,22,Foot Locker,186,Phoenix
Men's Athletic Footwear,3,West,116,441,2021,3,22,Foot Locker,194,Phoenix
Women's Street Footwear,3,West,119,440,2021,3,22,Foot Locker,181,Phoenix
Women's Athletic Footwear,3,West,68,258,2021,3,22,Foot Locker,96,Phoenix
Men's Apparel,4,West,39,160,2021,3,22,Foot Locker,51,Phoenix
Women's Apparel,3,West,107,396,2021,3,22,Foot Locker,107,Phoenix
Men's Street Footwear,4,West,175,700,2021,4,23,Foot Locker,266,Phoenix
Men's Athletic Footwear,3,West,90,333,2021,4,23,Foot Locker,147,Phoenix
Women's Street Footwear,4,West,123,517,2021,4,23,Foot Locker,191,Phoenix
Women's Athletic Footwear,4,West,78,312,2021,4,23,Foot Locker,125,Phoenix
Men's Apparel,4,West,47,202,2021,4,23,Foot Locker,69,Phoenix
Women's Apparel,4,West,111,544,2021,4,23,Foot Locker,163,Phoenix
Men's Street Footwear,3,West,184,699,2021,5,24,Foot Locker,266,Phoenix
Men's Athletic Footwear,3,West,116,418,2021,5,24,Foot Locker,175,Phoenix
Women's Street Footwear,4,West,132,541,2021,5,24,Foot Locker,206,Phoenix
Women's Athletic Footwear,3,West,93,363,2021,5,24,Foot Locker,134,Phoenix
Men's Apparel,3,West,62,242,2021,5,24,Foot Locker,80,Phoenix
Women's Apparel,5,West,124,657,2021,5,24,Foot Locker,191,Phoenix
Men's Street Footwear,3,West,194,718,2021,6,23,Foot Locker,280,Phoenix
Men's Athletic Footwear,3,West,143,515,2021,6,23,Foot Locker,216,Phoenix
Women's Street Footwear,4,West,147,603,2021,6,23,Foot Locker,229,Phoenix
Women's Athletic Footwear,3,West,105,399,2021,6,23,Foot Locker,160,Phoenix
Men's Apparel,4,West,72,310,2021,6,23,Foot Locker,105,Phoenix
Women's Apparel,4,West,158,727,2021,6,23,Foot Locker,225,Phoenix
Men's Street Footwear,4,West,216,864,2021,7,22,Foot Locker,320,Phoenix
Men's Athletic Footwear,4,West,163,652,2021,7,22,Foot Locker,300,Phoenix
Women's Street Footwear,3,West,157,612,2021,7,22,Foot Locker,239,Phoenix
Women's Athletic Footwear,3,West,113,407,2021,7,22,Foot Locker,155,Phoenix
Men's Apparel,4,West,145,580,2021,7,22,Foot Locker,215,Phoenix
Women's Apparel,4,West,145,667,2021,7,22,Foot Locker,200,Phoenix
Men's Street Footwear,4,West,194,795,2021,8,23,Foot Locker,318,Phoenix
Men's Athletic Footwear,4,West,190,874,2021,8,23,Foot Locker,367,Phoenix
Women's Street Footwear,3,West,153,566,2021,8,23,Foot Locker,232,Phoenix
Women's Athletic Footwear,4,West,120,516,2021,8,23,Foot Locker,217,Phoenix
Men's Apparel,4,West,136,612,2021,8,23,Foot Locker,226,Phoenix
Women's Apparel,4,West,131,629,2021,8,23,Foot Locker,176,Phoenix
Men's Street Footwear,3,West,184,644,2021,9,24,Foot Locker,270,Phoenix
Men's Athletic Footwear,3,West,201,683,2021,9,24,Foot Locker,321,Phoenix
Women's Street Footwear,3,West,145,493,2021,9,24,Foot Locker,182,Phoenix
Women's Athletic Footwear,3,West,124,409,2021,9,24,Foot Locker,151,Phoenix
Men's Apparel,4,West,128,525,2021,9,24,Foot Locker,173,Phoenix
Women's Apparel,4,West,132,568,2021,9,24,Foot Locker,182,Phoenix
Men's Street Footwear,3,West,170,612,2021,10,23,Foot Locker,257,Phoenix
Men's Athletic Footwear,3,West,175,578,2021,10,23,Foot Locker,243,Phoenix
Women's Street Footwear,3,West,111,344,2021,10,23,Foot Locker,127,Phoenix
Women's Athletic Footwear,3,West,102,326,2021,10,23,Foot Locker,127,Phoenix
Men's Apparel,4,West,88,387,2021,10,23,Foot Locker,143,Phoenix
Women's Apparel,4,West,107,503,2021,10,23,Foot Locker,146,Phoenix
Men's Street Footwear,3,West,150,465,2021,11,23,Foot Locker,177,Phoenix
Men's Athletic Footwear,3,West,163,619,2021,11,23,Foot Locker,291,Phoenix
Women's Street Footwear,3,West,124,409,2021,11,23,Foot Locker,160,Phoenix
Women's Athletic Footwear,3,West,116,383,2021,11,23,Foot Locker,161,Phoenix
Men's Apparel,4,West,99,436,2021,11,23,Foot Locker,157,Phoenix
Women's Apparel,3,West,140,546,2021,11,23,Foot Locker,153,Phoenix
Men's Street Footwear,3,West,194,679,2021,12,22,Foot Locker,272,Phoenix
Men's Athletic Footwear,3,West,213,703,2021,12,22,Foot Locker,323,Phoenix
Women's Street Footwear,3,West,136,476,2021,12,22,Kohl'S,195,Phoenix
Women's Athletic Footwear,3,West,128,410,2021,12,22,Kohl'S,168,Phoenix
Men's Apparel,4,West,109,458,2021,12,22,Kohl'S,156,Phoenix
Women's Apparel,4,West,135,581,2021,12,22,Kohl'S,163,Phoenix
Men's Street Footwear,2,West,152,410,2021,1,26,Kohl'S,168,Phoenix
Men's Athletic Footwear,3,West,147,441,2021,1,26,Kohl'S,207,Phoenix
Women's Street Footwear,3,West,157,502,2021,1,26,Kohl'S,196,Phoenix
Women's Athletic Footwear,3,West,101,303,2021,1,26,Kohl'S,115,Phoenix
Men's Apparel,3,West,94,310,2021,1,26,Kohl'S,115,Phoenix
Women's Apparel,3,West,166,598,2021,1,26,Kohl'S,161,Phoenix
Men's Street Footwear,2,West,173,467,2021,2,26,Kohl'S,187,Phoenix
Men's Athletic Footwear,3,West,136,490,2021,2,26,Kohl'S,230,Phoenix
Women's Street Footwear,3,West,132,462,2021,2,26,Kohl'S,185,Phoenix
Women's Athletic Footwear,2,West,91,264,2021,2,26,Kohl'S,98,Albuquerque
Men's Apparel,3,West,62,211,2021,2,26,Kohl'S,67,Albuquerque
Women's Apparel,3,West,140,490,2021,2,26,Kohl'S,137,Albuquerque
Men's Street Footwear,3,West,187,561,2021,3,25,Kohl'S,230,Albuquerque
Men's Athletic Footwear,3,West,136,490,2021,3,25,Kohl'S,220,Albuquerque
Women's Street Footwear,4,West,124,546,2021,3,25,Kohl'S,207,Albuquerque
Women's Athletic Footwear,3,West,88,326,2021,3,25,Kohl'S,127,Albuquerque
Men's Apparel,4,West,53,217,2021,3,25,Kohl'S,70,Albuquerque
Women's Apparel,4,West,131,576,2021,3,25,Kohl'S,179,Albuquerque
Men's Street Footwear,4,West,165,677,2021,4,26,Kohl'S,284,Albuquerque
Men's Athletic Footwear,4,West,109,469,2021,4,26,Kohl'S,216,Albuquerque
Women's Street Footwear,4,West,140,616,2021,4,26,Kohl'S,259,Albuquerque
Women's Athletic Footwear,3,West,96,355,2021,4,26,Kohl'S,139,Albuquerque
Men's Apparel,4,West,60,276,2021,4,26,Kohl'S,97,Albuquerque
Women's Apparel,5,West,116,650,2021,4,26,Kohl'S,182,Albuquerque
Men's Street Footwear,4,West,184,791,2021,5,27,Kohl'S,324,Albuquerque
Men's Athletic Footwear,4,West,136,626,2021,5,27,Kohl'S,263,Albuquerque
Women's Street Footwear,4,West,135,621,2021,5,27,Kohl'S,255,Albuquerque
Women's Athletic Footwear,4,West,109,469,2021,5,27,Kohl'S,192,Albuquerque
Men's Apparel,4,West,78,351,2021,5,27,Kohl'S,123,Albuquerque
Women's Apparel,5,West,132,739,2021,5,27,Kohl'S,214,Albuquerque
Men's Street Footwear,3,West,224,829,2021,6,26,Kohl'S,323,Albuquerque
Men's Athletic Footwear,4,West,187,879,2021,6,26,Kohl'S,378,Albuquerque
Women's Street Footwear,4,West,193,791,2021,6,26,Kohl'S,317,Albuquerque
Women's Athletic Footwear,3,West,128,474,2021,6,26,Kohl'S,189,Albuquerque
Men's Apparel,4,West,93,409,2021,6,26,Kohl'S,143,Albuquerque
Women's Apparel,5,West,192,960,2021,6,26,Kohl'S,269,Albuquerque
Men's Street Footwear,4,West,248,1017,2021,7,25,Kohl'S,397,Albuquerque
Men's Athletic Footwear,4,West,210,945,2021,7,25,Kohl'S,406,Albuquerque
Women's Street Footwear,3,West,171,667,2021,7,25,Kohl'S,247,Albuquerque
Women's Athletic Footwear,3,West,149,581,2021,7,25,Kohl'S,244,Albuquerque
Men's Apparel,4,West,160,640,2021,7,25,Kohl'S,205,Albuquerque
Women's Apparel,4,West,160,784,2021,7,25,Kohl'S,251,Albuquerque
Men's Street Footwear,4,West,224,896,2021,8,26,Kohl'S,332,Albuquerque
Men's Athletic Footwear,4,West,208,915,2021,8,26,Kohl'S,403,Albuquerque
Women's Street Footwear,4,West,163,750,2021,8,26,Kohl'S,300,Albuquerque
Women's Athletic Footwear,4,West,152,699,2021,8,26,Kohl'S,259,Albuquerque
Men's Apparel,4,West,162,778,2021,8,26,Kohl'S,264,Albuquerque
Women's Apparel,5,West,153,765,2021,8,26,Kohl'S,245,Albuquerque
Men's Street Footwear,3,West,206,762,2021,9,27,Kohl'S,320,Albuquerque
Men's Athletic Footwear,3,West,188,733,2021,9,27,Kohl'S,337,Albuquerque
Women's Street Footwear,3,West,147,573,2021,9,27,Kohl'S,241,Albuquerque
Women's Athletic Footwear,3,West,145,537,2021,9,27,Kohl'S,220,Albuquerque
Men's Apparel,4,West,145,580,2021,9,27,Kohl'S,203,Albuquerque
Women's Apparel,4,West,157,754,2021,9,27,Kohl'S,226,Albuquerque
Men's Street Footwear,3,West,171,599,2021,10,26,Kohl'S,221,Albuquerque
Men's Athletic Footwear,3,West,182,692,2021,10,26,Kohl'S,297,Albuquerque
Women's Street Footwear,3,West,120,408,2021,10,26,Kohl'S,163,Albuquerque
Women's Athletic Footwear,3,West,112,392,2021,10,26,Kohl'S,165,Albuquerque
Men's Apparel,4,West,114,467,2021,10,26,Kohl'S,154,Albuquerque
Women's Apparel,5,West,131,747,2021,10,26,Kohl'S,231,Albuquerque
Men's Street Footwear,4,West,176,827,2021,11,26,Kohl'S,339,Albuquerque
Men's Athletic Footwear,4,West,180,792,2021,11,26,Kohl'S,341,Albuquerque
Women's Street Footwear,4,West,149,685,2021,11,26,Kohl'S,254,Albuquerque
Women's Athletic Footwear,4,West,136,544,2021,11,26,Kohl'S,223,Albuquerque
Men's Apparel,5,West,131,707,2021,11,26,Kohl'S,262,Albuquerque
Women's Apparel,5,West,170,952,2021,11,26,Kohl'S,286,Albuquerque
Men's Street Footwear,4,West,238,1047,2021,12,25,Kohl'S,440,Albuquerque
Men's Athletic Footwear,4,West,217,1020,2021,12,25,Kohl'S,479,Albuquerque
Women's Street Footwear,4,West,150,660,2021,12,25,Sports Direct,271,Albuquerque
Women's Athletic Footwear,4,West,160,720,2021,12,25,Sports Direct,288,Albuquerque
Men's Apparel,5,West,128,704,2021,12,25,Sports Direct,232,Albuquerque
Women's Apparel,5,West,173,969,2021,12,25,Sports Direct,262,Albuquerque
Men's Street Footwear,2,West,149,358,2021,1,13,Sports Direct,164,Albuquerque
Men's Athletic Footwear,2,West,140,378,2021,1,13,Sports Direct,178,Albuquerque
Women's Street Footwear,3,West,140,448,2021,1,13,Sports Direct,188,Albuquerque
Women's Athletic Footwear,2,West,99,277,2021,1,13,Sports Direct,116,Albuquerque
Men's Apparel,3,West,75,263,2021,1,13,Sports Direct,105,Albuquerque
Women's Apparel,2,West,140,392,2021,1,13,Sports Direct,125,Albuquerque
Men's Street Footwear,2,West,150,345,2021,2,13,Sports Direct,148,Albuquerque
Men's Athletic Footwear,2,West,124,335,2021,2,13,Sports Direct,154,Albuquerque
Women's Street Footwear,2,West,120,336,2021,2,13,Sports Direct,138,Albuquerque
Women's Athletic Footwear,3,Southeast,80,240,2021,2,13,Sports Direct,106,Atlanta
Men's Apparel,3,Southeast,60,204,2021,2,13,Sports Direct,80,Atlanta
Women's Apparel,2,Southeast,131,367,2021,2,13,Sports Direct,106,Atlanta
Men's Street Footwear,3,Southeast,163,489,2021,3,12,Sports Direct,210,Atlanta
Men's Athletic Footwear,3,Southeast,113,418,2021,3,12,Sports Direct,184,Atlanta
Women's Street Footwear,3,Southeast,124,484,2021,3,12,Sports Direct,184,Atlanta
Women's Athletic Footwear,3,Southeast,78,296,2021,3,12,Sports Direct,133,Atlanta
Men's Apparel,4,Southeast,45,185,2021,3,12,Sports Direct,76,Atlanta
Women's Apparel,4,Southeast,112,448,2021,3,12,Sports Direct,130,Atlanta
Men's Street Footwear,3,Southeast,179,662,2021,4,13,Sports Direct,285,Atlanta
Men's Athletic Footwear,4,Southeast,111,444,2021,4,13,Sports Direct,186,Atlanta
Women's Street Footwear,3,Southeast,113,407,2021,4,13,Sports Direct,151,Atlanta
Women's Athletic Footwear,4,Southeast,96,384,2021,4,13,Sports Direct,173,Atlanta
Men's Apparel,3,Southeast,56,213,2021,4,13,Sports Direct,89,Atlanta
Women's Apparel,5,Southeast,112,627,2021,4,13,Sports Direct,176,Atlanta
Men's Street Footwear,3,Southeast,187,692,2021,5,14,Sports Direct,318,Atlanta
Men's Athletic Footwear,3,Southeast,136,490,2021,5,14,Sports Direct,220,Atlanta
Women's Street Footwear,4,Southeast,145,580,2021,5,14,Sports Direct,226,Atlanta
Women's Athletic Footwear,3,Southeast,114,388,2021,5,14,Sports Direct,167,Atlanta
Men's Apparel,3,Southeast,74,289,2021,5,14,Sports Direct,121,Atlanta
Women's Apparel,5,Southeast,124,657,2021,5,14,Sports Direct,204,Atlanta
Men's Street Footwear,3,Southeast,203,711,2021,6,13,Sports Direct,306,Atlanta
Men's Athletic Footwear,4,Southeast,163,668,2021,6,13,Sports Direct,294,Atlanta
Women's Street Footwear,3,Southeast,158,616,2021,6,13,Sports Direct,234,Atlanta
Women's Athletic Footwear,3,Southeast,132,436,2021,6,13,Sports Direct,187,Atlanta
Men's Apparel,4,Southeast,94,395,2021,6,13,Sports Direct,154,Atlanta
Women's Apparel,5,Southeast,190,1007,2021,6,13,Sports Direct,322,Atlanta
Men's Street Footwear,3,Southeast,218,807,2021,7,12,Sports Direct,371,Atlanta
Men's Athletic Footwear,3,Southeast,173,640,2021,7,12,Sports Direct,294,Atlanta
Women's Street Footwear,4,Southeast,184,754,2021,7,12,Sports Direct,309,Atlanta
Women's Athletic Footwear,3,Southeast,128,499,2021,7,12,Sports Direct,225,Atlanta
Men's Apparel,3,Southeast,162,632,2021,7,12,Sports Direct,240,Atlanta
Women's Apparel,5,Southeast,157,801,2021,7,12,Sports Direct,232,Atlanta
Men's Street Footwear,3,Southeast,209,815,2021,8,13,Sports Direct,375,Atlanta
Men's Athletic Footwear,4,Southeast,200,880,2021,8,13,Sports Direct,370,Atlanta
Women's Street Footwear,4,Southeast,150,630,2021,8,13,Sports Direct,265,Atlanta
Women's Athletic Footwear,4,Southeast,149,626,2021,8,13,Sports Direct,282,Atlanta
Men's Apparel,5,Southeast,140,714,2021,8,13,Sports Direct,278,Atlanta
Women's Apparel,5,Southeast,128,640,2021,8,13,Sports Direct,186,Atlanta
Men's Street Footwear,3,Southeast,204,632,2021,9,14,Sports Direct,291,Atlanta
Men's Athletic Footwear,3,Southeast,198,752,2021,9,14,Sports Direct,331,Atlanta
Women's Street Footwear,3,Southeast,135,432,2021,9,14,Sports Direct,160,Atlanta
Women's Athletic Footwear,3,Southeast,120,420,2021,9,14,Sports Direct,193,Atlanta
Men's Apparel,3,Southeast,132,475,2021,9,14,Sports Direct,176,Atlanta
Women's Apparel,4,Southeast,135,621,2021,9,14,Sports Direct,186,Atlanta
Men's Street Footwear,3,Southeast,173,588,2021,10,13,Sports Direct,271,Atlanta
Men's Athletic Footwear,3,Southeast,173,588,2021,10,13,Sports Direct,247,Atlanta
Women's Street Footwear,3,Southeast,123,394,2021,10,13,Sports Direct,150,Atlanta
Women's Athletic Footwear,3,Southeast,114,365,2021,10,13,Sports Direct,161,Atlanta
Men's Apparel,4,Southeast,102,418,2021,10,13,Sports Direct,167,Atlanta
Women's Apparel,4,Southeast,109,501,2021,10,13,Sports Direct,155,Atlanta
Men's Street Footwear,3,Southeast,173,623,2021,11,13,Sports Direct,262,Atlanta
Men's Athletic Footwear,4,Southeast,184,736,2021,11,13,Sports Direct,324,Atlanta
Women's Street Footwear,3,Southeast,145,566,2021,11,13,Sports Direct,226,Atlanta
Women's Athletic Footwear,3,Southeast,140,518,2021,11,13,Sports Direct,238,Atlanta
Men's Apparel,4,Southeast,119,559,2021,11,13,Sports Direct,213,Atlanta
Women's Apparel,4,Southeast,157,722,2021,11,13,Sports Direct,209,Atlanta
Men's Street Footwear,4,Southeast,209,878,2021,12,12,Sports Direct,413,Atlanta
Men's Athletic Footwear,3,Southeast,223,870,2021,12,12,Sports Direct,409,Atlanta
Women's Street Footwear,3,Southeast,147,529,2021,12,12,Foot Locker,222,Atlanta
Women's Athletic Footwear,4,Southeast,143,572,2021,12,12,Foot Locker,246,Atlanta
Men's Apparel,4,Southeast,120,528,2021,12,12,Foot Locker,201,Atlanta
Women's Apparel,4,Southeast,160,752,2021,12,12,Foot Locker,226,Atlanta
Men's Street Footwear,2,Southeast,349,907,2021,1,9,Foot Locker,426,Atlanta
Men's Athletic Footwear,3,Southeast,256,768,2021,1,9,Foot Locker,307,Atlanta
Women's Street Footwear,2,Southeast,264,634,2021,1,9,Foot Locker,203,Atlanta
Women's Athletic Footwear,2,Southeast,209,523,2021,1,9,Foot Locker,183,Atlanta
Men's Apparel,3,Southeast,247,865,2021,1,9,Foot Locker,337,Atlanta
Women's Apparel,3,Southeast,281,843,2021,1,9,Foot Locker,447,Atlanta
Men's Street Footwear,3,Southeast,376,1166,2021,2,7,Foot Locker,559,Atlanta
Men's Athletic Footwear,2,Southeast,247,667,2021,2,7,Foot Locker,253,Atlanta
Women's Street Footwear,2,Southeast,248,521,2021,2,7,Foot Locker,156,Atlanta
Women's Athletic Footwear,1,South,98,186,2021,2,18,Foot Locker,86,Jackson
Men's Apparel,2,South,136,354,2021,2,18,Foot Locker,138,Jackson
Women's Apparel,2,South,160,320,2021,2,18,Foot Locker,182,Jackson
Men's Street Footwear,2,South,223,446,2021,3,16,Foot Locker,205,Jackson
Men's Athletic Footwear,2,South,128,256,2021,3,16,Foot Locker,100,Jackson
Women's Street Footwear,1,South,136,150,2021,3,16,Foot Locker,70,Jackson
Women's Athletic Footwear,1,South,85,128,2021,3,16,Foot Locker,57,Jackson
Men's Apparel,2,South,104,260,2021,3,16,Foot Locker,96,Jackson
Women's Apparel,1,South,136,231,2021,3,16,Foot Locker,125,Jackson
Men's Street Footwear,1,South,223,424,2021,4,17,Foot Locker,186,Jackson
Men's Athletic Footwear,2,South,116,232,2021,4,17,Foot Locker,93,Jackson
Women's Street Footwear,1,South,124,136,2021,4,17,Foot Locker,61,Jackson
Women's Athletic Footwear,1,South,96,154,2021,4,17,Foot Locker,66,Jackson
Men's Apparel,3,South,98,294,2021,4,17,Foot Locker,118,Jackson
Women's Apparel,2,South,147,323,2021,4,17,Foot Locker,171,Jackson
Men's Street Footwear,2,South,238,643,2021,5,16,Foot Locker,270,Jackson
Men's Athletic Footwear,2,South,140,392,2021,5,16,Foot Locker,161,Jackson
Women's Street Footwear,2,South,136,354,2021,5,16,Foot Locker,152,Jackson
Women's Athletic Footwear,2,South,116,278,2021,5,16,Foot Locker,128,Jackson
Men's Apparel,3,South,132,449,2021,5,16,Foot Locker,180,Jackson
Women's Apparel,3,South,150,525,2021,5,16,Foot Locker,294,Jackson
Men's Street Footwear,3,South,263,815,2021,6,18,Foot Locker,359,Jackson
Men's Athletic Footwear,2,South,150,435,2021,6,18,Foot Locker,170,Jackson
Women's Street Footwear,3,South,157,518,2021,6,18,Foot Locker,238,Jackson
Women's Athletic Footwear,3,South,149,507,2021,6,18,Foot Locker,218,Jackson
Men's Apparel,4,South,135,635,2021,6,18,Foot Locker,241,Jackson
Women's Apparel,5,South,219,1117,2021,6,18,Foot Locker,592,Jackson
Men's Street Footwear,4,South,289,1358,2021,7,16,Foot Locker,625,Jackson
Men's Athletic Footwear,4,South,192,806,2021,7,16,Walmart,306,Jackson
Women's Street Footwear,3,South,168,622,2021,7,16,Walmart,261,Jackson
Women's Athletic Footwear,3,South,143,472,2021,7,16,Walmart,203,Jackson
Men's Apparel,4,South,150,690,2021,7,16,Walmart,255,Jackson
Women's Apparel,4,South,209,1024,2021,7,16,Walmart,543,Jackson
Men's Street Footwear,4,South,256,1050,2021,8,17,Walmart,472,Jackson
Men's Athletic Footwear,4,South,198,871,2021,8,17,Walmart,357,Jackson
Women's Street Footwear,3,South,179,662,2021,8,17,Walmart,291,Jackson
Women's Athletic Footwear,3,South,147,470,2021,8,17,Walmart,198,Jackson
Men's Apparel,3,South,158,553,2021,8,17,Walmart,232,Jackson
Women's Apparel,4,South,206,865,2021,8,17,Walmart,476,Jackson
Men's Street Footwear,4,South,232,928,2021,9,16,Walmart,408,Jackson
Men's Athletic Footwear,3,South,158,521,2021,9,16,Walmart,214,Jackson
Women's Street Footwear,1,South,145,218,2021,9,16,Walmart,102,Jackson
Women's Athletic Footwear,1,South,120,192,2021,9,16,Walmart,86,Jackson
Men's Apparel,2,South,132,290,2021,9,16,Walmart,110,Jackson
Women's Apparel,2,South,160,416,2021,9,16,Walmart,233,Jackson
Men's Street Footwear,2,South,216,518,2021,10,18,Walmart,238,Jackson
Men's Athletic Footwear,1,South,165,281,2021,10,18,Walmart,104,Jackson
Women's Street Footwear,1,South,120,228,2021,10,18,Walmart,107,Jackson
Women's Athletic Footwear,2,South,109,218,2021,10,18,Walmart,98,Jackson
Men's Apparel,2,South,105,263,2021,10,18,Walmart,110,Jackson
Women's Apparel,2,South,162,437,2021,10,18,Sports Direct,236,Jackson
Men's Street Footwear,2,South,206,453,2021,11,17,Sports Direct,199,Jackson
Men's Athletic Footwear,1,South,153,230,2021,11,17,Sports Direct,87,Jackson
Women's Street Footwear,2,South,119,262,2021,11,17,Sports Direct,110,Jackson
Women's Athletic Footwear,4,South,153,658,2021,11,17,Sports Direct,289,Jackson
Men's Apparel,5,South,132,779,2021,11,17,Sports Direct,312,Jackson
Women's Apparel,5,South,168,857,2021,11,17,Sports Direct,488,Jackson
Men's Street Footwear,4,South,256,1229,2021,12,16,Sports Direct,578,Jackson
Men's Athletic Footwear,4,South,201,884,2021,12,16,Sports Direct,327,Jackson
Women's Street Footwear,4,South,158,679,2021,12,16,Sports Direct,306,Jackson
Women's Athletic Footwear,4,South,143,586,2021,12,16,Sports Direct,276,Jackson
Men's Apparel,5,South,157,848,2021,12,16,Sports Direct,322,Jackson
Women's Apparel,5,South,178,943,2021,12,16,Sports Direct,519,Jackson
Men's Street Footwear,1,South,215,366,2021,1,23,Sports Direct,161,Jackson
Men's Athletic Footwear,1,South,135,243,2021,1,23,Sports Direct,97,Jackson
Women's Street Footwear,1,South,140,154,2021,1,23,Sports Direct,68,Jackson
Women's Athletic Footwear,1,South,102,133,2021,1,23,Sports Direct,62,Jackson
Men's Apparel,2,South,123,320,2021,1,23,Sports Direct,122,Jackson
Women's Apparel,1,South,158,284,2021,1,23,Sports Direct,122,Jackson
Men's Street Footwear,1,South,210,357,2021,2,21,Sports Direct,161,Jackson
Men's Athletic Footwear,1,South,112,190,2021,2,21,Sports Direct,74,Jackson
Women's Street Footwear,1,South,136,150,2021,2,21,Sports Direct,63,Jackson
Women's Athletic Footwear,1,South,78,117,2021,2,21,Walmart,55,Little Rock
Men's Apparel,2,South,111,255,2021,2,21,Walmart,94,Little Rock
Women's Apparel,1,South,145,232,2021,2,21,Walmart,97,Little Rock
Men's Street Footwear,1,South,206,309,2021,3,19,Walmart,145,Little Rock
Men's Athletic Footwear,1,South,107,150,2021,3,19,Walmart,55,Little Rock
Women's Street Footwear,0,South,112,90,2021,3,19,Walmart,40,Little Rock
Women's Athletic Footwear,1,South,70,105,2021,3,19,Walmart,49,Little Rock
Men's Apparel,2,South,88,211,2021,3,19,Walmart,84,Little Rock
Women's Apparel,2,South,112,224,2021,3,19,Walmart,103,Little Rock
Men's Street Footwear,1,South,204,388,2021,4,20,Walmart,174,Little Rock
Men's Athletic Footwear,2,South,102,204,2021,4,20,Walmart,82,Little Rock
Women's Street Footwear,1,South,96,106,2021,4,20,Walmart,50,Little Rock
Women's Athletic Footwear,1,South,77,100,2021,4,20,Walmart,47,Little Rock
Men's Apparel,3,South,75,233,2021,4,20,Walmart,86,Little Rock
Women's Apparel,2,South,120,288,2021,4,20,Walmart,127,Little Rock
Men's Street Footwear,2,South,228,593,2021,5,19,Walmart,273,Little Rock
Men's Athletic Footwear,2,South,116,325,2021,5,19,Walmart,136,Little Rock
Women's Street Footwear,2,South,119,321,2021,5,19,Walmart,141,Little Rock
Women's Athletic Footwear,2,South,90,216,2021,5,19,Walmart,102,Little Rock
Men's Apparel,3,South,111,355,2021,5,19,Walmart,139,Little Rock
Women's Apparel,3,South,145,479,2021,5,19,Walmart,225,Little Rock
Men's Street Footwear,2,South,236,661,2021,6,21,Walmart,291,Little Rock
Men's Athletic Footwear,2,South,149,373,2021,6,21,Walmart,145,Little Rock
Women's Street Footwear,2,South,124,347,2021,6,21,Walmart,156,Little Rock
Women's Athletic Footwear,2,South,124,360,2021,6,21,Walmart,158,Little Rock
Men's Apparel,3,South,116,429,2021,6,21,Walmart,167,Little Rock
Women's Apparel,4,South,165,792,2021,6,21,Walmart,341,Little Rock
Men's Street Footwear,3,South,271,1057,2021,7,19,Walmart,444,Little Rock
Men's Athletic Footwear,3,South,163,587,2021,7,19,Walmart,217,Little Rock
Women's Street Footwear,3,South,140,448,2021,7,19,Walmart,197,Little Rock
Women's Athletic Footwear,3,South,120,420,2021,7,19,Walmart,181,Little Rock
Men's Apparel,4,South,149,596,2021,7,19,Walmart,238,Little Rock
Women's Apparel,5,South,198,990,2021,7,19,Walmart,455,Little Rock
Men's Street Footwear,4,South,233,1002,2021,8,20,Walmart,451,Little Rock
Men's Athletic Footwear,4,South,163,685,2021,8,20,Walmart,267,Little Rock
Women's Street Footwear,4,South,135,540,2021,8,20,Walmart,238,Little Rock
Women's Athletic Footwear,2,South,132,383,2021,8,20,Walmart,172,Little Rock
Men's Apparel,4,South,113,452,2021,8,20,Walmart,167,Little Rock
Women's Apparel,4,South,193,772,2021,8,20,Walmart,363,Little Rock
Men's Street Footwear,3,South,221,774,2021,9,19,Walmart,333,Little Rock
Men's Athletic Footwear,2,South,135,351,2021,9,19,Walmart,144,Little Rock
Women's Street Footwear,1,South,123,135,2021,9,19,Walmart,64,Little Rock
Women's Athletic Footwear,1,South,104,125,2021,9,19,Walmart,52,Little Rock
Men's Apparel,1,South,111,200,2021,9,19,Walmart,78,Little Rock
Women's Apparel,2,South,140,308,2021,9,19,Walmart,129,Little Rock
Men's Street Footwear,2,South,180,378,2021,10,21,Walmart,170,Little Rock
Men's Athletic Footwear,1,South,132,185,2021,10,21,Walmart,74,Little Rock
Women's Street Footwear,1,South,99,158,2021,10,21,Walmart,73,Little Rock
Women's Athletic Footwear,1,South,94,141,2021,10,21,Walmart,63,Little Rock
Men's Apparel,2,South,91,191,2021,10,21,Walmart,71,Little Rock
Women's Apparel,2,South,132,264,2021,10,21,West Gear,119,Little Rock
Men's Street Footwear,1,South,176,317,2021,11,20,West Gear,146,Little Rock
Men's Athletic Footwear,1,South,116,128,2021,11,20,West Gear,54,Little Rock
Women's Street Footwear,1,South,102,194,2021,11,20,West Gear,83,Little Rock
Women's Athletic Footwear,4,South,128,525,2021,11,20,West Gear,231,Little Rock
Men's Apparel,5,South,105,588,2021,11,20,West Gear,241,Little Rock
Women's Apparel,5,South,135,716,2021,11,20,West Gear,322,Little Rock
Men's Street Footwear,5,South,238,1309,2021,12,19,West Gear,602,Little Rock
Men's Athletic Footwear,4,South,155,713,2021,12,19,West Gear,285,Little Rock
Women's Street Footwear,4,South,149,641,2021,12,19,West Gear,282,Little Rock
Women's Athletic Footwear,4,South,124,496,2021,12,19,West Gear,228,Little Rock
Men's Apparel,5,South,132,660,2021,12,19,West Gear,264,Little Rock
Women's Apparel,5,South,170,935,2021,12,19,West Gear,421,Little Rock
Men's Street Footwear,1,South,178,303,2021,1,23,West Gear,142,Little Rock
Men's Athletic Footwear,1,South,124,223,2021,1,23,West Gear,85,Little Rock
Women's Street Footwear,1,South,131,131,2021,1,23,West Gear,56,Little Rock
Women's Athletic Footwear,1,South,74,96,2021,1,23,West Gear,41,Little Rock
Men's Apparel,2,South,91,209,2021,1,23,West Gear,86,Little Rock
Women's Apparel,1,South,124,223,2021,1,23,West Gear,100,Little Rock
Men's Street Footwear,1,South,206,371,2021,2,21,West Gear,163,Little Rock
Men's Athletic Footwear,1,South,83,141,2021,2,21,West Gear,55,Little Rock
Women's Street Footwear,1,South,98,118,2021,2,21,West Gear,55,Little Rock
Women's Athletic Footwear,1,South,58,87,2021,2,21,West Gear,40,Oklahoma City
Men's Apparel,2,South,85,204,2021,2,21,West Gear,82,Oklahoma City
Women's Apparel,1,South,112,157,2021,2,21,West Gear,72,Oklahoma City
Men's Street Footwear,1,South,182,255,2021,3,19,West Gear,117,Oklahoma City
Men's Athletic Footwear,1,South,78,117,2021,3,19,West Gear,48,Oklahoma City
Women's Street Footwear,0,South,83,58,2021,3,19,West Gear,26,Oklahoma City
Women's Athletic Footwear,1,South,39,62,2021,3,19,West Gear,29,Oklahoma City
Men's Apparel,2,South,61,159,2021,3,19,West Gear,67,Oklahoma City
Women's Apparel,1,South,88,158,2021,3,19,West Gear,73,Oklahoma City
Men's Street Footwear,2,South,184,368,2021,4,20,West Gear,169,Oklahoma City
Men's Athletic Footwear,1,South,79,142,2021,4,20,West Gear,55,Oklahoma City
Women's Street Footwear,1,South,70,70,2021,4,20,West Gear,32,Oklahoma City
Women's Athletic Footwear,1,South,47,71,2021,4,20,West Gear,30,Oklahoma City
Men's Apparel,2,South,54,146,2021,4,20,West Gear,57,Oklahoma City
Women's Apparel,2,South,111,244,2021,4,20,West Gear,105,Oklahoma City
Men's Street Footwear,2,South,179,501,2021,5,19,West Gear,216,Oklahoma City
Men's Athletic Footwear,2,South,93,270,2021,5,19,West Gear,102,Oklahoma City
Women's Street Footwear,2,South,88,238,2021,5,19,West Gear,100,Oklahoma City
Women's Athletic Footwear,2,South,74,192,2021,5,19,West Gear,81,Oklahoma City
Men's Apparel,3,South,80,264,2021,5,19,West Gear,108,Oklahoma City
Women's Apparel,3,South,116,383,2021,5,19,West Gear,172,Oklahoma City
Men's Street Footwear,3,South,192,614,2021,6,21,West Gear,283,Oklahoma City
Men's Athletic Footwear,2,South,123,308,2021,6,21,West Gear,120,Oklahoma City
Women's Street Footwear,2,South,107,289,2021,6,21,West Gear,124,Oklahoma City
Women's Athletic Footwear,2,South,102,296,2021,6,21,West Gear,133,Oklahoma City
Men's Apparel,4,South,105,431,2021,6,21,West Gear,164,Oklahoma City
Women's Apparel,4,South,143,572,2021,6,21,West Gear,240,Oklahoma City
Men's Street Footwear,4,South,238,1023,2021,7,19,West Gear,430,Oklahoma City
Men's Athletic Footwear,3,South,135,473,2021,7,19,West Gear,180,Oklahoma City
Women's Street Footwear,3,South,131,432,2021,7,19,West Gear,186,Oklahoma City
Women's Athletic Footwear,3,South,107,385,2021,7,19,West Gear,177,Oklahoma City
Men's Apparel,4,South,116,499,2021,7,19,West Gear,205,Oklahoma City
Women's Apparel,4,South,163,734,2021,7,19,West Gear,345,Oklahoma City
Men's Street Footwear,4,South,230,943,2021,8,20,West Gear,396,Oklahoma City
Men's Athletic Footwear,3,South,140,518,2021,8,20,West Gear,218,Oklahoma City
Women's Street Footwear,3,South,113,429,2021,8,20,West Gear,202,Oklahoma City
Women's Athletic Footwear,3,South,111,355,2021,8,20,West Gear,149,Oklahoma City
Men's Apparel,4,South,105,420,2021,8,20,West Gear,155,Oklahoma City
Women's Apparel,4,South,166,664,2021,8,20,West Gear,312,Oklahoma City
Men's Street Footwear,3,South,196,686,2021,9,19,West Gear,316,Oklahoma City
Men's Athletic Footwear,2,South,128,358,2021,9,19,West Gear,147,Oklahoma City
Women's Street Footwear,1,South,91,109,2021,9,19,West Gear,46,Oklahoma City
Women's Athletic Footwear,1,South,83,100,2021,9,19,West Gear,42,Oklahoma City
Men's Apparel,2,South,78,156,2021,9,19,West Gear,59,Oklahoma City
Women's Apparel,2,South,119,274,2021,9,19,West Gear,129,Oklahoma City
Men's Street Footwear,2,South,173,346,2021,10,21,West Gear,163,Oklahoma City
Men's Athletic Footwear,1,South,112,157,2021,10,21,West Gear,66,Oklahoma City
Women's Street Footwear,1,South,74,104,2021,10,21,West Gear,44,Oklahoma City
Women's Athletic Footwear,1,South,62,93,2021,10,21,West Gear,39,Oklahoma City
Men's Apparel,2,South,68,150,2021,10,21,West Gear,57,Oklahoma City
Women's Apparel,2,South,101,222,2021,10,21,Kohl'S,104,Oklahoma City
Men's Street Footwear,1,South,166,266,2021,11,20,Kohl'S,117,Oklahoma City
Men's Athletic Footwear,1,South,96,106,2021,11,20,Kohl'S,40,Oklahoma City
Women's Street Footwear,1,South,81,154,2021,11,20,Kohl'S,66,Oklahoma City
Women's Athletic Footwear,3,South,90,333,2021,11,20,Kohl'S,157,Oklahoma City
Men's Apparel,6,South,85,510,2021,11,20,Kohl'S,204,Oklahoma City
Women's Apparel,6,South,128,768,2021,11,20,Kohl'S,330,Oklahoma City
Men's Street Footwear,5,South,200,1100,2021,12,19,Kohl'S,462,Oklahoma City
Men's Athletic Footwear,4,South,149,700,2021,12,19,Kohl'S,266,Oklahoma City
Women's Street Footwear,4,South,131,576,2021,12,19,Kohl'S,259,Oklahoma City
Women's Athletic Footwear,4,South,114,513,2021,12,19,Kohl'S,231,Oklahoma City
Men's Apparel,5,South,98,539,2021,12,19,Kohl'S,216,Oklahoma City
Women's Apparel,5,South,128,653,2021,12,19,Kohl'S,281,Oklahoma City
Men's Street Footwear,1,South,176,299,2021,1,16,Kohl'S,114,Oklahoma City
Men's Athletic Footwear,1,South,105,168,2021,1,16,Kohl'S,64,Oklahoma City
Women's Street Footwear,1,South,116,139,2021,1,16,Kohl'S,56,Oklahoma City
Women's Athletic Footwear,1,South,70,112,2021,1,16,Kohl'S,45,Oklahoma City
Men's Apparel,2,South,88,246,2021,1,16,Kohl'S,101,Oklahoma City
Women's Apparel,1,South,119,202,2021,1,16,Kohl'S,75,Oklahoma City
Men's Street Footwear,1,South,204,367,2021,2,14,Kohl'S,147,Oklahoma City
Men's Athletic Footwear,1,South,75,128,2021,2,14,Kohl'S,52,Oklahoma City
Women's Street Footwear,1,South,90,99,2021,2,14,Kohl'S,39,Oklahoma City
Women's Athletic Footwear,2,Northeast,39,94,2021,2,5,Sports Direct,31,Hartford
Men's Apparel,3,Northeast,66,257,2021,2,5,Sports Direct,95,Hartford
Women's Apparel,3,Northeast,96,307,2021,2,5,Sports Direct,120,Hartford
Men's Street Footwear,2,Northeast,182,473,2021,3,3,Sports Direct,203,Hartford
Men's Athletic Footwear,3,Northeast,68,218,2021,3,3,Sports Direct,98,Hartford
Women's Street Footwear,2,Northeast,75,173,2021,3,3,Sports Direct,55,Hartford
Women's Athletic Footwear,2,Northeast,34,92,2021,3,3,Sports Direct,29,Hartford
Men's Apparel,3,Northeast,53,207,2021,3,3,Sports Direct,70,Hartford
Women's Apparel,2,Northeast,85,247,2021,3,3,Sports Direct,96,Hartford
Men's Street Footwear,2,Northeast,155,434,2021,4,4,Sports Direct,200,Hartford
Men's Athletic Footwear,3,Northeast,64,192,2021,4,4,Sports Direct,84,Hartford
Women's Street Footwear,2,Northeast,64,128,2021,4,4,Sports Direct,46,Hartford
Women's Athletic Footwear,2,Northeast,41,107,2021,4,4,Sports Direct,34,Hartford
Men's Apparel,3,Northeast,40,148,2021,4,4,Sports Direct,50,Hartford
Women's Apparel,2,Northeast,94,244,2021,4,4,Sports Direct,103,Hartford
Men's Street Footwear,4,Northeast,191,764,2021,5,3,Sports Direct,336,Hartford
Men's Athletic Footwear,3,Northeast,83,291,2021,5,3,Sports Direct,128,Hartford
Women's Street Footwear,3,Northeast,83,266,2021,5,3,Sports Direct,90,Hartford
Women's Athletic Footwear,3,Northeast,74,237,2021,5,3,Sports Direct,78,Hartford
Men's Apparel,3,Northeast,83,307,2021,5,3,Sports Direct,107,Hartford
Women's Apparel,4,Northeast,128,525,2021,5,3,Sports Direct,220,Hartford
Men's Street Footwear,4,Northeast,206,824,2021,6,5,Sports Direct,387,Hartford
Men's Athletic Footwear,3,Northeast,124,471,2021,6,5,Sports Direct,221,Hartford
Women's Street Footwear,3,Northeast,96,336,2021,6,5,Sports Direct,111,Hartford
Women's Athletic Footwear,3,Northeast,85,298,2021,6,5,Sports Direct,104,Hartford
Men's Apparel,3,Northeast,91,328,2021,6,5,Sports Direct,105,Hartford
Women's Apparel,3,Northeast,128,499,2021,6,5,Sports Direct,195,Hartford
Men's Street Footwear,4,Northeast,195,819,2021,7,3,Sports Direct,369,Hartford
Men's Athletic Footwear,3,Northeast,120,456,2021,7,3,Sports Direct,192,Hartford
Women's Street Footwear,2,Northeast,111,322,2021,7,3,Sports Direct,109,Hartford
Women's Athletic Footwear,3,Northeast,94,320,2021,7,3,Sports Direct,115,Hartford
Men's Apparel,4,Northeast,93,400,2021,7,3,Sports Direct,132,Hartford
Women's Apparel,4,Northeast,152,608,2021,7,3,Sports Direct,231,Hartford
Men's Street Footwear,4,Northeast,194,776,2021,8,4,Sports Direct,326,Hartford
Men's Athletic Footwear,3,Northeast,128,435,2021,8,4,Sports Direct,187,Hartford
Women's Street Footwear,3,Northeast,107,385,2021,8,4,Sports Direct,135,Hartford
Women's Athletic Footwear,3,Northeast,72,230,2021,8,4,Sports Direct,76,Hartford
Men's Apparel,4,Northeast,62,267,2021,8,4,Sports Direct,88,Hartford
Women's Apparel,4,Northeast,124,546,2021,8,4,Sports Direct,207,Hartford
Men's Street Footwear,4,Northeast,170,731,2021,9,3,Sports Direct,344,Hartford
Men's Athletic Footwear,4,Northeast,93,372,2021,9,3,Sports Direct,175,Hartford
Women's Street Footwear,3,Northeast,64,211,2021,9,3,Sports Direct,68,Hartford
Women's Athletic Footwear,3,Northeast,58,174,2021,9,3,Sports Direct,59,Hartford
Men's Apparel,4,Northeast,58,238,2021,9,3,Sports Direct,86,Hartford
Women's Apparel,4,Northeast,83,374,2021,9,3,Sports Direct,157,Hartford
Men's Street Footwear,4,Northeast,153,704,2021,10,5,Sports Direct,296,Hartford
Men's Athletic Footwear,3,Northeast,94,367,2021,10,5,Sports Direct,161,Hartford
Women's Street Footwear,3,Northeast,61,220,2021,10,5,Sports Direct,81,Hartford
Women's Athletic Footwear,4,Northeast,45,194,2021,10,5,Sports Direct,70,Hartford
Men's Apparel,5,Northeast,45,225,2021,10,5,Sports Direct,74,Hartford
Women's Apparel,4,Northeast,94,432,2021,10,5,Foot Locker,182,Hartford
Men's Street Footwear,5,Northeast,149,760,2021,11,4,Foot Locker,327,Hartford
Men's Athletic Footwear,3,Northeast,105,389,2021,11,4,Foot Locker,179,Hartford
Women's Street Footwear,3,Northeast,103,371,2021,11,4,Foot Locker,137,Hartford
Women's Athletic Footwear,3,Northeast,83,324,2021,11,4,Foot Locker,120,Hartford
Men's Apparel,4,Northeast,88,387,2021,11,4,Foot Locker,139,Hartford
Women's Apparel,5,Northeast,116,603,2021,11,4,Foot Locker,235,Hartford
Men's Street Footwear,4,Northeast,173,779,2021,12,3,Foot Locker,327,Hartford
Men's Athletic Footwear,3,Northeast,131,485,2021,12,3,Foot Locker,218,Hartford
Women's Street Footwear,4,Northeast,116,499,2021,12,3,Foot Locker,165,Hartford
Women's Athletic Footwear,3,Northeast,96,365,2021,12,3,Foot Locker,128,Hartford
Men's Apparel,4,Northeast,99,416,2021,12,3,Foot Locker,146,Hartford
Women's Apparel,5,Northeast,120,624,2021,12,3,Foot Locker,231,Hartford
Men's Street Footwear,2,Northeast,149,343,2021,1,10,Foot Locker,144,Hartford
Men's Athletic Footwear,2,Northeast,79,221,2021,1,10,Foot Locker,88,Hartford
Women's Street Footwear,1,Northeast,72,137,2021,1,10,Foot Locker,57,Hartford
Women's Athletic Footwear,2,Northeast,24,58,2021,1,10,Foot Locker,26,Hartford
Men's Apparel,3,Northeast,44,150,2021,1,10,Foot Locker,54,Hartford
Women's Apparel,2,Northeast,72,187,2021,1,10,Foot Locker,88,Hartford
Men's Street Footwear,2,Northeast,162,389,2021,2,8,Foot Locker,156,Hartford
Men's Athletic Footwear,2,Northeast,41,98,2021,2,8,Foot Locker,38,Hartford
Women's Street Footwear,1,Northeast,53,95,2021,2,8,Foot Locker,41,Hartford
Women's Athletic Footwear,2,Northeast,16,32,2021,2,8,Foot Locker,14,Providence
Men's Apparel,3,Northeast,40,136,2021,2,8,Foot Locker,49,Providence
Women's Apparel,2,Northeast,77,208,2021,2,8,Foot Locker,98,Providence
Men's Street Footwear,2,Northeast,156,406,2021,3,6,Foot Locker,150,Providence
Men's Athletic Footwear,2,Northeast,45,122,2021,3,6,Foot Locker,47,Providence
Women's Street Footwear,1,Northeast,56,95,2021,3,6,Foot Locker,45,Providence
Women's Athletic Footwear,2,Northeast,8,16,2021,3,6,Foot Locker,8,Providence
Men's Apparel,3,Northeast,25,83,2021,3,6,Foot Locker,30,Providence
Women's Apparel,2,Northeast,58,145,2021,3,6,Foot Locker,64,Providence
Men's Street Footwear,2,Northeast,132,370,2021,4,7,Foot Locker,155,Providence
Men's Athletic Footwear,2,Northeast,40,92,2021,4,7,Foot Locker,37,Providence
Women's Street Footwear,1,Northeast,44,70,2021,4,7,Foot Locker,30,Providence
Women's Athletic Footwear,2,Northeast,17,36,2021,4,7,Foot Locker,16,Providence
Men's Apparel,3,Northeast,15,50,2021,4,7,Foot Locker,16,Providence
Women's Apparel,2,Northeast,60,156,2021,4,7,Foot Locker,69,Providence
Men's Street Footwear,3,Northeast,150,585,2021,5,6,Foot Locker,240,Providence
Men's Athletic Footwear,3,Northeast,58,186,2021,5,6,Foot Locker,69,Providence
Women's Street Footwear,3,Northeast,60,192,2021,5,6,Foot Locker,81,Providence
Women's Athletic Footwear,2,Northeast,51,138,2021,5,6,Foot Locker,63,Providence
Men's Apparel,4,Northeast,54,216,2021,5,6,Foot Locker,80,Providence
Women's Apparel,3,Northeast,93,335,2021,5,6,Foot Locker,147,Providence
Men's Street Footwear,3,Northeast,176,634,2021,6,8,Foot Locker,253,Providence
Men's Athletic Footwear,3,Northeast,105,368,2021,6,8,Foot Locker,143,Providence
Women's Street Footwear,3,Northeast,74,237,2021,6,8,Foot Locker,99,Providence
Women's Athletic Footwear,2,Northeast,70,182,2021,6,8,Foot Locker,84,Providence
Men's Apparel,3,Northeast,66,257,2021,6,8,Foot Locker,90,Providence
Women's Apparel,4,Northeast,119,512,2021,6,8,Foot Locker,230,Providence
Men's Street Footwear,3,Northeast,173,657,2021,7,6,Foot Locker,250,Providence
Men's Athletic Footwear,3,Northeast,114,365,2021,7,6,Foot Locker,135,Providence
Women's Street Footwear,2,Northeast,78,211,2021,7,6,Foot Locker,95,Providence
Women's Athletic Footwear,3,Northeast,60,186,2021,7,6,Foot Locker,86,Providence
Men's Apparel,3,Northeast,68,224,2021,7,6,Foot Locker,76,Providence
Women's Apparel,3,Northeast,136,517,2021,7,6,Foot Locker,217,Providence
Men's Street Footwear,3,Northeast,182,692,2021,8,7,Foot Locker,284,Providence
Men's Athletic Footwear,3,Northeast,111,344,2021,8,7,Foot Locker,131,Providence
Women's Street Footwear,3,Northeast,85,255,2021,8,7,Foot Locker,110,Providence
Women's Athletic Footwear,2,Northeast,47,136,2021,8,7,Foot Locker,59,Providence
Men's Apparel,3,Northeast,40,148,2021,8,7,Foot Locker,53,Providence
Women's Apparel,3,Northeast,96,365,2021,8,7,Foot Locker,171,Providence
Men's Street Footwear,3,Northeast,128,499,2021,9,6,Foot Locker,210,Providence
Men's Athletic Footwear,3,Northeast,79,237,2021,9,6,Foot Locker,88,Providence
Women's Street Footwear,2,Northeast,39,113,2021,9,6,Foot Locker,49,Providence
Women's Athletic Footwear,3,Northeast,32,96,2021,9,6,Foot Locker,44,Providence
Men's Apparel,3,Northeast,33,112,2021,9,6,Foot Locker,40,Providence
Women's Apparel,4,Northeast,64,262,2021,9,6,Foot Locker,118,Providence
Men's Street Footwear,3,Northeast,113,418,2021,10,8,Foot Locker,171,Providence
Men's Athletic Footwear,3,Northeast,68,258,2021,10,8,Foot Locker,98,Providence
Women's Street Footwear,4,Northeast,30,120,2021,10,8,Foot Locker,53,Providence
Women's Athletic Footwear,3,Northeast,23,90,2021,10,8,Foot Locker,40,Providence
Men's Apparel,4,Northeast,23,92,2021,10,8,Foot Locker,30,Providence
Women's Apparel,4,Northeast,66,310,2021,10,8,Sports Direct,136,Providence
Men's Street Footwear,4,Northeast,105,420,2021,11,7,Sports Direct,176,Providence
Men's Athletic Footwear,4,Northeast,74,296,2021,11,7,Sports Direct,124,Providence
Women's Street Footwear,3,Northeast,68,252,2021,11,7,Sports Direct,113,Providence
Women's Athletic Footwear,3,Northeast,68,245,2021,11,7,Sports Direct,110,Providence
Men's Apparel,4,Northeast,61,262,2021,11,7,Sports Direct,87,Providence
Women's Apparel,4,Northeast,83,382,2021,11,7,Sports Direct,168,Providence
Men's Street Footwear,4,Northeast,160,768,2021,12,6,Sports Direct,300,Providence
Men's Athletic Footwear,3,Northeast,102,377,2021,12,6,Sports Direct,140,Providence
Women's Street Footwear,4,Northeast,88,352,2021,12,6,Sports Direct,165,Providence
Women's Athletic Footwear,3,Northeast,77,262,2021,12,6,Sports Direct,113,Providence
Men's Apparel,4,Northeast,74,303,2021,12,6,Sports Direct,112,Providence
Women's Apparel,5,Northeast,111,566,2021,12,6,Sports Direct,243,Providence
Men's Street Footwear,2,Northeast,140,392,2021,1,17,Sports Direct,129,Providence
Men's Athletic Footwear,2,Northeast,88,246,2021,1,17,Sports Direct,84,Providence
Women's Street Footwear,2,Northeast,75,165,2021,1,17,Sports Direct,48,Providence
Women's Athletic Footwear,2,Northeast,33,83,2021,1,17,Sports Direct,26,Providence
Men's Apparel,3,Northeast,47,183,2021,1,17,Sports Direct,59,Providence
Women's Apparel,2,Northeast,83,216,2021,1,17,Sports Direct,73,Providence
Men's Street Footwear,2,Northeast,155,403,2021,2,15,Sports Direct,149,Providence
Men's Athletic Footwear,3,Northeast,53,164,2021,2,15,Sports Direct,58,Providence
Women's Street Footwear,2,Northeast,70,168,2021,2,15,Sports Direct,49,Providence
Women's Athletic Footwear,2,Northeast,75,203,2021,2,15,Sports Direct,65,Boston
Men's Apparel,3,Northeast,53,191,2021,2,15,Sports Direct,52,Boston
Women's Apparel,3,Northeast,80,240,2021,2,15,Sports Direct,77,Boston
Men's Street Footwear,2,Northeast,155,434,2021,3,13,Sports Direct,148,Boston
Men's Athletic Footwear,3,Northeast,61,189,2021,3,13,Sports Direct,64,Boston
Women's Street Footwear,2,Northeast,60,138,2021,3,13,Sports Direct,44,Boston
Women's Athletic Footwear,2,Northeast,93,233,2021,3,13,Sports Direct,65,Boston
Men's Apparel,3,Northeast,31,112,2021,3,13,Sports Direct,33,Boston
Women's Apparel,3,Northeast,68,211,2021,3,13,Sports Direct,78,Boston
Men's Street Footwear,2,Northeast,149,417,2021,4,14,Sports Direct,138,Boston
Men's Athletic Footwear,2,Northeast,51,143,2021,4,14,Sports Direct,51,Boston
Women's Street Footwear,2,Northeast,51,112,2021,4,14,Sports Direct,35,Boston
Women's Athletic Footwear,2,Northeast,39,90,2021,4,14,Sports Direct,25,Boston
Men's Apparel,3,Northeast,44,145,2021,4,14,Sports Direct,39,Boston
Women's Apparel,3,Northeast,94,282,2021,4,14,Sports Direct,102,Boston
Men's Street Footwear,4,Northeast,173,709,2021,5,13,Sports Direct,255,Boston
Men's Athletic Footwear,3,Northeast,68,231,2021,5,13,Sports Direct,83,Boston
Women's Street Footwear,3,Northeast,68,204,2021,5,13,Sports Direct,63,Boston
Women's Athletic Footwear,3,Northeast,54,173,2021,5,13,Sports Direct,52,Boston
Men's Apparel,3,Northeast,60,234,2021,5,13,Sports Direct,66,Boston
Women's Apparel,4,Northeast,104,447,2021,5,13,Sports Direct,152,Boston
Men's Street Footwear,3,Northeast,196,764,2021,6,15,Sports Direct,268,Boston
Men's Athletic Footwear,3,Northeast,114,410,2021,6,15,Sports Direct,131,Boston
Women's Street Footwear,3,Northeast,75,270,2021,6,15,Sports Direct,84,Boston
Women's Athletic Footwear,3,Northeast,72,245,2021,6,15,Sports Direct,69,Boston
Men's Apparel,3,Northeast,74,289,2021,6,15,Sports Direct,92,Boston
Women's Apparel,4,Northeast,120,564,2021,6,15,Sports Direct,197,Boston
Men's Street Footwear,3,Northeast,180,666,2021,7,13,Sports Direct,220,Boston
Men's Athletic Footwear,3,Northeast,105,378,2021,7,13,Sports Direct,140,Boston
Women's Street Footwear,3,Northeast,88,282,2021,7,13,Sports Direct,84,Boston
Women's Athletic Footwear,3,Northeast,77,262,2021,7,13,Sports Direct,84,Boston
Men's Apparel,4,Northeast,80,328,2021,7,13,Sports Direct,102,Boston
Women's Apparel,4,Northeast,132,541,2021,7,13,Sports Direct,173,Boston
Men's Street Footwear,4,Northeast,196,784,2021,8,14,Sports Direct,259,Boston
Men's Athletic Footwear,3,Northeast,112,370,2021,8,14,Sports Direct,118,Boston
Women's Street Footwear,2,Northeast,85,247,2021,8,14,Sports Direct,76,Boston
Women's Athletic Footwear,3,Northeast,58,180,2021,8,14,Sports Direct,50,Boston
Men's Apparel,4,Northeast,51,204,2021,8,14,Sports Direct,55,Boston
Women's Apparel,4,Northeast,98,451,2021,8,14,Sports Direct,158,Boston
Men's Street Footwear,3,Northeast,153,551,2021,9,13,Sports Direct,187,Boston
Men's Athletic Footwear,3,Northeast,88,308,2021,9,13,Sports Direct,114,Boston
Women's Street Footwear,3,Northeast,47,141,2021,9,13,Sports Direct,42,Boston
Women's Athletic Footwear,3,Northeast,39,133,2021,9,13,Sports Direct,36,Boston
Men's Apparel,3,Northeast,41,160,2021,9,13,Sports Direct,50,Boston
Women's Apparel,4,Northeast,77,316,2021,9,13,Sports Direct,104,Boston
Men's Street Footwear,4,Northeast,132,528,2021,10,15,Sports Direct,174,Boston
Men's Athletic Footwear,3,Northeast,68,252,2021,10,15,Sports Direct,88,Boston
Women's Street Footwear,4,Northeast,38,156,2021,10,15,Sports Direct,47,Boston
Women's Athletic Footwear,3,Northeast,32,122,2021,10,15,Sports Direct,33,Boston
Men's Apparel,5,Northeast,34,173,2021,10,15,Sports Direct,49,Boston
Women's Apparel,5,Northeast,68,347,2021,10,15,Amazon,121,Boston
Men's Street Footwear,4,Northeast,120,588,2021,11,14,Amazon,206,Boston
Men's Athletic Footwear,4,Northeast,102,408,2021,11,14,Amazon,143,Boston
Women's Street Footwear,4,Northeast,91,400,2021,11,14,Amazon,120,Boston
Women's Athletic Footwear,4,Northeast,83,349,2021,11,14,Amazon,101,Boston
Men's Apparel,5,Northeast,78,390,2021,11,14,Amazon,125,Boston
Women's Apparel,4,Northeast,123,590,2021,11,14,Amazon,207,Boston
Men's Street Footwear,5,Northeast,178,908,2021,12,13,Amazon,318,Boston
Men's Athletic Footwear,3,Northeast,113,418,2021,12,13,Amazon,134,Boston
Women's Street Footwear,3,Northeast,112,403,2021,12,13,Amazon,109,Boston
Women's Athletic Footwear,4,Northeast,105,452,2021,12,13,Amazon,126,Boston
Men's Apparel,5,Northeast,90,468,2021,12,13,Amazon,136,Boston
Women's Apparel,5,Northeast,128,653,2021,12,13,Amazon,215,Boston
Men's Street Footwear,3,Northeast,179,627,2021,1,14,Amazon,326,Boston
Men's Athletic Footwear,3,Northeast,107,385,2021,1,14,Amazon,189,Boston
Women's Street Footwear,2,Northeast,101,273,2021,1,14,Amazon,109,Boston
Women's Athletic Footwear,2,Northeast,53,154,2021,1,14,Amazon,60,Boston
Men's Apparel,3,Northeast,70,259,2021,1,14,Amazon,106,Boston
Women's Apparel,3,Northeast,104,354,2021,1,14,Amazon,152,Boston
Men's Street Footwear,3,Northeast,184,607,2021,2,12,Amazon,285,Boston
Men's Athletic Footwear,3,Northeast,72,238,2021,2,12,Amazon,112,Boston
Women's Street Footwear,2,Northeast,85,213,2021,2,12,Amazon,85,Boston
Women's Athletic Footwear,3,Northeast,48,144,2021,2,12,Amazon,55,Burlington
Men's Apparel,3,Northeast,68,245,2021,2,12,Amazon,95,Burlington
Women's Apparel,3,Northeast,107,375,2021,2,12,Amazon,176,Burlington
Men's Street Footwear,3,Northeast,185,648,2021,3,10,Amazon,317,Burlington
Men's Athletic Footwear,3,Northeast,80,288,2021,3,10,Amazon,144,Burlington
Women's Street Footwear,2,Northeast,85,196,2021,3,10,Amazon,74,Burlington
Women's Athletic Footwear,3,Northeast,39,117,2021,3,10,Amazon,47,Burlington
Men's Apparel,3,Northeast,56,202,2021,3,10,Amazon,79,Burlington
Women's Apparel,2,Northeast,96,278,2021,3,10,Amazon,128,Burlington
Men's Street Footwear,3,Northeast,168,504,2021,4,11,Amazon,262,Burlington
Men's Athletic Footwear,3,Northeast,68,238,2021,4,11,Amazon,112,Burlington
Women's Street Footwear,2,Northeast,74,185,2021,4,11,Amazon,78,Burlington
Women's Athletic Footwear,3,Northeast,50,150,2021,4,11,Amazon,60,Burlington
Men's Apparel,4,Northeast,53,217,2021,4,11,Amazon,91,Burlington
Women's Apparel,3,Northeast,90,324,2021,4,11,Amazon,143,Burlington
Men's Street Footwear,4,Northeast,177,850,2021,5,10,Amazon,433,Burlington
Men's Athletic Footwear,4,Northeast,94,385,2021,5,10,Amazon,197,Burlington
Women's Street Footwear,3,Northeast,96,355,2021,5,10,Amazon,131,Burlington
Women's Athletic Footwear,4,Northeast,83,332,2021,5,10,Amazon,133,Burlington
Men's Apparel,4,Northeast,91,419,2021,5,10,Amazon,172,Burlington
Women's Apparel,4,Northeast,120,564,2021,5,10,Amazon,259,Burlington
Men's Street Footwear,4,Northeast,195,917,2021,6,12,Amazon,449,Burlington
Men's Athletic Footwear,4,Northeast,120,528,2021,6,12,Amazon,264,Burlington
Women's Street Footwear,3,Northeast,104,364,2021,6,12,Amazon,142,Burlington
Women's Athletic Footwear,3,Northeast,102,388,2021,6,12,Amazon,155,Burlington
Men's Apparel,4,Northeast,105,462,2021,6,12,Amazon,189,Burlington
Women's Apparel,4,Northeast,158,774,2021,6,12,Amazon,348,Burlington
Men's Street Footwear,4,Northeast,209,941,2021,7,10,Amazon,489,Burlington
Men's Athletic Footwear,4,Northeast,145,609,2021,7,10,Amazon,305,Burlington
Women's Street Footwear,3,Northeast,109,360,2021,7,10,Amazon,133,Burlington
Women's Athletic Footwear,3,Northeast,96,346,2021,7,10,Amazon,145,Burlington
Men's Apparel,3,Northeast,114,445,2021,7,10,Amazon,169,Burlington
Women's Apparel,4,Northeast,175,858,2021,7,10,Amazon,403,Burlington
Men's Street Footwear,4,Northeast,215,903,2021,8,11,Amazon,461,Burlington
Men's Athletic Footwear,4,Northeast,149,641,2021,8,11,Amazon,333,Burlington
Women's Street Footwear,3,Northeast,116,394,2021,8,11,Amazon,154,Burlington
Women's Athletic Footwear,4,Northeast,85,340,2021,8,11,Amazon,143,Burlington
Men's Apparel,4,Northeast,72,310,2021,8,11,Amazon,121,Burlington
Women's Apparel,4,Northeast,136,598,2021,8,11,Amazon,257,Burlington
Men's Street Footwear,4,Northeast,179,788,2021,9,10,Amazon,386,Burlington
Men's Athletic Footwear,4,Northeast,111,466,2021,9,10,Amazon,238,Burlington
Women's Street Footwear,4,Northeast,72,288,2021,9,10,Amazon,121,Burlington
Women's Athletic Footwear,3,Northeast,66,231,2021,9,10,Amazon,92,Burlington
Men's Apparel,4,Northeast,68,326,2021,9,10,Amazon,121,Burlington
Women's Apparel,4,Northeast,93,419,2021,9,10,Amazon,193,Burlington
Men's Street Footwear,4,Northeast,157,691,2021,10,12,Amazon,325,Burlington
Men's Athletic Footwear,4,Northeast,99,436,2021,10,12,Amazon,213,Burlington
Women's Street Footwear,4,Northeast,66,264,2021,10,12,Amazon,98,Burlington
Women's Athletic Footwear,4,Northeast,61,281,2021,10,12,Amazon,104,Burlington
Men's Apparel,5,Northeast,58,319,2021,10,12,Amazon,118,Burlington
Women's Apparel,5,Northeast,90,486,2021,10,12,West Gear,224,Burlington
Men's Street Footwear,5,Northeast,140,756,2021,11,11,West Gear,378,Burlington
Men's Athletic Footwear,4,Northeast,98,461,2021,11,11,West Gear,226,Burlington
Women's Street Footwear,4,Northeast,102,469,2021,11,11,West Gear,174,Burlington
Women's Athletic Footwear,4,Northeast,96,403,2021,11,11,Amazon,157,Burlington
Men's Apparel,5,Northeast,91,455,2021,11,11,Amazon,177,Burlington
Women's Apparel,5,Northeast,128,730,2021,11,11,Amazon,343,Burlington
Men's Street Footwear,4,Northeast,186,893,2021,12,10,Amazon,429,Burlington
Men's Athletic Footwear,4,Northeast,132,541,2021,12,10,Amazon,276,Burlington
Women's Street Footwear,4,Northeast,131,576,2021,12,10,Amazon,231,Burlington
Women's Athletic Footwear,4,Northeast,101,444,2021,12,10,Amazon,187,Burlington
Men's Apparel,4,Northeast,104,499,2021,12,10,Amazon,210,Burlington
Women's Apparel,6,Northeast,145,870,2021,12,10,Amazon,409,Burlington
Men's Street Footwear,3,Northeast,173,588,2021,1,21,Amazon,253,Burlington
Men's Athletic Footwear,3,Northeast,111,433,2021,1,21,Amazon,186,Burlington
Women's Street Footwear,2,Northeast,101,283,2021,1,21,Amazon,102,Burlington
Women's Athletic Footwear,3,Northeast,60,216,2021,1,21,Amazon,69,Burlington
Men's Apparel,4,Northeast,74,318,2021,1,21,Amazon,105,Burlington
Women's Apparel,3,Northeast,101,354,2021,1,21,Amazon,141,Burlington
Men's Street Footwear,3,Northeast,186,632,2021,2,19,Amazon,278,Burlington
Men's Athletic Footwear,3,Northeast,85,315,2021,2,19,Amazon,135,Burlington
Women's Street Footwear,3,Northeast,96,298,2021,2,19,Amazon,101,Burlington
Women's Athletic Footwear,3,Northeast,68,211,2021,2,19,Amazon,72,Manchester
Men's Apparel,4,Northeast,96,394,2021,2,19,Amazon,130,Manchester
Women's Apparel,3,Northeast,124,446,2021,2,19,Amazon,179,Manchester
Men's Street Footwear,3,Northeast,188,733,2021,3,17,Amazon,337,Manchester
Men's Athletic Footwear,3,Northeast,88,317,2021,3,17,Amazon,146,Manchester
Women's Street Footwear,3,Northeast,105,336,2021,3,17,Amazon,114,Manchester
Women's Athletic Footwear,3,Northeast,45,149,2021,3,17,Amazon,55,Manchester
Men's Apparel,4,Northeast,60,282,2021,3,17,Amazon,93,Manchester
Women's Apparel,3,Northeast,99,356,2021,3,17,Amazon,135,Manchester
Men's Street Footwear,3,Northeast,187,617,2021,4,18,Amazon,259,Manchester
Men's Athletic Footwear,3,Northeast,85,323,2021,4,18,Amazon,136,Manchester
Women's Street Footwear,2,Northeast,80,208,2021,4,18,Amazon,71,Manchester
Women's Athletic Footwear,3,Northeast,53,186,2021,4,18,Amazon,59,Manchester
Men's Apparel,4,Northeast,61,244,2021,4,18,Amazon,81,Manchester
Women's Apparel,3,Northeast,101,333,2021,4,18,Amazon,123,Manchester
Men's Street Footwear,4,Northeast,196,921,2021,5,17,Amazon,396,Manchester
Men's Athletic Footwear,4,Northeast,93,372,2021,5,17,Amazon,160,Manchester
Women's Street Footwear,4,Northeast,101,424,2021,5,17,Amazon,144,Manchester
Women's Athletic Footwear,4,Northeast,91,373,2021,5,17,Amazon,127,Manchester
Men's Apparel,5,Northeast,90,468,2021,5,17,Amazon,150,Manchester
Women's Apparel,4,Northeast,140,644,2021,5,17,Amazon,251,Manchester
Men's Street Footwear,4,Northeast,216,950,2021,6,19,Amazon,437,Manchester
Men's Athletic Footwear,4,Northeast,140,560,2021,6,19,Amazon,263,Manchester
Women's Street Footwear,4,Northeast,109,469,2021,6,19,Amazon,169,Manchester
Women's Athletic Footwear,3,Northeast,104,385,2021,6,19,Amazon,131,Manchester
Men's Apparel,4,Northeast,114,536,2021,6,19,Amazon,198,Manchester
Women's Apparel,5,Northeast,162,810,2021,6,19,Amazon,340,Manchester
Men's Street Footwear,4,Northeast,224,1098,2021,7,17,Amazon,461,Manchester
Men's Athletic Footwear,4,Northeast,149,700,2021,7,17,Amazon,308,Manchester
Women's Street Footwear,3,Northeast,128,474,2021,7,17,Amazon,170,Manchester
Women's Athletic Footwear,3,Northeast,107,417,2021,7,17,Amazon,146,Manchester
Men's Apparel,4,Northeast,119,559,2021,7,17,Amazon,207,Manchester
Women's Apparel,4,Northeast,163,766,2021,7,17,Amazon,306,Manchester
Men's Street Footwear,4,Northeast,203,974,2021,8,18,Amazon,448,Manchester
Men's Athletic Footwear,3,Northeast,135,527,2021,8,18,Amazon,247,Manchester
Women's Street Footwear,3,Northeast,113,441,2021,8,18,Amazon,154,Manchester
Women's Athletic Footwear,4,Northeast,88,370,2021,8,18,Amazon,118,Manchester
Men's Apparel,4,Northeast,80,360,2021,8,18,Amazon,119,Manchester
Women's Apparel,4,Northeast,145,667,2021,8,18,Amazon,247,Manchester
Men's Street Footwear,5,Northeast,193,984,2021,9,17,Amazon,433,Manchester
Men's Athletic Footwear,4,Northeast,116,499,2021,9,17,Amazon,209,Manchester
Women's Street Footwear,4,Northeast,78,335,2021,9,17,Amazon,111,Manchester
Women's Athletic Footwear,4,Northeast,74,303,2021,9,17,Amazon,112,Manchester
Men's Apparel,4,Northeast,70,336,2021,9,17,Amazon,121,Manchester
Women's Apparel,5,Northeast,104,551,2021,9,17,Amazon,204,Manchester
Men's Street Footwear,5,Northeast,162,842,2021,10,19,Foot Locker,354,Manchester
Men's Athletic Footwear,4,Northeast,99,436,2021,10,19,Foot Locker,192,Manchester
Women's Street Footwear,5,Northeast,60,312,2021,10,19,Foot Locker,103,Manchester
Women's Athletic Footwear,4,Northeast,61,268,2021,10,19,Foot Locker,86,Manchester
Men's Apparel,5,Northeast,58,290,2021,10,19,Foot Locker,93,Manchester
Women's Apparel,6,Northeast,90,576,2021,10,19,Foot Locker,225,Manchester
Men's Street Footwear,5,Northeast,149,879,2021,11,18,Foot Locker,378,Manchester
Men's Athletic Footwear,4,Northeast,114,479,2021,11,18,Foot Locker,206,Manchester
Women's Street Footwear,5,Northeast,114,581,2021,11,18,Foot Locker,203,Manchester
Women's Athletic Footwear,4,Northeast,114,490,2021,11,18,Foot Locker,167,Manchester
Men's Apparel,5,Northeast,96,566,2021,11,18,Foot Locker,193,Manchester
Women's Apparel,6,Northeast,120,732,2021,11,18,Foot Locker,300,Manchester
Men's Street Footwear,4,Northeast,200,980,2021,12,17,Foot Locker,461,Manchester
Men's Athletic Footwear,4,Northeast,128,627,2021,12,17,Foot Locker,263,Manchester
Women's Street Footwear,4,Northeast,128,602,2021,12,17,Foot Locker,217,Manchester
Women's Athletic Footwear,4,Northeast,116,568,2021,12,17,Foot Locker,199,Manchester
Men's Apparel,5,Northeast,123,615,2021,12,17,Foot Locker,228,Manchester
Women's Apparel,6,Northeast,144,878,2021,12,17,Foot Locker,351,Manchester
Men's Street Footwear,3,Northeast,165,594,2021,1,24,Foot Locker,220,Manchester
Men's Athletic Footwear,3,Northeast,93,335,2021,1,24,Foot Locker,134,Manchester
Women's Street Footwear,3,Northeast,99,347,2021,1,24,Foot Locker,94,Manchester
Women's Athletic Footwear,3,Northeast,51,168,2021,1,24,Foot Locker,47,Manchester
Men's Apparel,5,Northeast,64,320,2021,1,24,Foot Locker,90,Manchester
Women's Apparel,4,Northeast,105,431,2021,1,24,Foot Locker,138,Manchester
Men's Street Footwear,4,Northeast,184,754,2021,2,22,Foot Locker,279,Manchester
Men's Athletic Footwear,4,Northeast,70,294,2021,2,22,Foot Locker,123,Manchester
Women's Street Footwear,2,Northeast,83,241,2021,2,22,Foot Locker,65,Manchester
